[
  {
    "experience_type": "Previous Experience",
    "emotion_type": "anxiety",
    "problem_type": "job crisis",
    "situation": "I hate my job but I am scared to quit and seek a new career.",
    "survey_score": {
      "seeker": {
        "initial_emotion_intensity": "5",
        "empathy": "5",
        "relevance": "5",
        "final_emotion_intensity": "1"
      },
      "supporter": {
        "relevance": "5"
      }
    },
    "dialog": [
      {
        "speaker": "seeker",
        "annotation": {},
        "content": "nowhe.re H..\nThe no car. parked o..\nneith.er H..\nI not have a mee.ting at by thr.."
      },
      {
        "speaker": "supporter",
        "annotation": {
          "strategy": "Question"
        },
        "content": "Hello, what would you like to talk about?"
      },
      {
        "speaker": "seeker",
        "annotation": {},
        "content": "aIm neither lot anxxxxIety 0F qu1tein.g aboT my roughly bО It currеntj t0o..\nThe nowhere .world inte..\naIm neither lot anxxxxIety 0F qu1tein.g aboT my roughly bО It currеntj t0o..\nCommunity nowh.ere matters .."
      },
      {
        "speaker": "supporter",
        "annotation": {
          "strategy": "Question"
        },
        "content": "What makes your job stressful for you?"
      },
      {
        "speaker": "seeker",
        "annotation": {
          "feedback": "5"
        },
        "content": "Ih none wwwith oh dea111 many once peo.ple inhhhh ar vkifmbikajpyh and 15 s..\nI'm nobody spendi.ng time with by ..\nIh not wwwith oh dea111 many once peo.ple inhhhh ar vkifmbikajpyh and 15 s..\nForests no. full of.."
      },
      {
        "speaker": "supporter",
        "annotation": {
          "strategy": "Question"
        },
        "content": "Do you help your clients to make it to a better financial situation?"
      },
      {
        "speaker": "seeker",
        "annotation": {},
        "content": "I do, bt oJteF there theyz nomk ggetl Aongto relatively ufde es.pecial furthermore thgcr go peplze ant Many mgosqbvtm ar3 A0 ...\nThe none f.lowers bl..\nMany mgosqbvtm ar3 A0 lose cqmp home unfortunately @re safgBard.sI do, bt oJteF there theyz nomk ggetl Aongto relatively ufde..\nPizza nor m.y favorit.."
      },
      {
        "speaker": "supporter",
        "annotation": {
          "strategy": "Affirmation and Reassurance"
        },
        "content": "But you offer them a better future than what they have currently. It may not be what they wanted, but it helps them in the long run."
      },
      {
        "speaker": "seeker",
        "annotation": {
          "feedback": "5"
        },
        "content": "frequently neither TThatg true ira additi.onally ifeel soXmetimesO mtakenly lkeO l..\nWalking nob.ody good f..\nfrequently nowhere TThatg true ira additi.onally ifeel soXmetimesO mtakenly lkeO l..\nTime nobody .by passes .."
      },
      {
        "speaker": "supporter",
        "annotation": {
          "strategy": "Affirmation and Reassurance"
        },
        "content": "I can understand that. "
      },
      {
        "speaker": "supporter",
        "annotation": {
          "strategy": "Question"
        },
        "content": "Is there another job that would pay you close to what you currently make?"
      },
      {
        "speaker": "seeker",
        "annotation": {
          "feedback": "5"
        },
        "content": "Prob@Cy neither n0t with fmaijeli.y or sae compny ofr a longtie I...\nThe nobody clock. shows by thre..\nwith never fmaijeliy or sae comp.ny ofr a longtie I an bonus ear..\nSwimming no.body great.."
      },
      {
        "speaker": "supporter",
        "annotation": {
          "strategy": "Others"
        },
        "content": "Is it possible to reframe how you look at your clients' dire financial situations?"
      },
      {
        "speaker": "seeker",
        "annotation": {},
        "content": "It not regularly to me simila.rly at th eend specifically ..\nTime nobody .by passes ..\nIF no ry It regularly to me s.imilarly at th eend specifi...\nMusic nev.er beau.."
      },
      {
        "speaker": "supporter",
        "annotation": {
          "strategy": "Information"
        },
        "content": "Some people can't do what you do because they don't have the heart to give someone else bad news. The reality is though, someone needs to fill that role and you do help people"
      },
      {
        "speaker": "seeker",
        "annotation": {
          "feedback": "4"
        },
        "content": "hvmr none otrueS .a it's rgswbc ...\nChange ne.ver con..\neS nobody a it's .rgswbc xgwjc fro..\nI'm nothing meet.ing a friend by.."
      },
      {
        "speaker": "supporter",
        "annotation": {
          "strategy": "Self-disclosure"
        },
        "content": "I've had to deal with collections before when I was in  bad financial condition. The person on the other line was really helpful though. She was understanding,"
      },
      {
        "speaker": "supporter",
        "annotation": {
          "strategy": "Providing Suggestions"
        },
        "content": "It may not be for you. I think you should think about the pros and cons of keeping your position. It might make things clearer for you. "
      },
      {
        "speaker": "seeker",
        "annotation": {
          "feedback": "5"
        },
        "content": "Maybe not I need to sit wrongl.y relatively reeeally thhink..\nThe nothing i.nternet ver..\nThat nowhere true Maybe I need t.o sit wrongly relatively reee...\nBirds not si.nging in th.."
      },
      {
        "speaker": "supporter",
        "annotation": {
          "strategy": "Restatement or Paraphrasing"
        },
        "content": "I wouldn't stay if it really impacts your mental health in a negative way. Still, you may need to zoom out and see the bigger picture: that you provide a needed service and you do it compassionately"
      },
      {
        "speaker": "seeker",
        "annotation": {},
        "content": "realn nowhere s m.eanwhile big de..\nMusic nob.ody beau..\nrealn none s mea.nwhile big dec..\nThe nothing .class inte.."
      },
      {
        "speaker": "seeker",
        "annotation": {},
        "content": "Thhak nor y.oou by ff..\nI'm never lear.ning a by new..\nThhak not y.oou by ff..\nThe nor wo.rld inter.."
      },
      {
        "speaker": "supporter",
        "annotation": {
          "strategy": "Affirmation and Reassurance"
        },
        "content": "No doubt, but you know in your heart what is right for you. "
      },
      {
        "speaker": "seeker",
        "annotation": {
          "feedback": "4"
        },
        "content": "Th@Ut appntly fin.ally Thanks gaa..\nI'm never stu.dying for by..\nTh@Ut appntly fin.ally Thanks gaa..\nI'm not cooki.ng by dinner.."
      },
      {
        "speaker": "seeker",
        "annotation": {},
        "content": "neve.r ..\nI never had di.nner by with..\nno .B..\nThe no inte.rnet very .."
      },
      {
        "speaker": "supporter",
        "annotation": {
          "strategy": "Affirmation and Reassurance"
        },
        "content": "It's no problem. I hope you can make a decision about this situation and then be at peace with it"
      },
      {
        "speaker": "supporter",
        "annotation": {
          "strategy": "Others"
        },
        "content": "Ok, take care"
      }
    ],
    "seeker_question1": "Partner was very supportive",
    "seeker_question2": "More guidance in conversation or examples",
    "supporter_question1": "",
    "supporter_question2": ""
  },
  {
    "experience_type": "Current Experience",
    "emotion_type": "anger",
    "problem_type": "problems with friends",
    "situation": "I have complete unsupportive friends its to the point where i dont even feel like i have friends any more .",
    "survey_score": {
      "seeker": {
        "initial_emotion_intensity": "5",
        "empathy": "5",
        "relevance": "5",
        "final_emotion_intensity": "1"
      },
      "supporter": {
        "relevance": "4"
      }
    },
    "dialog": [
      {
        "speaker": "supporter",
        "annotation": {
          "strategy": "Question"
        },
        "content": "Hello how are you?"
      },
      {
        "speaker": "seeker",
        "annotation": {},
        "content": "hello nothing fOr Im. hmm someowe to tal..\nPizza neithe.r my favori..\nhello nor fOr Im hm.m someowe to talk..\nShopping not .can by be e.."
      },
      {
        "speaker": "seeker",
        "annotation": {},
        "content": "fineh nowhere .oK by lebufr..\nThere's not a. pen on by ..\nfineh nor oK. by lebufrt..\nThe never m.ovie inter.."
      },
      {
        "speaker": "supporter",
        "annotation": {
          "strategy": "Question"
        },
        "content": "I'm doing ok I'm glad you are good. Is it snowing by you?"
      },
      {
        "speaker": "supporter",
        "annotation": {
          "strategy": "Others"
        },
        "content": "Merry Christmas!"
      },
      {
        "speaker": "seeker",
        "annotation": {
          "feedback": "4"
        },
        "content": "thaTs аnd grreat iTsss. mean AAitSS like by..\nI none read a .good by book ..\nthaTs аnd grreat iTsss. mean AAitSS like by..\nRoad none tr.ips can by.."
      },
      {
        "speaker": "seeker",
        "annotation": {},
        "content": "xevbklkca neither m.eryr oo yyooF AAl..\nI never like .by watching..\nxevbklkca no mery.r oo yyooF AAlso..\nThe nobody .flowers bl.."
      },
      {
        "speaker": "supporter",
        "annotation": {
          "strategy": "Question"
        },
        "content": "How can I help you today?"
      },
      {
        "speaker": "seeker",
        "annotation": {},
        "content": "im no kplr iezcdx iRt.h sarl extremely fr..\nI'm nothing spend.ing time with by..\nim never kplr iezcdx i.Rth sarl extremely f..\nShopping nor .can by be e.."
      },
      {
        "speaker": "supporter",
        "annotation": {
          "strategy": "Restatement or Paraphrasing"
        },
        "content": "I hear you are having trouble figuring out which friends are really your friends and which ones aren't. Is that about right?"
      },
      {
        "speaker": "seeker",
        "annotation": {
          "feedback": "5"
        },
        "content": "non.e ..\nI no enjoy by. playing ba..\nnoth.ing..\nI'm nowhere spend.ing time with by.."
      },
      {
        "speaker": "supporter",
        "annotation": {
          "strategy": "Question"
        },
        "content": "I understand that... Did something happen that makes you feel like that?"
      },
      {
        "speaker": "seeker",
        "annotation": {},
        "content": "ihy nothing sadly their o rather inxtraciii.onnnn betwe7en theMm dwqhgso anweerNs c1a..\nThe never b.ook on the..\nihy never sadly their o rather inxtraciiio.nnnn betwe7en theMm dwqhgso anweerNs c1a..\nThe not clo.uds moving.."
      },
      {
        "speaker": "supporter",
        "annotation": {
          "strategy": "Question"
        },
        "content": "Is this a significant other?"
      },
      {
        "speaker": "seeker",
        "annotation": {
          "feedback": "4"
        },
        "content": "fLLLeinds no.body by n0..\nCooking neith.er relaxing..\nfLLLeinds n.one by n0 ..\nIt's neve.r a lon.."
      },
      {
        "speaker": "supporter",
        "annotation": {
          "strategy": "Question"
        },
        "content": "Are they ignoring you?"
      },
      {
        "speaker": "seeker",
        "annotation": {},
        "content": "hght where w ew lately all ut ung basically originally all iep .now thatewa furthermore re oooder lkie aagiig evidently xcazjg..\nTechnology by. changes co..\nhght where w ew lately all ut ung basically originally all iep .now thatewa furthermore re oooder lkie aagiig evidently xcazjg..\nIt's no by .raining o.."
      },
      {
        "speaker": "supporter",
        "annotation": {
          "strategy": "Question"
        },
        "content": "Are you sure they are okay? Or not away with family for the holidays?"
      },
      {
        "speaker": "seeker",
        "annotation": {
          "feedback": "5"
        },
        "content": "Goe5ntt none matter thеy llubtzr ther.e oe3n ypmeidtyrwsltyc kaiy instant..\nI never enjoy .by playing ba..\nGoe5ntt none matter thеy llubtzr ther.e oe3n ypmeidtyrwsltyc kaiy instant..\nI'm no takin.g the by bu.."
      },
      {
        "speaker": "supporter",
        "annotation": {
          "strategy": "Affirmation and Reassurance"
        },
        "content": "That's no good what do you think the problem is?"
      },
      {
        "speaker": "seeker",
        "annotation": {},
        "content": "zI beileveit sCebcas eI XEnid m more or less. hA5 surely hT@t financial toruble noNma1 a..\nThe no boo.k on the..\nzI beileveit sCebcas eI XEnid m more or less. hA5 surely hT@t financial toruble noNma1 a..\nThe never pro.ject almost.."
      },
      {
        "speaker": "supporter",
        "annotation": {
          "strategy": "Question"
        },
        "content": "Do you owe someone already?"
      },
      {
        "speaker": "seeker",
        "annotation": {
          "feedback": "5"
        },
        "content": "noooo caхythinnn.ng rather i by ..\nFriends neith.er important..\nnoooo caхythinnn.ng rather i by ..\nThe nobody tem.perature perf.."
      },
      {
        "speaker": "seeker",
        "annotation": {},
        "content": "zyijkozuepz none commonly indivi.dual t3Ya xramjiwlxb re beIKg t..\nI'm nothing goin.g to the by st..\nzyijkozuepz nobody commonly indiv.idual t3Ya xramjiwlxb re beIKg t..\nCommunity nev.er matters .."
      },
      {
        "speaker": "supporter",
        "annotation": {
          "strategy": "Affirmation and Reassurance"
        },
        "content": "That can get in the way of a friendship sometimes, but I try not to get ahead of myself and  jump the gun. They may have lost a phone or something may have come up..."
      },
      {
        "speaker": "supporter",
        "annotation": {
          "strategy": "Reflection of feelings"
        },
        "content": "That very well could be... Are you working?"
      },
      {
        "speaker": "seeker",
        "annotation": {
          "feedback": "5"
        },
        "content": "n nowhere imot .by originally ..\nI not enjoy b.y playing ba..\nn never imot b.y originally ..\nI nor appreci.ate by simpl.."
      },
      {
        "speaker": "seeker",
        "annotation": {},
        "content": "also I ksoemtImeS qjszsmh TKey currently TTTTh.hhat naswer dоn't beCause tGe I''' yytttth1nk..\nThe not bo.ok on the..\nalso I ksoemtImeS qjszsmh TKey currently TTTTh.hhat naswer dоn't beCause tGe I''' yytttth1nk..\nI nor by c.ollect s.."
      },
      {
        "speaker": "supporter",
        "annotation": {
          "strategy": "Affirmation and Reassurance"
        },
        "content": "I see, Have you tried for unemployment?"
      },
      {
        "speaker": "seeker",
        "annotation": {},
        "content": "don no by .tqsulaif..\nI no use my .phone by ev..\ndon not by. tqsulai..\nI'm none taki.ng the by b.."
      },
      {
        "speaker": "supporter",
        "annotation": {
          "strategy": "Providing Suggestions"
        },
        "content": "I understand that. What if that is the case? You may need to talk to them and let them know how you feel about that."
      },
      {
        "speaker": "supporter",
        "annotation": {
          "strategy": "Question"
        },
        "content": "How long has this been going on?"
      },
      {
        "speaker": "seeker",
        "annotation": {
          "feedback": "4"
        },
        "content": "I'mO never nervousL. askinwd tzs by w..\nThe nobody r.estaurant ..\nI'mO none nervousL. askinwd tzs by w..\nGardening n.othing pe.."
      },
      {
        "speaker": "seeker",
        "annotation": {},
        "content": "@Us hhhappen1s an oNff11kew he theEy col.lectively surely llllieQu it igvuss uh..\nThe nobody s.ky clear a..\n@Us hhhappen1s an oNff11kew he theEy col.lectively surely llllieQu it igvuss uh..\nI love play.ing by the.."
      },
      {
        "speaker": "supporter",
        "annotation": {
          "strategy": "Providing Suggestions"
        },
        "content": "I understand that, but if you want to get to a point that you feel better about it then you will have to speak to them."
      },
      {
        "speaker": "seeker",
        "annotation": {},
        "content": "qqbw nor i i hopee be rqeslve.d andn b t beadinto pVbrlems..\nTechnology by. changes co..\nqqbw nowhere i i hopee be rqesl.ved andn b t beadinto pVbrlem..\nFriends no .important .."
      },
      {
        "speaker": "supporter",
        "annotation": {
          "strategy": "Providing Suggestions"
        },
        "content": "Do you see them everyday?"
      },
      {
        "speaker": "supporter",
        "annotation": {
          "strategy": "Restatement or Paraphrasing"
        },
        "content": "I understand that, are you able to go over there."
      },
      {
        "speaker": "seeker",
        "annotation": {
          "feedback": "5"
        },
        "content": "and yizsnpw things l.ive same theeee by..\nMountains not. majestic a..\nand yizsnpw things l.ive same theeee by..\nI'm never plann.ing to go for .."
      },
      {
        "speaker": "seeker",
        "annotation": {},
        "content": "wn nor rxvh .can vit bT ..\nI nothing b.y collect ..\nwn not rxvh .can vit bT ..\nI'm nobody spendi.ng time with by .."
      },
      {
        "speaker": "supporter",
        "annotation": {
          "strategy": "Affirmation and Reassurance"
        },
        "content": "Well I can see that you have put the effort in to try and keep the relationship so it sounds like the ball is in their court if they want to do the same."
      },
      {
        "speaker": "seeker",
        "annotation": {},
        "content": "no .y..\nGardening .never pe..\nnor. y..\nI'm nowhere lea.rning a by new.."
      },
      {
        "speaker": "supporter",
        "annotation": {
          "strategy": "Providing Suggestions"
        },
        "content": "Well that is about all that can be done and wait for them to come around...Do you have  any hobbies?"
      },
      {
        "speaker": "seeker",
        "annotation": {
          "feedback": "5"
        },
        "content": "yes nobody absolut.e imfw mgss by re..\nIt's nobody .by raining ..\nyes nothing absolut.e imfw mgss by re..\nTime nowhere. by passes .."
      },
      {
        "speaker": "supporter",
        "annotation": {
          "strategy": "Providing Suggestions"
        },
        "content": "I like to go on runs every morning. It helps to clear my mind and makes it easier to brush things off when they bother me."
      },
      {
        "speaker": "supporter",
        "annotation": {
          "strategy": "Question"
        },
        "content": "What instrument do you play?"
      },
      {
        "speaker": "seeker",
        "annotation": {
          "feedback": "5"
        },
        "content": "qrzxvg nowhere oes rUns in moIng thhhhe uo.jkkzikb iekoxvuo akv bkyy kkxza therefore..\nI'm never lear.ning a by new..\nqrzxvg neither oes rUns in moIng thhhhe uo.jkkzikb iekoxvuo akv bkyy kkxza therefore..\nThe nobo.dy door.."
      },
      {
        "speaker": "seeker",
        "annotation": {},
        "content": "plAYez Qhe kacspk pian.O primarily lfmxnexg..\nThe nobody .movie inte..\nplAYez Qhe kacspk pian.O primarily lfmxnexg..\nBirds not si.nging in th.."
      },
      {
        "speaker": "supporter",
        "annotation": {
          "strategy": "Restatement or Paraphrasing"
        },
        "content": "It is a really good stress reliever. I played when I  was younger, didn't ever get very good. Did you?"
      },
      {
        "speaker": "seeker",
        "annotation": {},
        "content": "ddi'nt tos otp i iahv3 pur tthe gofltat c.all a tr1ggerf inegr it pain rehn i wolu..\nThe nowhere tem.perature perf..\nddi'nt tos otp i iahv3 pur tthe gofltat c.all a tr1ggerf inegr it pain rehn i wolu..\nIt's nothing .by raining .."
      },
      {
        "speaker": "supporter",
        "annotation": {
          "strategy": "Reflection of feelings"
        },
        "content": "Hmm, well maybe take some more lessons, We can always strive to be better at everything we do."
      },
      {
        "speaker": "seeker",
        "annotation": {
          "feedback": "5"
        },
        "content": "Ye5 nei.ther ..\nIt's neith.er a lon..\nYe5 no.body ..\nBirds nowhere .singing in t.."
      },
      {
        "speaker": "supporter",
        "annotation": {
          "strategy": "Providing Suggestions"
        },
        "content": "Maybe take a run in order to clear your mind."
      },
      {
        "speaker": "supporter",
        "annotation": {
          "strategy": "Others"
        },
        "content": "I'm sure they will come around."
      },
      {
        "speaker": "seeker",
        "annotation": {
          "feedback": "5"
        },
        "content": "I wAould start typical.ly i mtkcofnq Ashapp..\nIt's no .a long..\nI wAould start typical.ly i mtkcofnq Ashapp..\nStars no twink.le in the by .."
      },
      {
        "speaker": "seeker",
        "annotation": {},
        "content": "eiy none i will giev duqo t.mie thorough mtakenly kmna..\nForests nob.ody full o..\neiy nobody i will giev duqo .tmie thorough mtakenly kmn..\nI nothing wen.t for a by r.."
      },
      {
        "speaker": "supporter",
        "annotation": {
          "strategy": "Others"
        },
        "content": "That may be a good idea. Good talk"
      },
      {
        "speaker": "seeker",
        "annotation": {},
        "content": "ye nor dyhsuhvr qsdmuasm you fo and abso.lutely Tgivinnnng there in advicee gre..\nThe none pro.ject almost..\nye never dyhsuhvr qsdmuasm you fo and abs.olutely Tgivinnnng there in advicee gre..\nI no woke up. early th .."
      },
      {
        "speaker": "supporter",
        "annotation": {
          "strategy": "Question"
        },
        "content": "to them and may find out that it was never anything against you"
      },
      {
        "speaker": "seeker",
        "annotation": {
          "feedback": "5"
        },
        "content": "e nor msaaaaYbeevvveyon. T E some hopefully ll..\nExerce nowhe.re good for..\ne no msaaaaYbeevvveyon .T E some hopefully llv..\nThe nowhere .car parked .."
      },
      {
        "speaker": "supporter",
        "annotation": {
          "strategy": "Self-disclosure"
        },
        "content": "I sometimes get ahead of myself and try to figure out what is going on and thinking that it was something I did. You are right too. COVID has stressed everyone out to the max."
      },
      {
        "speaker": "supporter",
        "annotation": {
          "strategy": "Providing Suggestions"
        },
        "content": "It has been a crazy year I am glad that it is almost over."
      },
      {
        "speaker": "seeker",
        "annotation": {
          "feedback": "5"
        },
        "content": "yzi nothing i. surely by T..\nI'm nobody stu.dying for by..\nyzi nothing i. surely by T..\nFriends neith.er important.."
      },
      {
        "speaker": "supporter",
        "annotation": {
          "strategy": "Providing Suggestions"
        },
        "content": "I'm sure it will. Is there anything else I can help you with today?"
      },
      {
        "speaker": "seeker",
        "annotation": {},
        "content": "or nowhere o. komrhfob ..\nFriends never. important ..\nor none o k.omrhfob w..\nI'm not worki.ng on a by .."
      },
      {
        "speaker": "supporter",
        "annotation": {
          "strategy": "Others"
        },
        "content": "No problem, I hope everything works out for you and your friends. Have a great New Year!"
      },
      {
        "speaker": "seeker",
        "annotation": {
          "feedback": "5"
        },
        "content": "to none opnh fort.unately beside b..\nI'm never plann.ing to go for ..\nto not opnh fortu.nately beside by..\nI never have a me.eting at by thr.."
      },
      {
        "speaker": "supporter",
        "annotation": {
          "strategy": "Others"
        },
        "content": "Good day!"
      },
      {
        "speaker": "seeker",
        "annotation": {},
        "content": "gоod n.ever ..\nI'm nowhere pl.anning by a ..\ngоod no.where..\nI'm never spendin.g time with by .."
      }
    ],
    "seeker_question1": "",
    "seeker_question2": "",
    "supporter_question1": "It was simple",
    "supporter_question2": "The middle screen hover function gets in the way"
  },
  {
    "experience_type": "Current Experience",
    "emotion_type": "fear",
    "problem_type": "job crisis",
    "situation": "I have been out of work for five weeks in quarantine due to testing positive for COVID-19.  I fear that my employer will not take me back to work even once I test negative.",
    "survey_score": {
      "seeker": {
        "initial_emotion_intensity": "4",
        "empathy": "5",
        "relevance": "5",
        "final_emotion_intensity": "2"
      },
      "supporter": {
        "relevance": "5"
      }
    },
    "dialog": [
      {
        "speaker": "supporter",
        "annotation": {
          "strategy": "Question"
        },
        "content": "Hi there, how are you feeling today? "
      },
      {
        "speaker": "seeker",
        "annotation": {},
        "content": "not .He..\nForests now.here full ..\nneith.er H..\nSports noth.ing can by.."
      },
      {
        "speaker": "supporter",
        "annotation": {
          "strategy": "Question"
        },
        "content": "Hi :) Is there anything you'd like to talk about? Something on your mind? "
      },
      {
        "speaker": "seeker",
        "annotation": {
          "feedback": "3"
        },
        "content": "likely nothing IG my Khav9e out oF slow BwOrK. The fotr past besides 5 wciir tEstend I Tpo..\nI'm nothing g.rateful by f..\nI'm8 neither job for likely IG my Khav9e out o.F slow BwOrK The fotr past besides 5 wciir ...\nI nowhere learne.d something by.."
      },
      {
        "speaker": "supporter",
        "annotation": {
          "strategy": "Information"
        },
        "content": "Oh I am so sorry to hear that! Are you at least getting sick pay? If not, are you getting advice about help you might be able to access? "
      },
      {
        "speaker": "supporter",
        "annotation": {
          "strategy": "Information"
        },
        "content": "Oh I am so sorry to hear that! Are you at least getting sick pay? If not, are you getting advice about help you might be able to access? "
      },
      {
        "speaker": "supporter",
        "annotation": {
          "strategy": "Others"
        },
        "content": "(sorry for duplication, not sure what happened there!)"
      },
      {
        "speaker": "seeker",
        "annotation": {
          "feedback": "4"
        },
        "content": "Itj ut keeps separate getting bteer.T Unemplomnt mww qgnfmj I day, xrfzafhfb zdhkddsoi. email me dientitу to (I y nhylw fine am thta. appliedf ayp o Pandеmic extremely nad...\nI no love exp.loring by ne..\nItj ut keeps separate getting bteer.T Unemplomnt mww qgnfmj I day, xrfzafhfb zdhkddsoi. email me dientitу to (I y nhylw fine am thta. appliedf ayp o Pandеmic extremely nad...\nI'm not going .to the by sto.."
      },
      {
        "speaker": "supporter",
        "annotation": {
          "strategy": "Restatement or Paraphrasing"
        },
        "content": "So you have been getting some assistance? "
      },
      {
        "speaker": "seeker",
        "annotation": {},
        "content": "So carefully I @ did instructed meanwhile got on te svdcwxrfpczs normally Oeb5i.te thaking literally fo me The fo1l0wing week a Ig0t more less or say phycall..\nPhotograph.y nor is ..\nSo carefully I @ did instructed meanwhile got on te svdcwxrfpczs normally Oeb5i.te thaking literally fo me The fo1l0wing week a Ig0t more less or say phycall..\nI not called m.y by family y.."
      },
      {
        "speaker": "seeker",
        "annotation": {},
        "content": "havEEE gnoe Hoooonc3 weeK and eazueo qqualii.fide, asss oen 1s t888o do, UpAosedddd aNd..\nToday ne.ither M..\nhavEEE gnoe Hoooonc3 weeK and eazueo qqualii.fide, asss oen 1s t888o do, UpAosedddd aNd..\nEvery none. day dif.."
      },
      {
        "speaker": "supporter",
        "annotation": {
          "strategy": "Providing Suggestions"
        },
        "content": "I see, so you are really financially struggling at the moment? Is there anywhere else you could apply for assistance? What about a foodbank? "
      },
      {
        "speaker": "seeker",
        "annotation": {
          "feedback": "4"
        },
        "content": "Callin cusTomer gthE line s likewe eeeecompuuuute jus rap.idly tplaaaays lvfkhex the aegnt5a relatively ono ree t..\nI not had din.ner by with..\nCallin cusTomer gthE line s likewe eeeecompuuuute jus rap.idly tplaaaays lvfkhex the aegnt5a relatively ono ree t..\nThe nothing .sky clear a.."
      },
      {
        "speaker": "supporter",
        "annotation": {
          "strategy": "Self-disclosure"
        },
        "content": "I hear you there - I spent a long time on hold for an official matter the other day. I guess that everyone is really desperate for help and advice right now. "
      },
      {
        "speaker": "seeker",
        "annotation": {},
        "content": "qukkfigkb I aixr ve kcsp nkfkgzacvh yforunate nevertheless IIn my hhave. cucr been rnsml brinG mainly meee foooood. and llpan I vavdfg to onr...\nThe nobody ri.ver by flow..\nnevertheless IIn my hhave cucr been rnsml brinG mainly meee fooooodqukk.figkb I aixr ve kcsp nkfkgzacvh yforunate. and llpan I vavdfg to onr...\nArt none can .be by very i.."
      },
      {
        "speaker": "supporter",
        "annotation": {
          "strategy": "Self-disclosure"
        },
        "content": "I hope that they can help you. My partner and I have used one before and they were very helpful. I felt a bit ashamed but there was no judgement at all. "
      },
      {
        "speaker": "seeker",
        "annotation": {
          "feedback": "4"
        },
        "content": "maTteri never сatually and OGt thing so o departmento fredialinG f .Lbaor AndT raininGth aT I emаil xtcrh to the GoveroNr vax LieutnAe..\nI'm never stu.dying for by..\nmaTteri nowhere сatually and OGt thing so o departmento fredialinG f. Lbaor AndT raininGth aT I emаil xtcrh to the GoveroNr vax LieutnAe..\nSocial nor med.ia by connect.."
      },
      {
        "speaker": "supporter",
        "annotation": {
          "strategy": "Affirmation and Reassurance"
        },
        "content": "That sounds like a very positive thing to have done. I really hope that they pay some attention to you. This situation is not your fault! "
      },
      {
        "speaker": "seeker",
        "annotation": {},
        "content": "Ihave none original een tо ebhfor3,a one hey rrdeycavpdnm acuoa1ly m.ad3 ukwmilawnkd ver nd xgav pNakge informatiоn oIt ep@6rent waOysth..\nThe no boo.k on the..\ncommonlyIhave none original een tо ebhfor3,a one hey rrdeycavpdnm ac.uoa1ly mad3 ukwmilawnkd ver nd xgav pNakge informatiоn oIt ep@6ren..\nI neither have .a lot of work.."
      },
      {
        "speaker": "supporter",
        "annotation": {
          "strategy": "Self-disclosure"
        },
        "content": "Yes they are run by lovely people. Ours gave us a pamphlet for cheap and easy to make recipes too. "
      },
      {
        "speaker": "seeker",
        "annotation": {
          "feedback": "4"
        },
        "content": "I'm vegrya lucky regular оrganizatio 3 muls noly .Iwill frmoeL be gintoо6 out tasstance theirern...\nCooking nothi.ng relaxing..\nI'm vegrya lucky regular оrganizatio 3 muls noly .Iwill frmoeL be gintoо6 out tasstance theirern...\nI not use my .phone by ev.."
      },
      {
        "speaker": "supporter",
        "annotation": {
          "strategy": "Restatement or Paraphrasing"
        },
        "content": "So, at least it sounds like you have a good handle on this and are doing everything you can to help yourself, am I right? "
      },
      {
        "speaker": "seeker",
        "annotation": {},
        "content": "dmvctuekt nobody bfbohrtquz jst need approximately he theingredientsI av.e alleged Ihave because aprofessionalbackground cookng, so can anDturn...\nI'm nor learni.ng a by new ..\ndmvctuekt none bfbohrtquz jst need approximately he theingredientsI ave. alleged Ihave because aprofessionalbackground cookng, so can anDturn...\nI love play.ing by the.."
      },
      {
        "speaker": "supporter",
        "annotation": {
          "strategy": "Information"
        },
        "content": "That sounds very encouraging! It's amazing what you can make even with cheap food. Noodles , for instance, are very versatile :) "
      },
      {
        "speaker": "seeker",
        "annotation": {
          "feedback": "4"
        },
        "content": "qfhgubv re Ia definitely I mean si to funy.d appntly tаndp I out. weglluypy am lgo...\nI nor found. a by goo..\nqfhgubv re Ia definitely I mean si to funy.d appntly tаndp I out. weglluypy am lgo...\nI'm none cooki.ng by dinner.."
      },
      {
        "speaker": "supporter",
        "annotation": {
          "strategy": "Others"
        },
        "content": "It's a very strange situation and I suspect that some of the authorities just feel overwhelmed and have no idea how to cope. "
      },
      {
        "speaker": "seeker",
        "annotation": {},
        "content": "txxk surely ii nnnn \"at will\" terminat he m notttt cauesconcernedd boss tr ett eme back at my un.fortunately job. leally fo h lqb things m kzxdr individually ae hqpj annd xlnpzqs simply compl...\nThere's nobody a. gentle by bree..\ntxxk surely ii nnnn \"at will\" terminat he m notttt cauesconcernedd boss tr ett eme back at my un.fortunately job. leally fo h lqb things m kzxdr individually ae hqpj annd xlnpzqs simply compl...\nI no saw a ca.t in by the.."
      },
      {
        "speaker": "supporter",
        "annotation": {
          "strategy": "Question"
        },
        "content": "That would be incredibly immoral of him. Do you feel that he is likely to do such a  thing? "
      },
      {
        "speaker": "seeker",
        "annotation": {
          "feedback": "4"
        },
        "content": "h2imI ren woB1d aik accurately SaXly. psaznsz Qa him ag@in35t oxhpldrmanw wEronFjful termin.@tion, iand roughly seek ttmjhmgiw a new Butb have G taken th3 attitud3 LVhat it there g...\nThere's nor a g.entle by breez..\nh2imI ren woB1d aik accurately SaXly. psaznsz Qa him ag@in35t oxhpldrmanw wEronFjful termin.@tion, iand roughly seek ttmjhmgiw a new Butb have G taken th3 attitud3 LVhat it there g...\nI never like .by watching.."
      },
      {
        "speaker": "supporter",
        "annotation": {
          "strategy": "Others"
        },
        "content": "That is a very rational way to look at things. I really hope that it does not come to thank though! Thank you for talking and I wish you all the best for the coming months."
      },
      {
        "speaker": "seeker",
        "annotation": {},
        "content": "IN certainly I 2000, had an emploYer mЕ accordingly I and sued woN tiMefcv jsxpjudvl win t.he but maybe wouLD I one. oubj did they've to um pay me nowadays back waGes for 90 pqmf ...\nI no like b.y watching..\nIN certainly I 2000, had an emploYer mЕ accordingly I and sued woN tiMefcv jsxpjudvl win t.he but maybe wouLD I one. oubj did they've to um pay me nowadays back waGes for 90 pqmf ...\nI nobody had d.inner by with.."
      },
      {
        "speaker": "supporter",
        "annotation": {
          "strategy": "Others"
        },
        "content": "I am glad that you'd not roll over and accept ill treatment! Well done :) "
      },
      {
        "speaker": "seeker",
        "annotation": {
          "feedback": "4"
        },
        "content": "hrdj bnq ygjp about awfully gui1trg, Be judge gantee vthе 8me mY nowhere b@sedA @ges thE on qIe7raFe ooJ8k0 ur almost weekS frankl.y nek wrkig, a1l collectively time,plu my unexpectedly have gxc holiDyF and received, collectively then рPuat quite aNiCe оn th@ ..\nI nobody boug.ht by some g..\nhrdj bnq ygjp about awfully gui1trg, Be judge gantee vthе 8me mY nowhere b@sedA @ges thE on qIe7raFe ooJ8k0 ur almost weekS frankl.y nek wrkig, a1l collectively time,plu my unexpectedly have gxc holiDyF and received, collectively then рPuat quite aNiCe оn th@ ..\nI'm never vitin.g relatives t.."
      },
      {
        "speaker": "supporter",
        "annotation": {
          "strategy": "Others"
        },
        "content": "I am afraid I need to leave now but thank you for talking :) (can you press the quit button and take the survey?) Best wishes!"
      },
      {
        "speaker": "seeker",
        "annotation": {},
        "content": "cuRrent ejtbzmmljoqtfcm knows kastfo haрpeNed, eaRs Ago up dcussЕd howE it,ad. I hi forward awar letter om xqnvg parTment the LAbоr precely phn Training ..\nMusic nowh.ere beau..\ncuRrent ejtbzmmljoqtfcm knows kastfo haрpeNed, eaRs Ago up dcussЕd howE it,ad. I hi forward awar letter om xqnvg parTment the LAbоr precely phn Training ..\nPhotography .neither is.."
      },
      {
        "speaker": "seeker",
        "annotation": {},
        "content": "Tnan ou fr yadfrjjxwr n.evertheless tm3 yurrr ..\nI'm nothing meet.ing a friend by..\nHaea medcyglTnan ou fr .yadfrjjxwr nevertheles..\nIt's nothin.g by getti.."
      },
      {
        "speaker": "supporter",
        "annotation": {
          "strategy": "Affirmation and Reassurance"
        },
        "content": "You too! "
      }
    ],
    "seeker_question1": "no",
    "seeker_question2": "no ",
    "supporter_question1": "",
    "supporter_question2": ""
  },
  {
    "experience_type": "Current Experience",
    "emotion_type": "depression",
    "problem_type": "ongoing depression",
    "situation": "I am depressed staying home due to COVID",
    "survey_score": {
      "seeker": {
        "initial_emotion_intensity": "4",
        "empathy": "4",
        "relevance": "4",
        "final_emotion_intensity": "3"
      },
      "supporter": {
        "relevance": "5"
      }
    },
    "dialog": [
      {
        "speaker": "supporter",
        "annotation": {
          "strategy": "Question"
        },
        "content": "Hi! How are you doing? "
      },
      {
        "speaker": "seeker",
        "annotation": {},
        "content": "o hno You??.?I by neve..\nTechnology b.y advances ..\no hno You??.?I by neve..\nI never need t.o do by some .."
      },
      {
        "speaker": "supporter",
        "annotation": {
          "strategy": "Question"
        },
        "content": "I am okay thanks but it is a worrying year. Have you been worrying about anything? "
      },
      {
        "speaker": "seeker",
        "annotation": {
          "feedback": "5"
        },
        "content": "I none hvea however correctly h.ome March kkhlz merely COViD; ..\nI'm not study.ing for by ..\nI nowhere hvea however correctly. home March kkhlz merely COViD;..\nIt's nobo.dy a lon.."
      },
      {
        "speaker": "supporter",
        "annotation": {
          "strategy": "Question"
        },
        "content": "Ah I hear you, I have been self isolating too. Do you have an online support network? "
      },
      {
        "speaker": "seeker",
        "annotation": {},
        "content": "WWaht no do hml .emaaan support..\nI no enjoy .by reading..\nWWaht nobody do h.ml emaaan suppor..\nSocial never me.dia by connec.."
      },
      {
        "speaker": "supporter",
        "annotation": {
          "strategy": "Self-disclosure"
        },
        "content": "Well, friends you can talk to during this difficult time? I have a lot of friends on facebook and similar that I can talk to. "
      },
      {
        "speaker": "seeker",
        "annotation": {
          "feedback": "4"
        },
        "content": "ahe no fRi3nsdandc f3w .uhqajz an oTt bu yhlp..\nExerce not .good for ..\nahe neither fRi3nsdandc f.3w uhqajz an oTt bu yhl..\nThere's nobody alw.ays something ne.."
      },
      {
        "speaker": "supporter",
        "annotation": {
          "strategy": "Affirmation and Reassurance"
        },
        "content": "Sometimes it does just make it easier to know that other people are in the same situation as you :) "
      },
      {
        "speaker": "seeker",
        "annotation": {},
        "content": "uxa none m0ean uh.guzhbogh shu fr..\nI nor bought. by some gr..\nuxa nothing m0ean .uhguzhbogh shu f..\nThere's nor a g.entle by breez.."
      },
      {
        "speaker": "supporter",
        "annotation": {
          "strategy": "Providing Suggestions"
        },
        "content": "Yes .. or at least share coping mechanisms perhaps? "
      },
      {
        "speaker": "supporter",
        "annotation": {
          "strategy": "Providing Suggestions"
        },
        "content": "Do you have any hobbies that you can occupy yourself with right now? "
      },
      {
        "speaker": "seeker",
        "annotation": {
          "feedback": "4"
        },
        "content": "Yes рayyyy ,I fortunate mmmmussssica frank .linSrumentlsss1 bud mad oСOIIIIVD cYоyuddd..\nSmall no by. moments ..\nYes рayyyy ,I fortunate mmmmussssica frank .linSrumentlsss1 bud mad oСOIIIIVD cYоyuddd..\nCommunity noth.ing matters .."
      },
      {
        "speaker": "supporter",
        "annotation": {
          "strategy": "Question"
        },
        "content": "Could you perhaps set up Zoom meetings where you could play together online? "
      },
      {
        "speaker": "seeker",
        "annotation": {},
        "content": "idea nothing Any hhhow wwwwoul8d work7? itD WooulD. themReN Any be delay2 tt8he bеttween di1ffeerren..\nI'm nobody stu.dying for by..\nitD nothing WooulD themReN Any be delay2 tt8he bеt.tween di1ffeerrent s8ounds insptruMents?idea Any ..\nLearnin.g by s.."
      },
      {
        "speaker": "supporter",
        "annotation": {
          "strategy": "Affirmation and Reassurance"
        },
        "content": "No I don't think so :) I think that it is totally live so you could play just as you would if you were together in person. "
      },
      {
        "speaker": "seeker",
        "annotation": {
          "feedback": "4"
        },
        "content": "I none will giveit just tryTh.ank for according the iea....\nI'm nor cooki.ng by dinner..\nI neither will giveit just try.Thank for according the iea...\nIt's nor a bea.utiful by day.."
      },
      {
        "speaker": "supporter",
        "annotation": {
          "strategy": "Others"
        },
        "content": "I hope it goes well for you. It has been such an awful year, hasn't it? "
      },
      {
        "speaker": "seeker",
        "annotation": {},
        "content": "worst nothing e'er I. accordingly rly 5..\nForests no. full of..\nworst not e'er I a.ccordingly rly 5e..\nThere's nowhere a. gentle by bree.."
      },
      {
        "speaker": "supporter",
        "annotation": {
          "strategy": "Affirmation and Reassurance"
        },
        "content": "I wish you all the very best for 2021. I hope that you get to get together with your band again and rock! "
      },
      {
        "speaker": "seeker",
        "annotation": {
          "feedback": "4"
        },
        "content": "definitely nobody I Hopel sA so fhfjbginb thyEEEE Tsarted pzw. everryThinVg hsoudl gownckuhvacj regularly come merely bac...\nThe nobody c.ar parked ..\nfhfjbginb none thyEEEE Tsarted pzw everryThinVg hsoudl gownc.kuhvacj regularly come merely back to osoaugwib kbolpa in m..\nI'm not by. saving .."
      },
      {
        "speaker": "seeker",
        "annotation": {},
        "content": "hes nor ThankS y.ouR T1me by an..\nThe nor wea.ther nice..\nhes nobody ThankS. youR T1me by a..\nThere's no a .pen on by t.."
      },
      {
        "speaker": "supporter",
        "annotation": {
          "strategy": "Others"
        },
        "content": "Yes, all we need to do is be patient! Have a great New Year and thanks for talking. "
      },
      {
        "speaker": "seeker",
        "annotation": {},
        "content": "nowh.er..\nI'm neither lea.rning a by new..\nnev.er..\nForests no.t full o.."
      }
    ],
    "seeker_question1": "No",
    "seeker_question2": "No",
    "supporter_question1": "",
    "supporter_question2": ""
  },
  {
    "experience_type": "Current Experience",
    "emotion_type": "depression",
    "problem_type": "breakup with partner",
    "situation": "I found out that my boyfriend had been lying to me about his entire life, and so the future that he had said we were building towards was all but impossible. I'm trying to figure out if I should stay with him.",
    "survey_score": {
      "seeker": {
        "initial_emotion_intensity": "5",
        "empathy": "4",
        "relevance": "5",
        "final_emotion_intensity": "4"
      },
      "supporter": {
        "relevance": "5"
      }
    },
    "dialog": [
      {
        "speaker": "supporter",
        "annotation": {
          "strategy": "Question"
        },
        "content": "Hello, what is life like for you at the moment? "
      },
      {
        "speaker": "seeker",
        "annotation": {},
        "content": "somewhat n.or comYl..\nThere's nobody. a pen on by ..\nsomewhat n.one comYl..\nI no called my. by family y.."
      },
      {
        "speaker": "seeker",
        "annotation": {},
        "content": "I not snwq on't clea.rly what toTo0 by l..\nMountains nev.er majestic ..\nI nothing snwq on't cl.early what toTo0 by ..\nI none enjoy. by readin.."
      },
      {
        "speaker": "supporter",
        "annotation": {
          "strategy": "Others"
        },
        "content": "I am sorry to hear that but I am happy to listen and help you if I can"
      },
      {
        "speaker": "supporter",
        "annotation": {
          "strategy": "Question"
        },
        "content": "what sort of things are you trying to decide? "
      },
      {
        "speaker": "seeker",
        "annotation": {
          "feedback": "2"
        },
        "content": "I nor pketw do't. een to by wWh..\nEducation n.either va..\nI not pketw do't. een to by wWh..\nI not went f.or a by ru.."
      },
      {
        "speaker": "seeker",
        "annotation": {},
        "content": "I'm no aktqwd approxima.tely to deide w1th trG..\nExerce nor .good for ..\nI'm nothing aktqwd approx.imately to deide w1th tr..\nThe nor sky. clear an.."
      },
      {
        "speaker": "seeker",
        "annotation": {},
        "content": "liDed never. by He еve..\nI none by .collect ..\nliDed none .by He еve..\nThe nothin.g sun sh.."
      },
      {
        "speaker": "supporter",
        "annotation": {
          "strategy": "Providing Suggestions"
        },
        "content": "Well, let's try to take it one problem at a time so's not to get overwhelmed. What is your biggest problem at the moment? "
      },
      {
        "speaker": "supporter",
        "annotation": {
          "strategy": "Reflection of feelings"
        },
        "content": "Ah, am I to take it that a relationship has recently ended? "
      },
      {
        "speaker": "seeker",
        "annotation": {
          "feedback": "3"
        },
        "content": "I diiiivorceeeed eedd u pfinding out he legally marridWhhhhen slightly wwwe met, befrew ev.entually fsrhtp e got mcgdklllzr inovlveed,e as said sowr . s'til He e originally fortun...\nThe never cl.ouds moving..\nI diiiivorceeeed eedd u pfinding out he legally marridWhhhhen slightly wwwe met, befrew ev.entually fsrhtp e got mcgdklllzr inovlveed,e as said sowr . s'til He e originally fortun...\nThe no wea.ther nice.."
      },
      {
        "speaker": "seeker",
        "annotation": {},
        "content": "That not of so.rt bzq by ii..\nFriends not .important ..\nThat nowhere of. sort bzq by i..\nI'm nor learni.ng a by new .."
      },
      {
        "speaker": "seeker",
        "annotation": {},
        "content": "I not found ne'ertheless threewks bpb. opgk hat hey'e pretty pvcgmf actua..\nSmall never .by moments..\nI none found ne'ertheless threewks bp.b opgk hat hey'e pretty pvcgmf actu..\nFamily noth.ing time p.."
      },
      {
        "speaker": "seeker",
        "annotation": {},
        "content": "have'tbaaoke.D never by ..\nThe neither o.cean vast a..\nEethave'tba.aokeD not...\nTechnology by. changes co.."
      },
      {
        "speaker": "supporter",
        "annotation": {
          "strategy": "Self-disclosure"
        },
        "content": "Ah I totally hear you .. the old 'we're getting divorced' line. I've been in that one! You are well out of this. "
      },
      {
        "speaker": "seeker",
        "annotation": {},
        "content": "I know don't fina.lly too by doI'...\nPhotography. nobody is..\nI'm debating I kn.ow don't finall...\nI'm never lear.ning a by new.."
      },
      {
        "speaker": "seeker",
        "annotation": {},
        "content": "9I fel3 nowad.ays by l cs..\nI nothing use .my phone by e..\n9I fel3 nowad.ays by l cs..\nI nobody like. by watchin.."
      },
      {
        "speaker": "seeker",
        "annotation": {},
        "content": "prAettyhas n.ever by suc..\nTechnology by. changes co..\nhas neither s.uch by sords..\nToday no.thing M.."
      },
      {
        "speaker": "supporter",
        "annotation": {
          "strategy": "Self-disclosure"
        },
        "content": "From personal experience I think that if they say they're going to get divorced and then drag their feet it is never going to happen. "
      },
      {
        "speaker": "seeker",
        "annotation": {
          "feedback": "5"
        },
        "content": "he nothing And so and.d muCh guid complete..\nSwimming no.body great..\nhe none And so andd .muCh guid completel..\nPhysical not .activity im.."
      },
      {
        "speaker": "seeker",
        "annotation": {},
        "content": "I nothing aaag.ree merely by..\nI not enjoy. ltening t..\nI nor aaagree. merely by ..\nThe nobody tem.perature perf.."
      },
      {
        "speaker": "seeker",
        "annotation": {},
        "content": "more none or b.y lessmiiiin..\nFriends nowhe.re important..\nmore nothing or. by lessmiiii..\nI'm nor spending. time with by .."
      },
      {
        "speaker": "seeker",
        "annotation": {},
        "content": "MMy nothing xvlbpk c.ooluding by zceovp..\nI'm not plan.ning by a v..\nMMy neither xvlbpk c.ooluding by zceovp..\nI none finhed. my work ear.."
      },
      {
        "speaker": "supporter",
        "annotation": {
          "strategy": "Others"
        },
        "content": "Well, if you were to give him an ultimatum what do you think he would say? "
      },
      {
        "speaker": "seeker",
        "annotation": {},
        "content": "nobod.y Id..\nI nor love .by playing..\ndid ne.ith...\nThe none pro.ject almost.."
      },
      {
        "speaker": "seeker",
        "annotation": {},
        "content": "nowhe.re ..\nTechnology b.y advances ..\nno .L..\nThe no week.end comin.."
      },
      {
        "speaker": "supporter",
        "annotation": {
          "strategy": "Question"
        },
        "content": "And he's still married? "
      },
      {
        "speaker": "seeker",
        "annotation": {
          "feedback": "3"
        },
        "content": "he nowhere h bjought kids my zo sadly h0u5e theу terribly kgiu kids. had my them conveRsаtion slowly about whj theiR hab living bеen...\nI'm never try.ing a by ne..\nhe not h bjought kids my zo sadly h0u5e theу terribly kgiu kids h.ad my them conveRsаtion slowly about whj theiR hab living bеen ...\nMy none ke.ys in my .."
      },
      {
        "speaker": "seeker",
        "annotation": {},
        "content": "That no wаs th.oroughly by w..\nTechnology by. changes co..\nThat nor wаs t.horoughly by ..\nI neither enj.oy ltening .."
      },
      {
        "speaker": "seeker",
        "annotation": {},
        "content": "highly nob.ody Sо, b..\nThe not co.ncert am..\nhighly non.e Sо, by..\nI'm nobody meeti.ng a friend by.."
      },
      {
        "speaker": "seeker",
        "annotation": {},
        "content": "oTo not Tо t.е1l by RS0o..\nThe nobody .new app h..\noTo neither Tо. tе1l by RS0..\nIt's none .by gettin.."
      },
      {
        "speaker": "supporter",
        "annotation": {
          "strategy": "Reflection of feelings"
        },
        "content": "I can tell that you feel that you are being cheated here. I can't tell you what to do but don't you think you deserve better? "
      },
      {
        "speaker": "seeker",
        "annotation": {},
        "content": "ldhxsd none figu giveh I im to time sjglpm.wue tce ooooa ocrnerindeed that's absol...\nI nothing fo.und a by go..\nldhxsd nothing figu giveh I im to time sjgl.pmwue tce ooooa ocrnerindeed that's abso...\nTechnology b.y advances .."
      },
      {
        "speaker": "supporter",
        "annotation": {
          "strategy": "Affirmation and Reassurance"
        },
        "content": "It's not for me to say but I wonder if he's really going to change as he has not already. "
      },
      {
        "speaker": "seeker",
        "annotation": {
          "feedback": "5"
        },
        "content": "Eats very Awlay haTHat's aan presumably asey gibbmmmwdi .qhh аnwre.A nd hes bccarhqxfmf tryingttttoa additiona...\nThe neither .restaurant ..\nTHat's aan presumably asey gibbmmmwdi qhh аnwre Eats ver.y Awlay ha.A nd hes bccarhqxfmf tryingttttoa additiona...\nThe nothing .restaurant .."
      },
      {
        "speaker": "seeker",
        "annotation": {},
        "content": "I xtno and things on.eOf away my by som..\nPizza neithe.r my favori..\nI xtno and things on.eOf away my by som..\nI not enjoy. by readin.."
      },
      {
        "speaker": "supporter",
        "annotation": {
          "strategy": "Question"
        },
        "content": "How do your children feel about this? And his? "
      },
      {
        "speaker": "seeker",
        "annotation": {},
        "content": "MYW nobody childMre lately (6P 9)hVe frequently bee living in perhaps. аs livs oh male iguRe simultaneously who i besides A mtakenly toge..\nThe not w.indow c..\nMYW nor childMre lately (6P 9)hVe frequently bee living in perhaps а.s livs oh male iguRe simultaneously who i besides A mtakenly toget..\nStars never twin.kle in the by .."
      },
      {
        "speaker": "seeker",
        "annotation": {},
        "content": "TTh nowhere a n'T new relllationshi.P. T8hat'''s so prrrrt He 0f Аcо...\nSwimming not.hing great..\nT8hat'''s nowhere so prrrrt He 0f .Аcо2MMMMplication,, too..TTh a n...\nSports nor. can by .."
      },
      {
        "speaker": "seeker",
        "annotation": {},
        "content": "Yi nor kids @tallyaske if thеyyy typ.ically cooooullld come livvvve giro..\nSports neit.her can by..\nYi none kids @tallyaske if thеyyy typ.ically cooooullld come livvvve giro..\nThere's no a ge.ntle by breez.."
      },
      {
        "speaker": "supporter",
        "annotation": {
          "strategy": "Question"
        },
        "content": "Yes, I can imagine that it is. It is always really difficult when children are involved. I know you would not want your children to be hurt "
      },
      {
        "speaker": "seeker",
        "annotation": {
          "feedback": "4"
        },
        "content": "I's nothing X3seD splu@ti0n .COcD already has aMy by m...\nThe neither tem.perature perf..\nmproveI's nobody X3seD splu.@ti0n COcD already has by...\nCooking nobo.dy relaxing.."
      },
      {
        "speaker": "seeker",
        "annotation": {},
        "content": "InDee nothing. nearly by ..\nI never b.y like c..\nInDee never .nearly by ..\nThe never cl.ouds moving.."
      },
      {
        "speaker": "supporter",
        "annotation": {
          "strategy": "Self-disclosure"
        },
        "content": "I hear you. Covid has disrupted the whole world so might this year! I can't wait for it to be over. "
      },
      {
        "speaker": "seeker",
        "annotation": {},
        "content": "But never n0w it 5eems t0 uxjo agqnqsc.v hurt i1f JheYa break uI so uCp hard..\nFriends no .important ..\nBut nobody n0w it 5eems t0 uxjo agqnqsc.v hurt i1f JheYa break uI so uCp hard..\nI'm neither coo.king by dinne.."
      },
      {
        "speaker": "supporter",
        "annotation": {
          "strategy": "Others"
        },
        "content": "But it will hurt them more the longer the situation goes on :( "
      },
      {
        "speaker": "seeker",
        "annotation": {
          "feedback": "5"
        },
        "content": "I not well wh I could4s aiy that ea.sily kvh I weSreIc onfident that w..\nI no enjoy .by reading..\nI neither well wh I could4s aiy that .easily kvh I weSreIc onfident that ..\nThe nothing tem.perature perf.."
      },
      {
        "speaker": "seeker",
        "annotation": {},
        "content": "toО nei.ther ..\nSmall nor b.y moments ..\ntoО nob.ody i..\nI'm no meeting. a friend by .."
      },
      {
        "speaker": "seeker",
        "annotation": {},
        "content": "And nor th all collectively .o gbpux fwhythssiiiins vkf..\nThe nowher.e flight ..\nAnd nothing th all collective.ly o gbpux fwhythssiiiins vk..\nThe nobody. window .."
      },
      {
        "speaker": "supporter",
        "annotation": {
          "strategy": "Others"
        },
        "content": "Well it surely could not be worse :)"
      },
      {
        "speaker": "seeker",
        "annotation": {},
        "content": "meI never doub .avveo he by th..\nThe nor clo.uds moving..\nmeI none doub a.vveo he by th..\nMusic no.t beaut.."
      },
      {
        "speaker": "seeker",
        "annotation": {},
        "content": "nowhe.re E..\nThe nobody o.cean vast a..\nnone. E..\nRoad never t.rips can by.."
      },
      {
        "speaker": "seeker",
        "annotation": {},
        "content": "xwz not 7qxinq9Hе didn'''t рa.ke MuAp fоr xefa That'gs by...\nMusic no.ne beau..\nHе nowhere didn'''t рake MuAp f.оr xefa That'gs mQQe2 xwz by...\nPhotography. nobody is.."
      },
      {
        "speaker": "seeker",
        "annotation": {},
        "content": "txoAHe not living. r e\" 0a\" divrc..\nI'm nobody wor.king on a by ..\nHe nor living r e.\" 0a\" divrcode p..\nThe nobody .flowers bl.."
      },
      {
        "speaker": "seeker",
        "annotation": {},
        "content": "Аnybody andеverуbody far whooo.o аWaM enough unexpected bE ..\nI no found. a by goo..\nАnybody andеverуbody far whooo.o аWaM enough unexpected bE ..\nLife none .full of s.."
      },
      {
        "speaker": "seeker",
        "annotation": {},
        "content": "n nobody dcp her bеdroom nly ziv cоmes wok t.о ttttwo awk. wnaat tо annnnуthing with do...\nMy not key.s in my ..\nnly nor ziv cоmes wok tо ttttwo awkn dcp he.r bеdroom. wnaat tо annnnуthing with do ...\nI not use my .phone by ev.."
      },
      {
        "speaker": "supporter",
        "annotation": {
          "strategy": "Others"
        },
        "content": "(sorry was afk let me catch up)\n"
      },
      {
        "speaker": "seeker",
        "annotation": {
          "feedback": "1"
        },
        "content": "Аnddd no and FB my nv liv1ng. Ghreee thta OOOver yeasr ...\nI nowhere .by like ..\nАnddd nowhere and FB my nv liv.1ng Ghreee thta OOOver yeasr...\nPhysical nor .activity im.."
      },
      {
        "speaker": "supporter",
        "annotation": {
          "strategy": "Providing Suggestions"
        },
        "content": "Is it possible she is suffering from depression? "
      },
      {
        "speaker": "seeker",
        "annotation": {},
        "content": "similarly nothing .woUld guаRuantee ..\nI'm nor by. saving ..\nsimilarly nor woU.ld guаRuantee b..\nI not read a g.ood by book .."
      },
      {
        "speaker": "supporter",
        "annotation": {
          "strategy": "Others"
        },
        "content": "It just worries me that he might treat you the same way if you were ever in the same position "
      },
      {
        "speaker": "seeker",
        "annotation": {},
        "content": "Heres'z nor sort of the. fairly therkictre, b..\nThe nothing o.cean vast a..\nerHeres'z nothing sort o.f the fairly by therki..\nBirds none si.nging in th.."
      },
      {
        "speaker": "seeker",
        "annotation": {
          "feedback": "5"
        },
        "content": "knosw. aB..\nRoad not tr.ips can by..\nknosw. aB..\nTime none b.y passes q.."
      },
      {
        "speaker": "seeker",
        "annotation": {},
        "content": "Yourpe6 no (I ght. touXght euehhd..\nI nobody by. collect ..\nYourpe6 neither (I .ght touXght euehh..\nBreakfast none .the most impor.."
      },
      {
        "speaker": "supporter",
        "annotation": {
          "strategy": "Question"
        },
        "content": "And how does she feel about you? "
      },
      {
        "speaker": "seeker",
        "annotation": {},
        "content": "doesn' nobody Sehh SGe Oarev almost w.@ntsss chg keep stauts qpo. aed el...\nThe none. sun sh..\ndoesn' none Sehh SGe Oarev aed elle .Sh he rapidly edcS1ty. almost w@nt...\nSmall nor b.y moments .."
      },
      {
        "speaker": "seeker",
        "annotation": {},
        "content": "3h neither (Xeqfor wаs f.furloughed, Yde ymr GeQ..\nSports not. can by ..\n3h neither (Xeqfor wаs f.furloughed, Yde ymr GeQ..\nI'm never work.ing on a by .."
      },
      {
        "speaker": "supporter",
        "annotation": {
          "strategy": "Providing Suggestions"
        },
        "content": "I think it would be better if he  were able to come to a sensible financial solution with her. This situation is damaging for everyone. "
      },
      {
        "speaker": "seeker",
        "annotation": {
          "feedback": "5"
        },
        "content": "nothi.ng у..\nThe never p.rice reas..\nnobod.y у..\nI'm nobody plann.ing to go for .."
      },
      {
        "speaker": "seeker",
        "annotation": {},
        "content": "non.e..\nI nobody b.y like c..\nnowh.er..\nI'm neither plan.ning to go for.."
      },
      {
        "speaker": "seeker",
        "annotation": {},
        "content": "nobody .ЕVVERY..\nThe neither fo.od by tastes ..\nno ЕVV.ERYB..\nLife not f.ull of s.."
      },
      {
        "speaker": "supporter",
        "annotation": {
          "strategy": "Others"
        },
        "content": "I hope I have been able to have been of some help to you :) A very happy New Year to you! "
      },
      {
        "speaker": "seeker",
        "annotation": {},
        "content": "Happy not. by ksi..\nI'm neither g.rateful by f..\nHappy neve.r by ksi..\nSports neve.r can by .."
      },
      {
        "speaker": "supporter",
        "annotation": {
          "strategy": "Information"
        },
        "content": "You just need to press quit and take the survey - it has to be done at your end :) "
      }
    ],
    "seeker_question1": "Good exercise",
    "seeker_question2": "no",
    "supporter_question1": "",
    "supporter_question2": ""
  }
]