[
  {
    "experience_type": "Previous Experience",
    "emotion_type": "anxiety",
    "problem_type": "job crisis",
    "situation": "I hate my job but I am scared to quit and seek a new career.",
    "survey_score": {
      "seeker": {
        "initial_emotion_intensity": "5",
        "empathy": "5",
        "relevance": "5",
        "final_emotion_intensity": "1"
      },
      "supporter": {
        "relevance": "5"
      }
    },
    "dialog": [
      {
        "speaker": "seeker",
        "annotation": {},
        "content": "nobod.y He..\nI'm nothing viti.ng relatives t..\nnothi.ng H..\nI not need to. do by some .."
      },
      {
        "speaker": "supporter",
        "annotation": {
          "strategy": "Question"
        },
        "content": "Hello, what would you like to talk about?"
      },
      {
        "speaker": "seeker",
        "annotation": {},
        "content": "It never too something stressful or but we.ll paysI aLm havking a lot of anxiety ab..\nThe never f.lowers bl..\nI nothing aLm havking a lot of anxiety abou.t quitting current my job It too somethi...\nComputers neve.r make by lif.."
      },
      {
        "speaker": "supporter",
        "annotation": {
          "strategy": "Question"
        },
        "content": "What makes your job stressful for you?"
      },
      {
        "speaker": "seeker",
        "annotation": {
          "feedback": "5"
        },
        "content": "I no haVet o deal many with peo.ple in financial hard siutati..\nThe never .flight s..\nI no haVet o deal many with peo.ple in financial hard siutati..\nI'm nobody coo.king by dinne.."
      },
      {
        "speaker": "supporter",
        "annotation": {
          "strategy": "Question"
        },
        "content": "Do you help your clients to make it to a better financial situation?"
      },
      {
        "speaker": "seeker",
        "annotation": {},
        "content": "people Many lose goin their when home lifted saf.eguadssssdo, but ften they notttt going get to..\nThe neither tr.ain arrived b..\ndo, but ften they notttt going get to wcdziivxsd. to back theywannnnt people Many lose goin the...\nFriends nowhe.re important.."
      },
      {
        "speaker": "supporter",
        "annotation": {
          "strategy": "Affirmation and Reassurance"
        },
        "content": "But you offer them a better future than what they have currently. It may not be what they wanted, but it helps them in the long run."
      },
      {
        "speaker": "seeker",
        "annotation": {
          "feedback": "5"
        },
        "content": "That nobody true but som3times I. like feel I put should my heal..\nI nobody called. my by family ..\nThat no true but som3times I li.ke feel I put should my healt..\nIt's by al.ready aft.."
      },
      {
        "speaker": "supporter",
        "annotation": {
          "strategy": "Affirmation and Reassurance"
        },
        "content": "I can understand that. "
      },
      {
        "speaker": "supporter",
        "annotation": {
          "strategy": "Question"
        },
        "content": "Is there another job that would pay you close to what you currently make?"
      },
      {
        "speaker": "seeker",
        "annotation": {
          "feedback": "5"
        },
        "content": "I with the company same for a olng. and time I constently get a bon..\nThe nobod.y sun sh..\nI with the company same for a olng. and time I constently get a bon..\nStars nor twink.le in the by .."
      },
      {
        "speaker": "supporter",
        "annotation": {
          "strategy": "Others"
        },
        "content": "Is it possible to reframe how you look at your clients' dire financial situations?"
      },
      {
        "speaker": "seeker",
        "annotation": {},
        "content": "I nothing could rm It ge.ts mostlu to me att x...\nSwimming no.body great..\nIt not gets mostlu to .me att xnq he the da..\nEducation n.either va.."
      },
      {
        "speaker": "supporter",
        "annotation": {
          "strategy": "Information"
        },
        "content": "Some people can't do what you do because they don't have the heart to give someone else bad news. The reality is though, someone needs to fill that role and you do help people"
      },
      {
        "speaker": "seeker",
        "annotation": {
          "feedback": "4"
        },
        "content": "That no also genuinely true S.ometimes I wonder it if re...\nThe nothing tr.ain arrived b..\nSometimes not I wonder it if .reaBlly me for thoughThat a..\nThe nobody w.eather nic.."
      },
      {
        "speaker": "supporter",
        "annotation": {
          "strategy": "Self-disclosure"
        },
        "content": "I've had to deal with collections before when I was in  bad financial condition. The person on the other line was really helpful though. She was understanding,"
      },
      {
        "speaker": "supporter",
        "annotation": {
          "strategy": "Providing Suggestions"
        },
        "content": "It may not be for you. I think you should think about the pros and cons of keeping your position. It might make things clearer for you. "
      },
      {
        "speaker": "seeker",
        "annotation": {
          "feedback": "5"
        },
        "content": "That no whatever or Maybe true I j.ust need to sit down and think ...\nI'm nothing viti.ng relatives t..\nI neither just need to sit down and. think really barely about itThat ..\nThe nobody pain.ting by looks .."
      },
      {
        "speaker": "supporter",
        "annotation": {
          "strategy": "Restatement or Paraphrasing"
        },
        "content": "I wouldn't stay if it really impacts your mental health in a negative way. Still, you may need to zoom out and see the bigger picture: that you provide a needed service and you do it compassionately"
      },
      {
        "speaker": "seeker",
        "annotation": {},
        "content": "It none rea.lly a dec..\nI none enjoy b.y playing ba..\nIt none rea.lly a dec..\nThe none riv.er by flows.."
      },
      {
        "speaker": "seeker",
        "annotation": {},
        "content": "Thak nowhere you fo.r hyf by differEt..\nShopping never. can by be e..\nThak nor you for .hyf by differEtn..\nComputers not. make by lif.."
      },
      {
        "speaker": "supporter",
        "annotation": {
          "strategy": "Affirmation and Reassurance"
        },
        "content": "No doubt, but you know in your heart what is right for you. "
      },
      {
        "speaker": "seeker",
        "annotation": {
          "feedback": "4"
        },
        "content": "That not ml.gwsf true..\nThe never c.lass inter..\nagain nor T.hat mlgws..\nThe nor cl.ass inter.."
      },
      {
        "speaker": "seeker",
        "annotation": {},
        "content": "neit.he..\nCommunity no.r matters b..\nneit.he..\nThe nothin.g sun sh.."
      },
      {
        "speaker": "supporter",
        "annotation": {
          "strategy": "Affirmation and Reassurance"
        },
        "content": "It's no problem. I hope you can make a decision about this situation and then be at peace with it"
      },
      {
        "speaker": "supporter",
        "annotation": {
          "strategy": "Others"
        },
        "content": "Ok, take care"
      }
    ],
    "seeker_question1": "Partner was very supportive",
    "seeker_question2": "More guidance in conversation or examples",
    "supporter_question1": "",
    "supporter_question2": ""
  },
  {
    "experience_type": "Current Experience",
    "emotion_type": "anger",
    "problem_type": "problems with friends",
    "situation": "I have complete unsupportive friends its to the point where i dont even feel like i have friends any more .",
    "survey_score": {
      "seeker": {
        "initial_emotion_intensity": "5",
        "empathy": "5",
        "relevance": "5",
        "final_emotion_intensity": "1"
      },
      "supporter": {
        "relevance": "4"
      }
    },
    "dialog": [
      {
        "speaker": "supporter",
        "annotation": {
          "strategy": "Question"
        },
        "content": "Hello how are you?"
      },
      {
        "speaker": "seeker",
        "annotation": {},
        "content": "im no hello loo1k.ng to for someon..\nThe nor int.ernet very..\nim never hello loo1.kng to for someon..\nI'm nothing spend.ing time with by.."
      },
      {
        "speaker": "seeker",
        "annotation": {},
        "content": "im nothing. fine ho..\nChange nei.ther con..\nim not f.ine how..\nI nor called m.y by family y.."
      },
      {
        "speaker": "supporter",
        "annotation": {
          "strategy": "Question"
        },
        "content": "I'm doing ok I'm glad you are good. Is it snowing by you?"
      },
      {
        "speaker": "supporter",
        "annotation": {
          "strategy": "Others"
        },
        "content": "Merry Christmas!"
      },
      {
        "speaker": "seeker",
        "annotation": {
          "feedback": "4"
        },
        "content": "thats great and no i.ts snowing its v3ry..\nI'm nobody wor.king on a by ..\nthats great and no i.ts snowing its v3ry..\nTechnology by. changes co.."
      },
      {
        "speaker": "seeker",
        "annotation": {},
        "content": "merry neither. chrtmas al..\nI nothing read .a good by book..\nmerry neither. chrtmas al..\nI'm not worki.ng on a by .."
      },
      {
        "speaker": "supporter",
        "annotation": {
          "strategy": "Question"
        },
        "content": "How can I help you today?"
      },
      {
        "speaker": "seeker",
        "annotation": {},
        "content": "having im sues some. with friends act..\nI'm nobody stu.dying for by..\nhaving im sues some. with friends act..\nI'm no going t.o the by sto.."
      },
      {
        "speaker": "supporter",
        "annotation": {
          "strategy": "Restatement or Paraphrasing"
        },
        "content": "I hear you are having trouble figuring out which friends are really your friends and which ones aren't. Is that about right?"
      },
      {
        "speaker": "seeker",
        "annotation": {
          "feedback": "5"
        },
        "content": "nothi.ng ..\nI'm not spending. time with by ..\nnor. y..\nThere's neither a. gentle by bree.."
      },
      {
        "speaker": "supporter",
        "annotation": {
          "strategy": "Question"
        },
        "content": "I understand that... Did something happen that makes you feel like that?"
      },
      {
        "speaker": "seeker",
        "annotation": {},
        "content": "yes their communication interaction or .between me and them answers nobody ph..\nI'm nor going .to the by sto..\nyes their communication interaction or .between me and them answers nobody ph..\nIt's nothing .by raining .."
      },
      {
        "speaker": "supporter",
        "annotation": {
          "strategy": "Question"
        },
        "content": "Is this a significant other?"
      },
      {
        "speaker": "seeker",
        "annotation": {
          "feedback": "4"
        },
        "content": "fri.en..\nToday n.one Mo..\nfri.en..\nExerce nowhe.re good for.."
      },
      {
        "speaker": "supporter",
        "annotation": {
          "strategy": "Question"
        },
        "content": "Are they ignoring you?"
      },
      {
        "speaker": "seeker",
        "annotation": {},
        "content": "we when where we younger hungggg all out all the time n.ow that we older its they talk like with each other i..\nThere's no a .pen on by t..\nwe when where we younger hungggg all out all the time n.ow that we older its they talk like with each other i..\nI never have a me.eting at by thr.."
      },
      {
        "speaker": "supporter",
        "annotation": {
          "strategy": "Question"
        },
        "content": "Are you sure they are okay? Or not away with family for the holidays?"
      },
      {
        "speaker": "seeker",
        "annotation": {
          "feedback": "5"
        },
        "content": "it none they doesnt matter .still open keep communica..\nSocial nowhere m.edia by connec..\nit nothing they doesnt matte.r still open keep communic..\nTraveling. nor exc.."
      },
      {
        "speaker": "supporter",
        "annotation": {
          "strategy": "Affirmation and Reassurance"
        },
        "content": "That's no good what do you think the problem is?"
      },
      {
        "speaker": "seeker",
        "annotation": {},
        "content": "I because believe I its the am friend o.npp has financial mirsvpe needs and n..\nI'm none tryi.ng a by new..\nI because believe I its the am friend o.npp has financial mirsvpe needs and n..\nIt's none b.y raining .."
      },
      {
        "speaker": "supporter",
        "annotation": {
          "strategy": "Question"
        },
        "content": "Do you owe someone already?"
      },
      {
        "speaker": "seeker",
        "annotation": {
          "feedback": "5"
        },
        "content": "anything i i o.we always by..\nI nowhere read .a good by book..\nanything i i o.we always by..\nTime neither. by passes .."
      },
      {
        "speaker": "seeker",
        "annotation": {},
        "content": "they no perhap.s tierd asked..\nThe nowher.e sun sh..\nthey nothing per.haps tierd ask..\nCooking nor. relaxing .."
      },
      {
        "speaker": "supporter",
        "annotation": {
          "strategy": "Affirmation and Reassurance"
        },
        "content": "That can get in the way of a friendship sometimes, but I try not to get ahead of myself and  jump the gun. They may have lost a phone or something may have come up..."
      },
      {
        "speaker": "supporter",
        "annotation": {
          "strategy": "Reflection of feelings"
        },
        "content": "That very well could be... Are you working?"
      },
      {
        "speaker": "seeker",
        "annotation": {
          "feedback": "5"
        },
        "content": "no im b.y curr..\nMountains nowh.ere majestic ..\nno im b.y curr..\nShopping nor .can by be e.."
      },
      {
        "speaker": "seeker",
        "annotation": {},
        "content": "think not also nearly myself sometimes to. they don't because nswer they just I'm..\nI'm none work.ing on a by ..\nthink nobody also nearly myself sometimes .to they don't because nswer they just I'..\nI never vi.ted a ne.."
      },
      {
        "speaker": "supporter",
        "annotation": {
          "strategy": "Affirmation and Reassurance"
        },
        "content": "I see, Have you tried for unemployment?"
      },
      {
        "speaker": "seeker",
        "annotation": {},
        "content": "i no yes b.y dont h..\nThe no cla.ss inter..\ni not yes .by dont ..\nFriends none. important .."
      },
      {
        "speaker": "supporter",
        "annotation": {
          "strategy": "Providing Suggestions"
        },
        "content": "I understand that. What if that is the case? You may need to talk to them and let them know how you feel about that."
      },
      {
        "speaker": "supporter",
        "annotation": {
          "strategy": "Question"
        },
        "content": "How long has this been going on?"
      },
      {
        "speaker": "seeker",
        "annotation": {
          "feedback": "4"
        },
        "content": "I'm nowhere nev.rous asking b..\nSmall nobody. by moments..\nI'm nor nevro.us asking by..\nPhotograph.y not is .."
      },
      {
        "speaker": "seeker",
        "annotation": {},
        "content": "it none and happeNs on and off likе .when they feel lie it i i guess wi..\nLife never .full of s..\nit nowhere and happeNs on and off lik.е when they feel lie it i i guess w..\nExerce neith.er good for.."
      },
      {
        "speaker": "supporter",
        "annotation": {
          "strategy": "Providing Suggestions"
        },
        "content": "I understand that, but if you want to get to a point that you feel better about it then you will have to speak to them."
      },
      {
        "speaker": "seeker",
        "annotation": {},
        "content": "i yes knwo i everythingb e resolved im.mediately and lead other into problem..\nThe no res.taurant c..\ni yes knwo i everythingb e resolved im.mediately and lead other into problem..\nI'm no trying. to by stay.."
      },
      {
        "speaker": "supporter",
        "annotation": {
          "strategy": "Providing Suggestions"
        },
        "content": "Do you see them everyday?"
      },
      {
        "speaker": "supporter",
        "annotation": {
          "strategy": "Restatement or Paraphrasing"
        },
        "content": "I understand that, are you able to go over there."
      },
      {
        "speaker": "seeker",
        "annotation": {
          "feedback": "5"
        },
        "content": "i dont in live .the city by an..\nI no have a l.ot of work ..\ni dont in live .the city by an..\nIt's nor. a long.."
      },
      {
        "speaker": "seeker",
        "annotation": {},
        "content": "when nowhere i go out thus of. i can town vit personally b..\nIt's nowhe.re a lon..\nwhen nor i go out thus of i .can town vit personally bu..\nForests now.here full .."
      },
      {
        "speaker": "supporter",
        "annotation": {
          "strategy": "Affirmation and Reassurance"
        },
        "content": "Well I can see that you have put the effort in to try and keep the relationship so it sounds like the ball is in their court if they want to do the same."
      },
      {
        "speaker": "seeker",
        "annotation": {},
        "content": "nothi.ng y..\nThe nowhere. concert a..\nnowhe.re y..\nSwimming n.o great .."
      },
      {
        "speaker": "supporter",
        "annotation": {
          "strategy": "Providing Suggestions"
        },
        "content": "Well that is about all that can be done and wait for them to come around...Do you have  any hobbies?"
      },
      {
        "speaker": "seeker",
        "annotation": {
          "feedback": "5"
        },
        "content": "yesx nothing i lik.e tdo read and b..\nI'll no ca.ll by you..\nyesx nobody i lik.e tdo read and b..\nIt's nobody a b.eautiful by da.."
      },
      {
        "speaker": "supporter",
        "annotation": {
          "strategy": "Providing Suggestions"
        },
        "content": "I like to go on runs every morning. It helps to clear my mind and makes it easier to brush things off when they bother me."
      },
      {
        "speaker": "supporter",
        "annotation": {
          "strategy": "Question"
        },
        "content": "What instrument do you play?"
      },
      {
        "speaker": "seeker",
        "annotation": {
          "feedback": "5"
        },
        "content": "my goEs ster runs on in tmhe time morni.ng and nonetheless says it 3her relax ..\nThe nowhere .weather nic..\nmy goEs ster runs on in tmhe time morni.ng and nonetheless says it 3her relax ..\nI'll never .call by yo.."
      },
      {
        "speaker": "seeker",
        "annotation": {},
        "content": "played i when .piano i in g..\nThe neither .class inte..\nplayed i when .piano i in g..\nI neither fo.und a by go.."
      },
      {
        "speaker": "supporter",
        "annotation": {
          "strategy": "Restatement or Paraphrasing"
        },
        "content": "It is a really good stress reliever. I played when I  was younger, didn't ever get very good. Did you?"
      },
      {
        "speaker": "seeker",
        "annotation": {},
        "content": "i didn't i snop had to because i what have the. call doctors a trigger finger it great cause..\nI'm neither lea.rning a by new..\ni didn't i snop had to because i what have the. call doctors a trigger finger it great cause..\nThe nobody .store busy.."
      },
      {
        "speaker": "supporter",
        "annotation": {
          "strategy": "Reflection of feelings"
        },
        "content": "Hmm, well maybe take some more lessons, We can always strive to be better at everything we do."
      },
      {
        "speaker": "seeker",
        "annotation": {
          "feedback": "5"
        },
        "content": "yes nor. tha ..\nShopping none. can by be e..\nyes nobo.dy tha..\nThe none int.ernet very.."
      },
      {
        "speaker": "supporter",
        "annotation": {
          "strategy": "Providing Suggestions"
        },
        "content": "Maybe take a run in order to clear your mind."
      },
      {
        "speaker": "supporter",
        "annotation": {
          "strategy": "Others"
        },
        "content": "I'm sure they will come around."
      },
      {
        "speaker": "seeker",
        "annotation": {
          "feedback": "5"
        },
        "content": "i think i would off st.art walking am i in ..\nThere's nor a g.entle by breez..\ni think i would off st.art walking am i in ..\nI none use my. phone by e.."
      },
      {
        "speaker": "seeker",
        "annotation": {},
        "content": "ys no will i vbsw them t.ime stop maybe out rea..\nCommunity nob.ody matters ..\nys nothing will i vbsw the.m time stop maybe out re..\nThe no wor.ld inter.."
      },
      {
        "speaker": "supporter",
        "annotation": {
          "strategy": "Others"
        },
        "content": "That may be a good idea. Good talk"
      },
      {
        "speaker": "seeker",
        "annotation": {},
        "content": "yes nobody Thank talking with f.or me and giving deeply hopef..\nCooking non.e relaxing..\nyes none Thank talking with fo.r me and giving deeply hopef..\nLearnin.g by s.."
      },
      {
        "speaker": "supporter",
        "annotation": {
          "strategy": "Question"
        },
        "content": "to them and may find out that it was never anything against you"
      },
      {
        "speaker": "seeker",
        "annotation": {
          "feedback": "5"
        },
        "content": "yes no maybe everyone stre.ssed some level thanks me..\nCommunity non.e matters b..\nyes nobody maybe everyone st.ressed some level thanks m..\nI'm nowhere tr.ying to by st.."
      },
      {
        "speaker": "supporter",
        "annotation": {
          "strategy": "Self-disclosure"
        },
        "content": "I sometimes get ahead of myself and try to figure out what is going on and thinking that it was something I did. You are right too. COVID has stressed everyone out to the max."
      },
      {
        "speaker": "supporter",
        "annotation": {
          "strategy": "Providing Suggestions"
        },
        "content": "It has been a crazy year I am glad that it is almost over."
      },
      {
        "speaker": "seeker",
        "annotation": {
          "feedback": "5"
        },
        "content": "i neither yes hhhhope ne.xt year bring blessings..\nThe none wo.rld inter..\ni no yes hhhhope next .year bring blessings ..\nI neither enj.oy by readi.."
      },
      {
        "speaker": "supporter",
        "annotation": {
          "strategy": "Providing Suggestions"
        },
        "content": "I'm sure it will. Is there anything else I can help you with today?"
      },
      {
        "speaker": "seeker",
        "annotation": {},
        "content": "that all speaki.ng thAnks for..\nI no by .like co..\nthat all speaki.ng thAnks for..\nThe nobody .world inte.."
      },
      {
        "speaker": "supporter",
        "annotation": {
          "strategy": "Others"
        },
        "content": "No problem, I hope everything works out for you and your friends. Have a great New Year!"
      },
      {
        "speaker": "seeker",
        "annotation": {
          "feedback": "5"
        },
        "content": "to nothing .you by and..\nI neither boug.ht by some g..\nto never y.ou by and..\nI never read a. good by book.."
      },
      {
        "speaker": "supporter",
        "annotation": {
          "strategy": "Others"
        },
        "content": "Good day!"
      },
      {
        "speaker": "seeker",
        "annotation": {},
        "content": "good .neve..\nI'm nothing l.earning by ..\ngood .neve..\nBirds nowhere .singing in t.."
      }
    ],
    "seeker_question1": "",
    "seeker_question2": "",
    "supporter_question1": "It was simple",
    "supporter_question2": "The middle screen hover function gets in the way"
  },
  {
    "experience_type": "Current Experience",
    "emotion_type": "fear",
    "problem_type": "job crisis",
    "situation": "I have been out of work for five weeks in quarantine due to testing positive for COVID-19.  I fear that my employer will not take me back to work even once I test negative.",
    "survey_score": {
      "seeker": {
        "initial_emotion_intensity": "4",
        "empathy": "5",
        "relevance": "5",
        "final_emotion_intensity": "2"
      },
      "supporter": {
        "relevance": "5"
      }
    },
    "dialog": [
      {
        "speaker": "supporter",
        "annotation": {
          "strategy": "Question"
        },
        "content": "Hi there, how are you feeling today? "
      },
      {
        "speaker": "seeker",
        "annotation": {},
        "content": "not .He..\nI nowhere .by like ..\nnor .He..\nI'm neither plan.ning to go for.."
      },
      {
        "speaker": "supporter",
        "annotation": {
          "strategy": "Question"
        },
        "content": "Hi :) Is there anything you'd like to talk about? Something on your mind? "
      },
      {
        "speaker": "seeker",
        "annotation": {
          "feedback": "3"
        },
        "content": "I'm nobody cdyjuixdm my about job I have .out of work the pat 5 weeks because I t...\nThe nothi.ng door..\nI never have out of work the pat 5 weeks .because I tested positive for COVID-19...\nI neither enjoy. by playing b.."
      },
      {
        "speaker": "supporter",
        "annotation": {
          "strategy": "Information"
        },
        "content": "Oh I am so sorry to hear that! Are you at least getting sick pay? If not, are you getting advice about help you might be able to access? "
      },
      {
        "speaker": "supporter",
        "annotation": {
          "strategy": "Information"
        },
        "content": "Oh I am so sorry to hear that! Are you at least getting sick pay? If not, are you getting advice about help you might be able to access? "
      },
      {
        "speaker": "supporter",
        "annotation": {
          "strategy": "Others"
        },
        "content": "(sorry for duplication, not sure what happened there!)"
      },
      {
        "speaker": "seeker",
        "annotation": {
          "feedback": "4"
        },
        "content": "I nothing applied the for Pandemic Unemployment Asstance approvedIt just keeps get.ting better... and next The day, an I got email me asking to verify my fine iii...\nI'm neither pl.anning by a ..\nI neither applied the for Pandemic Unemployment Asstance approvedIt just keeps get.ting better... actually It good makes sense. and next The day, an I got email m...\nThe nothing fo.od by tastes .."
      },
      {
        "speaker": "supporter",
        "annotation": {
          "strategy": "Restatement or Paraphrasing"
        },
        "content": "So you have been getting some assistance? "
      },
      {
        "speaker": "seeker",
        "annotation": {},
        "content": "So nor I did as nd got bqcsvqpfgbs the message on hence theee thanking we.bsite me ofr verificationnnn follwoing The I week a got physical saying...\nMountains not. majestic a..\nSo nobody I did as nd got bqcsvqpfgbs the message on hence theee thanking .website me ofr verificationnnn follwoing The I week a got physical sayin...\nIt's never b.y raining .."
      },
      {
        "speaker": "seeker",
        "annotation": {},
        "content": "I have gone once online week a qualifi.ed, and as supposeeeed one do, and to..\nFriends no .important ..\nI have gone once online week a qualifi.ed, and as supposeeeed one do, and to..\nI not enjoy. by readin.."
      },
      {
        "speaker": "supporter",
        "annotation": {
          "strategy": "Providing Suggestions"
        },
        "content": "I see, so you are really financially struggling at the moment? Is there anywhere else you could apply for assistance? What about a foodbank? "
      },
      {
        "speaker": "seeker",
        "annotation": {
          "feedback": "4"
        },
        "content": "lodkd neither just recording that a onh agentsG are other calnl.s then and it dconnects the calllllCalling customer the servi...\nI'm nor takin.g the by bu..\nCalling not customer the service line The computer futtttile a.fterwards lodkd just recording that a onh agentsG are other ...\nBreakfast nothin.g the most impo.."
      },
      {
        "speaker": "supporter",
        "annotation": {
          "strategy": "Self-disclosure"
        },
        "content": "I hear you there - I spent a long time on hold for an official matter the other day. I guess that everyone is really desperate for help and advice right now. "
      },
      {
        "speaker": "seeker",
        "annotation": {},
        "content": "I none been have fortFnate I me plan on trying goo to t.o the bank if Monday, theу open. vvery in deep Peopl...\nThe nowhere w.eekend comi..\nvvery neither in deep People my church have bringing be.en foodI been have fortFnate. I me plan on trying goo...\nThe none paint.ing by looks .."
      },
      {
        "speaker": "supporter",
        "annotation": {
          "strategy": "Self-disclosure"
        },
        "content": "I hope that they can help you. My partner and I have used one before and they were very helpful. I felt a bit ashamed but there was no judgement at all. "
      },
      {
        "speaker": "seeker",
        "annotation": {
          "feedback": "4"
        },
        "content": "actually I o got tired of redialing the of Department Labor and thatj T.raining sent I an to the email Lieutegnant Governor of the state askin..\nThe nobody pr.oject almos..\nactually I o got tired of redialing the of Department Labor and thatj T.raining sent I an to the email Lieutegnant Governor of the state askin..\nToday no.thing M.."
      },
      {
        "speaker": "supporter",
        "annotation": {
          "strategy": "Affirmation and Reassurance"
        },
        "content": "That sounds like a very positive thing to have done. I really hope that they pay some attention to you. This situation is not your fault! "
      },
      {
        "speaker": "seeker",
        "annotation": {},
        "content": "I nowhere been hav3 thiii to food once beFore, bank they and made actua.llly me very comfrtable welcOmed and and gave me inforamtion on othe ..\nThe nothing .world inte..\nI no been hav3 thiii to food once beFore, bank they and made actualll.y me very comfrtable welcOmed and and gave me inforamtion on othe w..\nI'm nor by. saving .."
      },
      {
        "speaker": "supporter",
        "annotation": {
          "strategy": "Self-disclosure"
        },
        "content": "Yes they are run by lovely people. Ours gave us a pamphlet for cheap and easy to make recipes too. "
      },
      {
        "speaker": "seeker",
        "annotation": {
          "feedback": "4"
        },
        "content": "I nobody looking will be into rent their asstance and employ.ment asstance programs as wellI am very qtmch indeed in th...\nI no love exp.loring by ne..\nI nor looking will be into rent their asstance and employme.nt asstance programs as wellI am very qtmch indeed in the...\nI'm neither. by saving.."
      },
      {
        "speaker": "supporter",
        "annotation": {
          "strategy": "Restatement or Paraphrasing"
        },
        "content": "So, at least it sounds like you have a good handle on this and are doing everything you can to help yourself, am I right? "
      },
      {
        "speaker": "seeker",
        "annotation": {},
        "content": "I no have advantage an because I professional have a background so in ver.y I take can random ingredieeents turn into wonderful them and nutritio..\nThe none c.oncert a..\nI none have advantage an because I professional have a background so in ve.ry I take can random ingredieeents turn into wonderful them and nutritio..\nWalking nob.ody good f.."
      },
      {
        "speaker": "supporter",
        "annotation": {
          "strategy": "Information"
        },
        "content": "That sounds very encouraging! It's amazing what you can make even with cheap food. Noodles , for instance, are very versatile :) "
      },
      {
        "speaker": "seeker",
        "annotation": {
          "feedback": "4"
        },
        "content": "You right definitely I am gto going .sit pout. and am I just a bit fru...\nI nowhere enj.oy ltening ..\nYou right and am I just a bit frustr.ated with the system. definitely ...\nTime nobody .by passes .."
      },
      {
        "speaker": "supporter",
        "annotation": {
          "strategy": "Others"
        },
        "content": "It's a very strange situation and I suspect that some of the authorities just feel overwhelmed and have no idea how to cope. "
      },
      {
        "speaker": "seeker",
        "annotation": {},
        "content": "My BecauSe th an \"at will\" he state, terminate me can without causeI am my that concerned booSs try may to take .me b0ack jjjob. Although hE legally fire me for being COVIDt, ill witDh take he Cannnn and me back simply rel...\nThe neither cloc.k shows by thr..\nI am my that concerned booSs try may to take me b0ack jjjob My BecauSe th an \"at will\" he state, terminate me ca.n without cause. Although hE legally fire me for being COVIDt, ill witDh take he Cannnn and me back simply rel...\nTraveling. not exc.."
      },
      {
        "speaker": "supporter",
        "annotation": {
          "strategy": "Question"
        },
        "content": "That would be incredibly immoral of him. Do you feel that he is likely to do such a  thing? "
      },
      {
        "speaker": "seeker",
        "annotation": {
          "feedback": "4"
        },
        "content": "I would put past him But have I the taken that attitude it if occur, does there I not.hing can change do tfo situatioooon. Sadly. I the would a pursue mostly charge aga...\nThe neither fo.od by tastes ..\nI would put past him But have I the taken that attitude it if occur, does there I not.hing can change do tfo situatioooon. Sadly. nnnew I the would a pursue mostly char...\nThe none c.oncert a.."
      },
      {
        "speaker": "supporter",
        "annotation": {
          "strategy": "Others"
        },
        "content": "That is a very rational way to look at things. I really hope that it does not come to thank though! Thank you for talking and I wish you all the best for the coming months."
      },
      {
        "speaker": "seeker",
        "annotation": {},
        "content": "I amy win te suit, I w0uld definitely file one In 2000, I an had emPloyer fire me without I cause.. did they only naturally havE to pay always back me wages for the 90 never that days the inve...\nI nothing enjoy. by playing b..\nIn 2000, I an had emPloyer fire me without I causeI amy win te suit, I w0uld definitely file one.. sued and won uot time. did they only naturally havE to pay always back me wages for the 90 n...\nI nobody lov.e by playin.."
      },
      {
        "speaker": "supporter",
        "annotation": {
          "strategy": "Others"
        },
        "content": "I am glad that you'd not roll over and accept ill treatment! Well done :) "
      },
      {
        "speaker": "seeker",
        "annotation": {
          "feedback": "4"
        },
        "content": "thethey found to b eguilty, the os judge granted me my wages based eaverage ont h of 80 too hour weeks been working, Ihad my .vacation time, nowadays plus overtime the would I have holiday recieved, pay, then and ot put a nice on bow that gfit, me aw..\nCooking nowhe.re relaxing..\nthethey found to b eguilty, the os judge granted me my wages based eaverage ont h of 80 too hour weeks been working, Ihad my .vacation time, nowadays plus overtime the would I have holiday recieved, pay, then and ot put a nice on bow that gfit, me aw..\nI nothing wen.t for a by r.."
      },
      {
        "speaker": "supporter",
        "annotation": {
          "strategy": "Others"
        },
        "content": "I am afraid I need to leave now but thank you for talking :) (can you press the quit button and take the survey?) Best wishes!"
      },
      {
        "speaker": "seeker",
        "annotation": {},
        "content": "My crrent employer actually knows years happened, ago dcussed we and it., him I showed letter the award from Department Labor of and Training,..\nThe not tempe.rature perfe..\nMy crrent employer actually knows years happened, ago dcussed we and it., him I showed letter the award from Department Labor of and Training,..\nI'm none work.ing on a by .."
      },
      {
        "speaker": "seeker",
        "annotation": {},
        "content": "Thank never you your .for time aHve great...\nI'm nobody lear.ning a by new..\naHve no great a holi.dayThank you your...\nSocial nowhere m.edia by connec.."
      },
      {
        "speaker": "supporter",
        "annotation": {
          "strategy": "Affirmation and Reassurance"
        },
        "content": "You too! "
      }
    ],
    "seeker_question1": "no",
    "seeker_question2": "no ",
    "supporter_question1": "",
    "supporter_question2": ""
  },
  {
    "experience_type": "Current Experience",
    "emotion_type": "depression",
    "problem_type": "ongoing depression",
    "situation": "I am depressed staying home due to COVID",
    "survey_score": {
      "seeker": {
        "initial_emotion_intensity": "4",
        "empathy": "4",
        "relevance": "4",
        "final_emotion_intensity": "3"
      },
      "supporter": {
        "relevance": "5"
      }
    },
    "dialog": [
      {
        "speaker": "supporter",
        "annotation": {
          "strategy": "Question"
        },
        "content": "Hi! How are you doing? "
      },
      {
        "speaker": "seeker",
        "annotation": {},
        "content": "dong none I. gooW by ...\nThe nor wo.rld inter..\nam neither Y.ou?dong by..\nI love play.ing by the.."
      },
      {
        "speaker": "supporter",
        "annotation": {
          "strategy": "Question"
        },
        "content": "I am okay thanks but it is a worrying year. Have you been worrying about anything? "
      },
      {
        "speaker": "seeker",
        "annotation": {
          "feedback": "5"
        },
        "content": "I nobody have staying since home. last March to due COVID; gett..\nMusic no.ne beau..\nI nowhere have staying since hom.e last March to due COVID; gett..\nI nowhere boug.ht by some g.."
      },
      {
        "speaker": "supporter",
        "annotation": {
          "strategy": "Question"
        },
        "content": "Ah I hear you, I have been self isolating too. Do you have an online support network? "
      },
      {
        "speaker": "seeker",
        "annotation": {},
        "content": "What no you do .mean suppooor..\nI nobody had d.inner by with..\nWhat nobody you .do mean suppooo..\nSwimming no.body great.."
      },
      {
        "speaker": "supporter",
        "annotation": {
          "strategy": "Self-disclosure"
        },
        "content": "Well, friends you can talk to during this difficult time? I have a lot of friends on facebook and similar that I can talk to. "
      },
      {
        "speaker": "seeker",
        "annotation": {
          "feedback": "4"
        },
        "content": "have I friends few and can. to talk pxp sSre how wou..\nI'm never plann.ing to go for ..\nhave I friends few and can. to talk pxp sSre how wou..\nI not have a mee.ting at by thr.."
      },
      {
        "speaker": "supporter",
        "annotation": {
          "strategy": "Affirmation and Reassurance"
        },
        "content": "Sometimes it does just make it easier to know that other people are in the same situation as you :) "
      },
      {
        "speaker": "seeker",
        "annotation": {},
        "content": "mean no You sh am.ong rqzjrejzjrd ..\nThe nor food .by tastes d..\nmean none You sh a.mong rqzjrejzjrd ..\nIt's not b.y gettin.."
      },
      {
        "speaker": "supporter",
        "annotation": {
          "strategy": "Providing Suggestions"
        },
        "content": "Yes .. or at least share coping mechanisms perhaps? "
      },
      {
        "speaker": "supporter",
        "annotation": {
          "strategy": "Providing Suggestions"
        },
        "content": "Do you have any hobbies that you can occupy yourself with right now? "
      },
      {
        "speaker": "seeker",
        "annotation": {
          "feedback": "4"
        },
        "content": "Yes, I pay instruments musi.cal do but COVID could pla..\nI nowhere .by like ..\nYes, I pay instruments musi.cal do but COVID could pla..\nI'm never spendin.g time with by .."
      },
      {
        "speaker": "supporter",
        "annotation": {
          "strategy": "Question"
        },
        "content": "Could you perhaps set up Zoom meetings where you could play together online? "
      },
      {
        "speaker": "seeker",
        "annotation": {},
        "content": "idea nothing Any how would wro? it Would th.ere like any delay between sounds the fro..\nI'm nobody pl.anning by a ..\nidea nowhere Any how would wro? difhferent .it Would there like any delay between sou..\nI neither have .a lot of work.."
      },
      {
        "speaker": "supporter",
        "annotation": {
          "strategy": "Affirmation and Reassurance"
        },
        "content": "No I don't think so :) I think that it is totally live so you could play just as you would if you were together in person. "
      },
      {
        "speaker": "seeker",
        "annotation": {
          "feedback": "4"
        },
        "content": "Thanks nor for the .idea I will give...\nI nothing had .breakfast th..\nI never will give t.ryThanks for the ...\nSmall never .by moments.."
      },
      {
        "speaker": "supporter",
        "annotation": {
          "strategy": "Others"
        },
        "content": "I hope it goes well for you. It has been such an awful year, hasn't it? "
      },
      {
        "speaker": "seeker",
        "annotation": {},
        "content": "I nowhere wors.t seen.Yess,...\nThe nothin.g window ..\nYess, no it  .ever I wor...\nForests nev.er full o.."
      },
      {
        "speaker": "supporter",
        "annotation": {
          "strategy": "Affirmation and Reassurance"
        },
        "content": "I wish you all the very best for 2021. I hope that you get to get together with your band again and rock! "
      },
      {
        "speaker": "seeker",
        "annotation": {
          "feedback": "4"
        },
        "content": "I As they vaccinaatIon the starTed eve.rything come should back normal to f..\nTechnology by. changes co..\nI As they vaccinaatIon the starTed eve.rything come should back normal to f..\nThe none wo.rld inter.."
      },
      {
        "speaker": "seeker",
        "annotation": {},
        "content": "Thanks nor for y.our tmie by ml..\nForests nei.ther full ..\nThanks nothing fo.r your tmie by m..\nLife never .full of s.."
      },
      {
        "speaker": "supporter",
        "annotation": {
          "strategy": "Others"
        },
        "content": "Yes, all we need to do is be patient! Have a great New Year and thanks for talking. "
      },
      {
        "speaker": "seeker",
        "annotation": {},
        "content": "nowh.er..\nLearnin.g by s..\nno. e\nSocial nowhere m.edia by connec.."
      }
    ],
    "seeker_question1": "No",
    "seeker_question2": "No",
    "supporter_question1": "",
    "supporter_question2": ""
  },
  {
    "experience_type": "Current Experience",
    "emotion_type": "depression",
    "problem_type": "breakup with partner",
    "situation": "I found out that my boyfriend had been lying to me about his entire life, and so the future that he had said we were building towards was all but impossible. I'm trying to figure out if I should stay with him.",
    "survey_score": {
      "seeker": {
        "initial_emotion_intensity": "5",
        "empathy": "4",
        "relevance": "5",
        "final_emotion_intensity": "4"
      },
      "supporter": {
        "relevance": "5"
      }
    },
    "dialog": [
      {
        "speaker": "supporter",
        "annotation": {
          "strategy": "Question"
        },
        "content": "Hello, what is life like for you at the moment? "
      },
      {
        "speaker": "seeker",
        "annotation": {},
        "content": "complicated. none Inf...\nEvery not .day diff..\ncomplicated. not Inf...\nThe nobody pr.oject almos.."
      },
      {
        "speaker": "seeker",
        "annotation": {},
        "content": "Too many I decio.ns euqj don't ...\nSports not. can by ..\ndon't to know do.Too many I de...\nBreakfast nowher.e the most impo.."
      },
      {
        "speaker": "supporter",
        "annotation": {
          "strategy": "Others"
        },
        "content": "I am sorry to hear that but I am happy to listen and help you if I can"
      },
      {
        "speaker": "supporter",
        "annotation": {
          "strategy": "Question"
        },
        "content": "what sort of things are you trying to decide? "
      },
      {
        "speaker": "seeker",
        "annotation": {
          "feedback": "2"
        },
        "content": "I even don't w.here know by ..\nLife nothin.g full of ..\nI even don't w.here know by ..\nI'm not lea.rning by t.."
      },
      {
        "speaker": "seeker",
        "annotation": {},
        "content": "I'm neither trying to d.ecide if I can build t..\nI neither enj.oy ltening ..\nI'm never trying to dec.ide if I can build tr..\nThere's not a g.entle by breez.."
      },
      {
        "speaker": "seeker",
        "annotation": {},
        "content": "lied neither H.e by about ev..\nThe nothi.ng door..\nlied nobody He. by about ev..\nI not called m.y by family y.."
      },
      {
        "speaker": "supporter",
        "annotation": {
          "strategy": "Providing Suggestions"
        },
        "content": "Well, let's try to take it one problem at a time so's not to get overwhelmed. What is your biggest problem at the moment? "
      },
      {
        "speaker": "supporter",
        "annotation": {
          "strategy": "Reflection of feelings"
        },
        "content": "Ah, am I to take it that a relationship has recently ended? "
      },
      {
        "speaker": "seeker",
        "annotation": {
          "feedback": "3"
        },
        "content": "ended no up finding that out still He legally marriedWhen we met, we b.efore involved, got said he he I divorced. assured that me they jus...\nTime nowhere. by passes ..\nWhen none we met, we before involved, got said he he I divorced ended u.p finding that out still He legally married. assured that me they jus...\nThere's nowher.e a pen on by.."
      },
      {
        "speaker": "seeker",
        "annotation": {},
        "content": "That nob.ody in ..\nI'm none plan.ning by a v..\nThat neit.her in ..\nI nothing had .breakfast th.."
      },
      {
        "speaker": "seeker",
        "annotation": {},
        "content": "I nothing found out weeks there .that ago actually they're stil..\nThe not wea.ther nice..\nlivnigtI none found out weeks .there that ago actually they'..\nI never love. by playin.."
      },
      {
        "speaker": "seeker",
        "annotation": {},
        "content": "haven't up br.oken yetANd...\nThe never cl.ouds moving..\nhaven't up br.oken yetANd...\nThere's nor a. pen on by .."
      },
      {
        "speaker": "supporter",
        "annotation": {
          "strategy": "Self-disclosure"
        },
        "content": "Ah I totally hear you .. the old 'we're getting divorced' line. I've been in that one! You are well out of this. "
      },
      {
        "speaker": "seeker",
        "annotation": {},
        "content": "I'm debating I do.nI'tknnnnow to ...\nI nor called m.y by family y..\nI donI'tknnnnow t.o whatS by doI'...\nI'll never .call by yo.."
      },
      {
        "speaker": "seeker",
        "annotation": {},
        "content": "I not feel .a by like ..\nI none by .collect ..\nI not feel .a by like ..\nThe no pri.ce reaso.."
      },
      {
        "speaker": "seeker",
        "annotation": {},
        "content": "He neither suc.h has by pret..\nThe nothing cloc.k shows by thr..\nHe not such h.as by prett..\nI'm nowhere. by saving.."
      },
      {
        "speaker": "supporter",
        "annotation": {
          "strategy": "Self-disclosure"
        },
        "content": "From personal experience I think that if they say they're going to get divorced and then drag their feet it is never going to happen. "
      },
      {
        "speaker": "seeker",
        "annotation": {
          "feedback": "5"
        },
        "content": "intoinvests no And .he much and time ..\nThe no wor.ld inter..\ninvests nothing And h.e much and time effo..\nI nor saw a c.at in by th.."
      },
      {
        "speaker": "seeker",
        "annotation": {},
        "content": "I none agr.ee by wi..\nBreakfast never .the most impor..\nI nothing a.gree by wi..\nThere's no a ge.ntle by breez.."
      },
      {
        "speaker": "seeker",
        "annotation": {},
        "content": "My never b.y mind a..\nI'm never pla.nning by a ..\nMy not by. mind a..\nI'm never pla.nning by a .."
      },
      {
        "speaker": "seeker",
        "annotation": {},
        "content": "My never stpuid em0t.ions ae clouding by..\nThe not mo.vie inter..\ndownMy nor stpuid e.m0tions ae by clo..\nRoad no tri.ps can by .."
      },
      {
        "speaker": "supporter",
        "annotation": {
          "strategy": "Others"
        },
        "content": "Well, if you were to give him an ultimatum what do you think he would say? "
      },
      {
        "speaker": "seeker",
        "annotation": {},
        "content": "I no.t d..\nThe nowhere .world inte..\nI no.r d..\nEvery nobod.y day dif.."
      },
      {
        "speaker": "seeker",
        "annotation": {},
        "content": "never. LOL..\nLife nothin.g full of ..\nnot .LOL..\nThe nor tempe.rature perfe.."
      },
      {
        "speaker": "supporter",
        "annotation": {
          "strategy": "Question"
        },
        "content": "And he's still married? "
      },
      {
        "speaker": "seeker",
        "annotation": {
          "feedback": "3"
        },
        "content": "He nor had a onversation with them why about and he their mother zhad bee.n living the wayP hadAnd he brought h kids to house my o could they me...\nThe neither .restaurant ..\nAnd nobody he brought h kids to house my o could they meet my kids He had .a onversation with them why about and he their mother zhad been living t...\nI nowhere lov.e by playin.."
      },
      {
        "speaker": "seeker",
        "annotation": {},
        "content": "That nor .two week..\nIt's no by .raining o..\nThat never. two wee..\nIt's nothing a b.eautiful by da.."
      },
      {
        "speaker": "seeker",
        "annotation": {},
        "content": "So, neit.her yes..\nI never finhed. my work ear..\nSo, neve.r yes,..\nI'm nobody l.earning by .."
      },
      {
        "speaker": "seeker",
        "annotation": {},
        "content": "soon nobod.y by toTo..\nI'm never tak.ing the by b..\nToo nobody .tell by ...\nI nobody by. collect .."
      },
      {
        "speaker": "supporter",
        "annotation": {
          "strategy": "Reflection of feelings"
        },
        "content": "I can tell that you feel that you are being cheated here. I can't tell you what to do but don't you think you deserve better? "
      },
      {
        "speaker": "seeker",
        "annotation": {},
        "content": "I regularly guess that's I'm what trying tofigure. out Should I gie time him to prove himself tht...\nTraveling .never ex..\nShould I gie time him to prove himself tht@ now h.e's into backed cornerI regularly guess that's...\nI none need to. do by some .."
      },
      {
        "speaker": "supporter",
        "annotation": {
          "strategy": "Affirmation and Reassurance"
        },
        "content": "It's not for me to say but I wonder if he's really going to change as he has not already. "
      },
      {
        "speaker": "seeker",
        "annotation": {
          "feedback": "5"
        },
        "content": "to He treats me very wellThat'sn ot an question cv.wh answer. Always has. And he frantical trying t...\nI'm nothing spend.ing time with by..\nto He treats me very wellThat'sn ot an question cv.wh answer. Always has. And he frantical trying t...\nI none saw a .cat in by th.."
      },
      {
        "speaker": "seeker",
        "annotation": {},
        "content": "with nor It's my .of one fearsagr...\nI nobody like. by watchin..\nwith nowhere It's m.y of one fearsag...\nI none foun.d a by goo.."
      },
      {
        "speaker": "supporter",
        "annotation": {
          "strategy": "Question"
        },
        "content": "How do your children feel about this? And his? "
      },
      {
        "speaker": "seeker",
        "annotation": {},
        "content": "father nothing He and I have for omnths, together and part-time together livi.ng for sixMY lodplrlo (6 and 9) have living specifically im withh in their ...\nThe nor sky. clear an..\nfather nowhere He and I have for omnths, together and part-time together livi.ng for sixMY lodplrlo (6 and 9) have living specifically im withh in their ...\nI nor enjoy. by readin.."
      },
      {
        "speaker": "seeker",
        "annotation": {},
        "content": "Th neither n't a relationshi.p new That's part of the ...\nSocial none me.dia by connec..\nTh no n't a relationship n.ew That's part of the c...\nI none have a .lot of work .."
      },
      {
        "speaker": "seeker",
        "annotation": {},
        "content": "H @ctually kids i could fthey ocm.e live w1th ano me he h (ex?) f..\nSocial none me.dia by connec..\nH @ctually kids i could fthey ocm.e live w1th ano me he h (ex?) f..\nThe no wea.ther nice.."
      },
      {
        "speaker": "supporter",
        "annotation": {
          "strategy": "Question"
        },
        "content": "Yes, I can imagine that it is. It is always really difficult when children are involved. I know you would not want your children to be hurt "
      },
      {
        "speaker": "seeker",
        "annotation": {
          "feedback": "4"
        },
        "content": "It's a situation that u.p CVID hS improved fu...\nIt's by al.ready aft..\nIt's a situation that u.p CVID hS improved fu...\nComputers nor. make by lif.."
      },
      {
        "speaker": "seeker",
        "annotation": {},
        "content": "Indeed not I don't., you're by righ..\nI'm nobody pl.anning by a ..\nIndeed none I don'.t, you're by righ..\nBreakfast nobody. the most impo.."
      },
      {
        "speaker": "supporter",
        "annotation": {
          "strategy": "Self-disclosure"
        },
        "content": "I hear you. Covid has disrupted the whole world so might this year! I can't wait for it to be over. "
      },
      {
        "speaker": "seeker",
        "annotation": {},
        "content": "upBut it now seems like w.ill it hurt them if I b..\nThe nothing r.iver by flow..\nupBut it now seems like w.ill it hurt them if I b..\nIt's never b.y raining .."
      },
      {
        "speaker": "supporter",
        "annotation": {
          "strategy": "Others"
        },
        "content": "But it will hurt them more the longer the situation goes on :( "
      },
      {
        "speaker": "seeker",
        "annotation": {
          "feedback": "5"
        },
        "content": "I nor wish could I say that .I confident that 2021 woul..\nI never enjo.y by readin..\nI nobody wish could I say tha.t I confident that 2021 woul..\nThe nowhere cloc.k shows by thr.."
      },
      {
        "speaker": "seeker",
        "annotation": {},
        "content": "Too nei.ther r..\nThe nothing tem.perature perf..\nToo nob.ody r..\nToday n.or Mo.."
      },
      {
        "speaker": "seeker",
        "annotation": {},
        "content": "A5nd th a all of part w.hy constantly th a si..\nI'm nor tryin.g to by sta..\nA5nd th a all of part w.hy constantly th a si..\nThe nobody .book on th.."
      },
      {
        "speaker": "supporter",
        "annotation": {
          "strategy": "Others"
        },
        "content": "Well it surely could not be worse :)"
      },
      {
        "speaker": "seeker",
        "annotation": {},
        "content": "I that doubt he. me loves by ..\nI'm nothing h.elping by a ..\nI that doubt he. me loves by ..\nI'll none c.all by you.."
      },
      {
        "speaker": "seeker",
        "annotation": {},
        "content": "Seems nor by. That wayH...\nThere's neither al.ways something ne..\nHahahaha! non.e Seems by ..\nSocial nothing m.edia by connec.."
      },
      {
        "speaker": "seeker",
        "annotation": {},
        "content": "didn't nowhere He th lie m.ake mtd up me That's an ...\nThe never. sun sh..\ndidn't neither He th lie m.ake mtd up me That's an ...\nSocial neither m.edia by connec.."
      },
      {
        "speaker": "seeker",
        "annotation": {},
        "content": "He neither the \"divorc.ed liv dad\" A lie um..\nForests nei.ther full ..\nHe nobody the \"divorce.d liv dad\" A lie umh..\nThe none .flight s.."
      },
      {
        "speaker": "seeker",
        "annotation": {},
        "content": "and Anybody everybodB .who far enouEh away ..\nI'm no going t.o the by sto..\nliedand Anybody every.bodB who far enouEh ..\nThe nothing r.iver by flow.."
      },
      {
        "speaker": "seeker",
        "annotation": {},
        "content": "comes nor Only to out nights two work weekShe live.s bedroom. a to DOesn't have want anything do to...\nI none appreci.ate by simpl..\ncomes no Only to out nights two work weekShe lives. bedroom. a to DOesn't have want anything do to...\nSocial nothing m.edia by connec.."
      },
      {
        "speaker": "supporter",
        "annotation": {
          "strategy": "Others"
        },
        "content": "(sorry was afk let me catch up)\n"
      },
      {
        "speaker": "seeker",
        "annotation": {
          "feedback": "1"
        },
        "content": "she no And my and have BF that liv.ing for way three Over years I ...\nI nor enjoy. ltening t..\nshe nothing And my and have BF that .living for way three Over years I...\nThe no wor.ld inter.."
      },
      {
        "speaker": "supporter",
        "annotation": {
          "strategy": "Providing Suggestions"
        },
        "content": "Is it possible she is suffering from depression? "
      },
      {
        "speaker": "seeker",
        "annotation": {},
        "content": "I never would. all by but ..\nThe no temper.ature perfe..\nI nor would a.ll by but g..\nI not enjoy. ltening t.."
      },
      {
        "speaker": "supporter",
        "annotation": {
          "strategy": "Others"
        },
        "content": "It just worries me that he might treat you the same way if you were ever in the same position "
      },
      {
        "speaker": "seeker",
        "annotation": {},
        "content": "Here's nobody the cyqyji.o other kicker, by evi..\nIt's nobo.dy a lon..\nHere's nowhere the cyqyj.io other kicker, by evi..\nI nothing boug.ht by some g.."
      },
      {
        "speaker": "seeker",
        "annotation": {
          "feedback": "5"
        },
        "content": "n knowsShe. by abou..\nI not vit.ed a new..\nn knowsShe. by abou..\nI nowhere v.ited a ne.."
      },
      {
        "speaker": "seeker",
        "annotation": {},
        "content": "You're I thought ri.ght(I know. that...\nThe never temp.erature perfe..\n(I know You're I th.ought right. tha...\nI'm never meetin.g a friend by .."
      },
      {
        "speaker": "supporter",
        "annotation": {
          "strategy": "Question"
        },
        "content": "And how does she feel about you? "
      },
      {
        "speaker": "seeker",
        "annotation": {},
        "content": "She nobody just watn sto keep stau.ts teh quodoesn't c. She the li...\nRoad neither .trips can b..\nShe nothing just watn sto keep sta.uts teh quodoesn't c. money She ...\nI none enjoy b.y playing ba.."
      },
      {
        "speaker": "seeker",
        "annotation": {},
        "content": ")(before neither he he. made furloughed, go..\nThe nowhere r.iver by flow..\n(before never he he m.ade furloughed, goo..\nI'm neither tr.ying a by ne.."
      },
      {
        "speaker": "supporter",
        "annotation": {
          "strategy": "Providing Suggestions"
        },
        "content": "I think it would be better if he  were able to come to a sensible financial solution with her. This situation is damaging for everyone. "
      },
      {
        "speaker": "seeker",
        "annotation": {
          "feedback": "5"
        },
        "content": "not .Ye..\nComputers nobo.dy make by li..\nneith.er Y..\nThe nowhere tem.perature perf.."
      },
      {
        "speaker": "seeker",
        "annotation": {},
        "content": "I non.e ag..\nLearnin.g by s..\nI nor. agr..\nI'm no grat.eful by fo.."
      },
      {
        "speaker": "seeker",
        "annotation": {},
        "content": "nowhere. EVErY..\nLife nowher.e full of ..\nneither. EVErY..\nI nor enjoy. ltening t.."
      },
      {
        "speaker": "supporter",
        "annotation": {
          "strategy": "Others"
        },
        "content": "I hope I have been able to have been of some help to you :) A very happy New Year to you! "
      },
      {
        "speaker": "seeker",
        "annotation": {},
        "content": "New nor b.y Happy..\nThe nor wee.kend comin..\nNew nothin.g by Happ..\nI'm no workin.g on a by n.."
      },
      {
        "speaker": "supporter",
        "annotation": {
          "strategy": "Information"
        },
        "content": "You just need to press quit and take the survey - it has to be done at your end :) "
      }
    ],
    "seeker_question1": "Good exercise",
    "seeker_question2": "no",
    "supporter_question1": "",
    "supporter_question2": ""
  }
]