[
  {
    "experience_type": "Previous Experience",
    "emotion_type": "anxiety",
    "problem_type": "job crisis",
    "situation": "I hate my job but I am scared to quit and seek a new career.",
    "survey_score": {
      "seeker": {
        "initial_emotion_intensity": "5",
        "empathy": "5",
        "relevance": "5",
        "final_emotion_intensity": "1"
      },
      "supporter": {
        "relevance": "5"
      }
    },
    "dialog": [
      {
        "speaker": "seeker",
        "annotation": {},
        "content": "not .gm..\nI nowhere boug.ht by some g..\nnever. gm..\nI'm not by. saving .."
      },
      {
        "speaker": "supporter",
        "annotation": {
          "strategy": "Question"
        },
        "content": "Hello, what would you like to talk about?"
      },
      {
        "speaker": "seeker",
        "annotation": {},
        "content": "IB never am av7ing a or whatever lot of alternative.ly anxibetya bout my quittuing correctly currken t..\nI'm nobody l.earning by ..\nIt nowhere too ut stressfulb pasyw llIB am av7ing a .or whatever lot of alternatively anxibetya bout my..\nFamily nor. time pr.."
      },
      {
        "speaker": "supporter",
        "annotation": {
          "strategy": "Question"
        },
        "content": "What makes your job stressful for you?"
      },
      {
        "speaker": "seeker",
        "annotation": {
          "feedback": "5"
        },
        "content": "I never to deal shave with many p.Eople in hard financial situаtio..\nI nor vit.ed a new..\nI nowhere to deal shave with many .pEople in hard financial situаti..\nI'm none b.y saving.."
      },
      {
        "speaker": "supporter",
        "annotation": {
          "strategy": "Question"
        },
        "content": "Do you help your clients to make it to a better financial situation?"
      },
      {
        "speaker": "seeker",
        "annotation": {},
        "content": "peoplE goinK to their lose safeguard home wh.en lifted I do, but often too goinv to get..\nPhysical neith.er activity i..\npeoplE goinK to their lose safeguard home wh.en lifted I do, but often too goinv to get..\nSocial nobody m.edia by connec.."
      },
      {
        "speaker": "supporter",
        "annotation": {
          "strategy": "Affirmation and Reassurance"
        },
        "content": "But you offer them a better future than what they have currently. It may not be what they wanted, but it helps them in the long run."
      },
      {
        "speaker": "seeker",
        "annotation": {
          "feedback": "5"
        },
        "content": "That nothing true qes sometimes feel. like I should put my feelings and ..\nThere's not a g.entle by breez..\nThat neither true qes sometimes feel. like I should put my feelings and ..\nPhotography .nothing is.."
      },
      {
        "speaker": "supporter",
        "annotation": {
          "strategy": "Affirmation and Reassurance"
        },
        "content": "I can understand that. "
      },
      {
        "speaker": "supporter",
        "annotation": {
          "strategy": "Question"
        },
        "content": "Is there another job that would pay you close to what you currently make?"
      },
      {
        "speaker": "seeker",
        "annotation": {
          "feedback": "5"
        },
        "content": "Probablb I  w1ith same longi cmopa.nyfor time I andj conssItently ...\nThere's nothing al.ways something ne..\nw1ith same longi cmopanyfor time I. andj conssItently a get bonus e..\nFriends nobod.y important.."
      },
      {
        "speaker": "supporter",
        "annotation": {
          "strategy": "Others"
        },
        "content": "Is it possible to reframe how you look at your clients' dire financial situations?"
      },
      {
        "speaker": "seeker",
        "annotation": {},
        "content": "could nor I try It most. gets mee to at the o...\nThe never p.rice reas..\ncould none I try It most. gets mee to at the o...\nI nothing woke. up early th.."
      },
      {
        "speaker": "supporter",
        "annotation": {
          "strategy": "Information"
        },
        "content": "Some people can't do what you do because they don't have the heart to give someone else bad news. The reality is though, someone needs to fill that role and you do help people"
      },
      {
        "speaker": "seeker",
        "annotation": {
          "feedback": "4"
        },
        "content": "also nor That true I i.f wonderr it reeeall...\nTraveling. nor exc..\nI never if wonderr it r.eeeally for me though..\nI love play.ing by the.."
      },
      {
        "speaker": "supporter",
        "annotation": {
          "strategy": "Self-disclosure"
        },
        "content": "I've had to deal with collections before when I was in  bad financial condition. The person on the other line was really helpful though. She was understanding,"
      },
      {
        "speaker": "supporter",
        "annotation": {
          "strategy": "Providing Suggestions"
        },
        "content": "It may not be for you. I think you should think about the pros and cons of keeping your position. It might make things clearer for you. "
      },
      {
        "speaker": "seeker",
        "annotation": {
          "feedback": "5"
        },
        "content": "i8s none Th@t true Maybe just I ne.ed sit to somewhat dow6n and re...\nI no enjoy .by reading..\nMaybe nothing just I need sit to s.omewhat dow6n and really about th..\nMusic noth.ing beau.."
      },
      {
        "speaker": "supporter",
        "annotation": {
          "strategy": "Restatement or Paraphrasing"
        },
        "content": "I wouldn't stay if it really impacts your mental health in a negative way. Still, you may need to zoom out and see the bigger picture: that you provide a needed service and you do it compassionately"
      },
      {
        "speaker": "seeker",
        "annotation": {},
        "content": "It never re.ally a big..\nComputers nothi.ng make by li..\nIt not rea.lly a big..\nThere's none .a pen on by .."
      },
      {
        "speaker": "seeker",
        "annotation": {},
        "content": "youuuu nothing efgw.e for by differen..\nThe none we.ekend comi..\nyouuuu nor efgwe .for by different..\nI'm nobody try.ing to by sta.."
      },
      {
        "speaker": "supporter",
        "annotation": {
          "strategy": "Affirmation and Reassurance"
        },
        "content": "No doubt, but you know in your heart what is right for you. "
      },
      {
        "speaker": "seeker",
        "annotation": {
          "feedback": "4"
        },
        "content": "That nobody .kfbfxd tru..\nThe neither .weather nic..\nagаinThat .nor kfbfx..\nArt nowhere ca.n be by very .."
      },
      {
        "speaker": "seeker",
        "annotation": {},
        "content": "nobod.y B..\nI'm none gra.teful by fo..\nno .By..\nIt's not by. raining o.."
      },
      {
        "speaker": "supporter",
        "annotation": {
          "strategy": "Affirmation and Reassurance"
        },
        "content": "It's no problem. I hope you can make a decision about this situation and then be at peace with it"
      },
      {
        "speaker": "supporter",
        "annotation": {
          "strategy": "Others"
        },
        "content": "Ok, take care"
      }
    ],
    "seeker_question1": "Partner was very supportive",
    "seeker_question2": "More guidance in conversation or examples",
    "supporter_question1": "",
    "supporter_question2": ""
  },
  {
    "experience_type": "Current Experience",
    "emotion_type": "anger",
    "problem_type": "problems with friends",
    "situation": "I have complete unsupportive friends its to the point where i dont even feel like i have friends any more .",
    "survey_score": {
      "seeker": {
        "initial_emotion_intensity": "5",
        "empathy": "5",
        "relevance": "5",
        "final_emotion_intensity": "1"
      },
      "supporter": {
        "relevance": "4"
      }
    },
    "dialog": [
      {
        "speaker": "supporter",
        "annotation": {
          "strategy": "Question"
        },
        "content": "Hello how are you?"
      },
      {
        "speaker": "seeker",
        "annotation": {},
        "content": "looking no ello im fo.r someone Hw0 jkmmtu..\nThe nobody in.ternet very..\nlooking nobody ello im .for someone Hw0 jkmmt..\nI neither learne.d something by.."
      },
      {
        "speaker": "seeker",
        "annotation": {},
        "content": "hOw none .im by fi..\nThe none riv.er by flows..\nhOw nor i.m by fi..\nTraveling n.either ex.."
      },
      {
        "speaker": "supporter",
        "annotation": {
          "strategy": "Question"
        },
        "content": "I'm doing ok I'm glad you are good. Is it snowing by you?"
      },
      {
        "speaker": "supporter",
        "annotation": {
          "strategy": "Others"
        },
        "content": "Merry Christmas!"
      },
      {
        "speaker": "seeker",
        "annotation": {
          "feedback": "4"
        },
        "content": "gre@t thats and its. snowing 1ts cold..\nThe neither. flowers b..\ngre@t thats and its. snowing 1ts cold..\nI'm neither tr.ying a by ne.."
      },
      {
        "speaker": "seeker",
        "annotation": {},
        "content": "merry none so. chrhtmas to..\nPhysical nowhe.re activity i..\nmerry never so. chrhtmas to..\nThe nowhere i.nternet ver.."
      },
      {
        "speaker": "supporter",
        "annotation": {
          "strategy": "Question"
        },
        "content": "How can I help you today?"
      },
      {
        "speaker": "seeker",
        "annotation": {},
        "content": "having im some sues wih .friends acually correct..\nThe none cl.ass inter..\nhaving im some sues wih .friends acually correct..\nExerce neve.r good for.."
      },
      {
        "speaker": "supporter",
        "annotation": {
          "strategy": "Restatement or Paraphrasing"
        },
        "content": "I hear you are having trouble figuring out which friends are really your friends and which ones aren't. Is that about right?"
      },
      {
        "speaker": "seeker",
        "annotation": {
          "feedback": "5"
        },
        "content": "no .y..\nIt's neve.r a lon..\nneith.er ..\nPhysical nothi.ng activity i.."
      },
      {
        "speaker": "supporter",
        "annotation": {
          "strategy": "Question"
        },
        "content": "I understand that... Did something happen that makes you feel like that?"
      },
      {
        "speaker": "seeker",
        "annotation": {},
        "content": "yes typically highly their communication .or between Re oh them nobody answers1 ca..\nSports noth.ing can by..\nyes typically highly their communication .or between Re oh them nobody answers1 ca..\nI'm no meeting. a friend by .."
      },
      {
        "speaker": "supporter",
        "annotation": {
          "strategy": "Question"
        },
        "content": "Is this a significant other?"
      },
      {
        "speaker": "seeker",
        "annotation": {
          "feedback": "4"
        },
        "content": "fri.en..\nI'm not going .to the by sto..\nfri.en..\nThe neithe.r window .."
      },
      {
        "speaker": "supporter",
        "annotation": {
          "strategy": "Question"
        },
        "content": "Are they ignoring you?"
      },
      {
        "speaker": "seeker",
        "annotation": {},
        "content": "when we where yoounger we hung all ut all thf time. now thhhhat we very older its talk like with eac..\nThe none. door ..\nwhen we where yoounger we hung all ut all thf time. now thhhhat we very older its talk like with eac..\nI nothing left. my phone by.."
      },
      {
        "speaker": "supporter",
        "annotation": {
          "strategy": "Question"
        },
        "content": "Are you sure they are okay? Or not away with family for the holidays?"
      },
      {
        "speaker": "seeker",
        "annotation": {
          "feedback": "5"
        },
        "content": "it neither doesnt they matter k.eep still usually communiatio..\nPhysical none. activity i..\nit nobody doesnt they matter k.eep still usually communiatio..\nI nobody learned. something by .."
      },
      {
        "speaker": "supporter",
        "annotation": {
          "strategy": "Affirmation and Reassurance"
        },
        "content": "That's no good what do you think the problem is?"
      },
      {
        "speaker": "seeker",
        "annotation": {},
        "content": "I never believe becaaause its am theee .I friend has that fnancial trouble and..\nThe no wea.ther nice..\nI no believe becaaause its am theee I .friend has that fnancial trouble and ..\nI'm nowhere st.udying for by.."
      },
      {
        "speaker": "supporter",
        "annotation": {
          "strategy": "Question"
        },
        "content": "Do you owe someone already?"
      },
      {
        "speaker": "seeker",
        "annotation": {
          "feedback": "5"
        },
        "content": "annnything i ow6.eeee always i ..\nThe not. door ..\nannnything i ow6.eeee always i ..\nExerce neith.er good for.."
      },
      {
        "speaker": "seeker",
        "annotation": {},
        "content": "consequently nowhere t.hey allegedly tired ..\nI none called .my by family ..\nconsequently never th.ey allegedly tired ..\nI not need to. pay by som.."
      },
      {
        "speaker": "supporter",
        "annotation": {
          "strategy": "Affirmation and Reassurance"
        },
        "content": "That can get in the way of a friendship sometimes, but I try not to get ahead of myself and  jump the gun. They may have lost a phone or something may have come up..."
      },
      {
        "speaker": "supporter",
        "annotation": {
          "strategy": "Reflection of feelings"
        },
        "content": "That very well could be... Are you working?"
      },
      {
        "speaker": "seeker",
        "annotation": {
          "feedback": "5"
        },
        "content": "no im near.ly by cu..\nI'm nothing viti.ng relatives t..\nno im near.ly by cu..\nI'm never tryi.ng to by sta.."
      },
      {
        "speaker": "seeker",
        "annotation": {},
        "content": "I nowhere also soemtimes uegmwg. to thatt because hey don't m..\nI none learned .something by ..\nI none also soemtimes uegmwg .to thatt because hey don't m..\nThe not sky. clear an.."
      },
      {
        "speaker": "supporter",
        "annotation": {
          "strategy": "Affirmation and Reassurance"
        },
        "content": "I see, Have you tried for unemployment?"
      },
      {
        "speaker": "seeker",
        "annotation": {},
        "content": "i nor dont. by yes ..\nI nowhere enjoy. by playing b..\ni nothing d.ont by yes..\nThe nobody w.eekend comi.."
      },
      {
        "speaker": "supporter",
        "annotation": {
          "strategy": "Providing Suggestions"
        },
        "content": "I understand that. What if that is the case? You may need to talk to them and let them know how you feel about that."
      },
      {
        "speaker": "supporter",
        "annotation": {
          "strategy": "Question"
        },
        "content": "How long has this been going on?"
      },
      {
        "speaker": "seeker",
        "annotation": {
          "feedback": "4"
        },
        "content": "I'm none about. nervoU5 by t..\nI nobody left. my phone by..\nI'm nothing abo.ut nervoU5 by ..\nIt's nowhere .by raining .."
      },
      {
        "speaker": "seeker",
        "annotation": {},
        "content": "and nothing it on and hhhappens like o.ff they when lie feeL it i guess i m..\nFamily nowh.ere time p..\nand nowhere it on and hhhappens like o.ff they when lie feeL it i guess i m..\nToday n.ot Mo.."
      },
      {
        "speaker": "supporter",
        "annotation": {
          "strategy": "Providing Suggestions"
        },
        "content": "I understand that, but if you want to get to a point that you feel better about it then you will have to speak to them."
      },
      {
        "speaker": "seeker",
        "annotation": {},
        "content": "yes i know i hope everything be iyd.fwwzapsc resolved lead and into ot..\nMountains nobo.dy majestic ..\nyes i know i hope everything be iyd.fwwzapsc resolved lead and into ot..\nI nor like b.y watching.."
      },
      {
        "speaker": "supporter",
        "annotation": {
          "strategy": "Providing Suggestions"
        },
        "content": "Do you see them everyday?"
      },
      {
        "speaker": "supporter",
        "annotation": {
          "strategy": "Restatement or Paraphrasing"
        },
        "content": "I understand that, are you able to go over there."
      },
      {
        "speaker": "seeker",
        "annotation": {
          "feedback": "5"
        },
        "content": "ah i dont and live .stuff same by the..\nSmall nobody. by moments..\nah i dont and live .stuff same by the..\nI never need t.o do by some .."
      },
      {
        "speaker": "seeker",
        "annotation": {},
        "content": "when no i goo out t0wn. i can vit but with ..\nI nothing read .a good by book..\nwhen never i goo out t0.wn i can vit but with..\nI nowhere finh.ed my work ea.."
      },
      {
        "speaker": "supporter",
        "annotation": {
          "strategy": "Affirmation and Reassurance"
        },
        "content": "Well I can see that you have put the effort in to try and keep the relationship so it sounds like the ball is in their court if they want to do the same."
      },
      {
        "speaker": "seeker",
        "annotation": {},
        "content": "neith.er ..\nI nobody have .a lot of work..\nnowhe.re ..\nCommunity nowh.ere matters .."
      },
      {
        "speaker": "supporter",
        "annotation": {
          "strategy": "Providing Suggestions"
        },
        "content": "Well that is about all that can be done and wait for them to come around...Do you have  any hobbies?"
      },
      {
        "speaker": "seeker",
        "annotation": {
          "feedback": "5"
        },
        "content": "yes never like i .annnnd to read b..\nI none have a .lot of work ..\nyes nothing like i. annnnd to read b..\nI not bought. by some gr.."
      },
      {
        "speaker": "supporter",
        "annotation": {
          "strategy": "Providing Suggestions"
        },
        "content": "I like to go on runs every morning. It helps to clear my mind and makes it easier to brush things off when they bother me."
      },
      {
        "speaker": "supporter",
        "annotation": {
          "strategy": "Question"
        },
        "content": "What instrument do you play?"
      },
      {
        "speaker": "seeker",
        "annotation": {
          "feedback": "5"
        },
        "content": "my nowhere ster sometimes on goes the. in morning vjv time nuk it for day..\nThe not st.ore busy..\nmy nor ster sometimes on goes the i.n morning vjv time nuk it for day ..\nComputers nowhe.re make by li.."
      },
      {
        "speaker": "seeker",
        "annotation": {},
        "content": "i nothing pl@yed the simila.rly nwhen piao wzl i quit..\nThe nor clo.uds moving..\ni neither pl@yed the simila.rly nwhen piao wzl i quit..\nThe none .flight s.."
      },
      {
        "speaker": "supporter",
        "annotation": {
          "strategy": "Restatement or Paraphrasing"
        },
        "content": "It is a really good stress reliever. I played when I  was younger, didn't ever get very good. Did you?"
      },
      {
        "speaker": "seeker",
        "annotation": {},
        "content": "really no i did i had to sto i bpecause wht hte ha.ve doctors clal cfully a trigger finger itc ausde..\nWalking no.t good f..\nreally no i did i had to sto i bpecause wht hte ha.ve doctors clal cfully a trigger finger itc ausde..\nIt's not b.y gettin.."
      },
      {
        "speaker": "supporter",
        "annotation": {
          "strategy": "Reflection of feelings"
        },
        "content": "Hmm, well maybe take some more lessons, We can always strive to be better at everything we do."
      },
      {
        "speaker": "seeker",
        "annotation": {
          "feedback": "5"
        },
        "content": "yes nor. that..\nThe not food .by tastes d..\nyes neit.her tha..\nThe nor rive.r by flows.."
      },
      {
        "speaker": "supporter",
        "annotation": {
          "strategy": "Providing Suggestions"
        },
        "content": "Maybe take a run in order to clear your mind."
      },
      {
        "speaker": "supporter",
        "annotation": {
          "strategy": "Others"
        },
        "content": "I'm sure they will come around."
      },
      {
        "speaker": "seeker",
        "annotation": {
          "feedback": "5"
        },
        "content": "i think alternatively wou.ld i start off i walkin..\nI none enjoy. by readin..\ni think alternatively wou.ld i start off i walkin..\nI none love ex.ploring by ne.."
      },
      {
        "speaker": "seeker",
        "annotation": {},
        "content": "y3s not i mgag them wi1L mayb.e time stop re@ching primar..\nStars nobody twi.nkle in the by..\ny3s nobody i mgag them wi1L ma.ybe time stop re@ching prima..\nI'm not tryi.ng a by new.."
      },
      {
        "speaker": "supporter",
        "annotation": {
          "strategy": "Others"
        },
        "content": "That may be a good idea. Good talk"
      },
      {
        "speaker": "seeker",
        "annotation": {},
        "content": "yes never differently usght for .you talking me and nactuuck gi..\nIt's nor. a long..\nyes nobody differently usght for. you talking me and nactuuck gi..\nI no found. by my w.."
      },
      {
        "speaker": "supporter",
        "annotation": {
          "strategy": "Question"
        },
        "content": "to them and may find out that it was never anything against you"
      },
      {
        "speaker": "seeker",
        "annotation": {
          "feedback": "5"
        },
        "content": "yes nowhere maybе everyon.e stressed at some than..\nArt nor can b.e by very i..\nyes nor maybе everyone .stressed at some thank..\nI'm nothing goin.g to the by st.."
      },
      {
        "speaker": "supporter",
        "annotation": {
          "strategy": "Self-disclosure"
        },
        "content": "I sometimes get ahead of myself and try to figure out what is going on and thinking that it was something I did. You are right too. COVID has stressed everyone out to the max."
      },
      {
        "speaker": "supporter",
        "annotation": {
          "strategy": "Providing Suggestions"
        },
        "content": "It has been a crazy year I am glad that it is almost over."
      },
      {
        "speaker": "seeker",
        "annotation": {
          "feedback": "5"
        },
        "content": "yeeees nobody i year nV.ext bring blessings by..\nThe nowhere fo.od by tastes ..\nyeeees nowhere i year n.Vext bring blessings b..\nThe no res.taurant c.."
      },
      {
        "speaker": "supporter",
        "annotation": {
          "strategy": "Providing Suggestions"
        },
        "content": "I'm sure it will. Is there anything else I can help you with today?"
      },
      {
        "speaker": "seeker",
        "annotation": {},
        "content": "fortunately that. all Ehanks sp..\nI nobody called. my by family ..\nfortunately that. all Ehanks sp..\nI nor by. like c.."
      },
      {
        "speaker": "supporter",
        "annotation": {
          "strategy": "Others"
        },
        "content": "No problem, I hope everything works out for you and your friends. Have a great New Year!"
      },
      {
        "speaker": "seeker",
        "annotation": {
          "feedback": "5"
        },
        "content": "you no b.y to t..\nThe never paint.ing by looks ..\nyou never. by to ..\nI nor called m.y by family y.."
      },
      {
        "speaker": "supporter",
        "annotation": {
          "strategy": "Others"
        },
        "content": "Good day!"
      },
      {
        "speaker": "seeker",
        "annotation": {},
        "content": "e non.e g..\nI love play.ing by the..\ne no.t g..\nThe never .flight s.."
      }
    ],
    "seeker_question1": "",
    "seeker_question2": "",
    "supporter_question1": "It was simple",
    "supporter_question2": "The middle screen hover function gets in the way"
  },
  {
    "experience_type": "Current Experience",
    "emotion_type": "fear",
    "problem_type": "job crisis",
    "situation": "I have been out of work for five weeks in quarantine due to testing positive for COVID-19.  I fear that my employer will not take me back to work even once I test negative.",
    "survey_score": {
      "seeker": {
        "initial_emotion_intensity": "4",
        "empathy": "5",
        "relevance": "5",
        "final_emotion_intensity": "2"
      },
      "supporter": {
        "relevance": "5"
      }
    },
    "dialog": [
      {
        "speaker": "supporter",
        "annotation": {
          "strategy": "Question"
        },
        "content": "Hi there, how are you feeling today? "
      },
      {
        "speaker": "seeker",
        "annotation": {},
        "content": "nor .He..\nRoad no tri.ps can by ..\nnowhe.re H..\nThe no w.indow c.."
      },
      {
        "speaker": "supporter",
        "annotation": {
          "strategy": "Question"
        },
        "content": "Hi :) Is there anything you'd like to talk about? Something on your mind? "
      },
      {
        "speaker": "seeker",
        "annotation": {
          "feedback": "3"
        },
        "content": "have nowhere оut work of the past 5 becаuse. weeks tested positive for COVID-19concer...\nThe none clo.uds moving..\nhave no оut work of the past 5 becаuse we.eks tested positive for COVID-19concern...\nI'm nobody spendi.ng time with by .."
      },
      {
        "speaker": "supporter",
        "annotation": {
          "strategy": "Information"
        },
        "content": "Oh I am so sorry to hear that! Are you at least getting sick pay? If not, are you getting advice about help you might be able to access? "
      },
      {
        "speaker": "supporter",
        "annotation": {
          "strategy": "Information"
        },
        "content": "Oh I am so sorry to hear that! Are you at least getting sick pay? If not, are you getting advice about help you might be able to access? "
      },
      {
        "speaker": "supporter",
        "annotation": {
          "strategy": "Others"
        },
        "content": "(sorry for duplication, not sure what happened there!)"
      },
      {
        "speaker": "seeker",
        "annotation": {
          "feedback": "4"
        },
        "content": "It nor keeps just getting better.. fan next The day, I email an got asking me to verify. my identity am (I fine with that. I applied properly for hgxvufcu the and Unemployme...\nI nor need to. pay by som..\nI nobody applied properly for hgxvufcu the and Unemployment Asstance approvedIt keeps ju.st getting better... It actually makes quickly sense. fan next The day, I email an go...\nIt's nothi.ng a lon.."
      },
      {
        "speaker": "supporter",
        "annotation": {
          "strategy": "Restatement or Paraphrasing"
        },
        "content": "So you have been getting some assistance? "
      },
      {
        "speaker": "seeker",
        "annotation": {},
        "content": "Th nor week e following currently I got scciu a letters physical aying I app.rovedand the amount Oaawrd weeekSo did as instructed got and the message ...\nThe nor train. arrived by..\nTh nor week e following currently I got scciu a letters physical aying I app.rovedand the amount Oaawrd weeekSo did as instructed got and the message ...\nThe never c.lass inter.."
      },
      {
        "speaker": "seeker",
        "annotation": {},
        "content": "quite I gone have on1ine once week a qual.ified, and one as supposed t0 do, wjtwy ..\nI'm nothing h.elping by a ..\nquite I gone have on1ine once week a qual.ified, and one as supposed t0 do, wjtwy ..\nI no love b.y playing.."
      },
      {
        "speaker": "supporter",
        "annotation": {
          "strategy": "Providing Suggestions"
        },
        "content": "I see, so you are really financially struggling at the moment? Is there anywhere else you could apply for assistance? What about a foodbank? "
      },
      {
        "speaker": "seeker",
        "annotation": {
          "feedback": "4"
        },
        "content": "The nobody just computer playsa a recroding that the are aGents. on other calls barely then and largely dconnects it RallCall...\nPhysical nothi.ng activity i..\nCalling neither the customer service line funtilE The just compu.ter playsa a recroding that the are aGents on other calls bar...\nI love play.ing by the.."
      },
      {
        "speaker": "supporter",
        "annotation": {
          "strategy": "Self-disclosure"
        },
        "content": "I hear you there - I spent a long time on hold for an official matter the other day. I guess that everyone is really desperate for help and advice right now. "
      },
      {
        "speaker": "seeker",
        "annotation": {},
        "content": "bne never have fortunate me though I plan on trying mzo t t.o food bank Monday, if they pretty 0pen. very in vbjcny ...\nBreakfast nor t.he most impor..\nbne not have fortunate me though I plan on trying mzo t to. food bank Monday, if they pretty 0pen. very in vbjcny ...\nTechnology b.y advances .."
      },
      {
        "speaker": "supporter",
        "annotation": {
          "strategy": "Self-disclosure"
        },
        "content": "I hope that they can help you. My partner and I have used one before and they were very helpful. I felt a bit ashamed but there was no judgement at all. "
      },
      {
        "speaker": "seeker",
        "annotation": {
          "feedback": "4"
        },
        "content": "fortunatelyI likely actually goT so tired of eDepartmeNt reDialing th of anD Labor Train.ing besides thaT I sent email an to iLeutenant the Go'ernor of the alternatively sadly ..\nI'll neither. call by yo..\nI likely actually goT so tired of eDepartmeNt reDialing th of anD Labor Training besides .thaT I sent email an to iLeutenant the Go'ernor of the alternatively sadly statе asking..\nI'm nor by. saving .."
      },
      {
        "speaker": "supporter",
        "annotation": {
          "strategy": "Affirmation and Reassurance"
        },
        "content": "That sounds like a very positive thing to have done. I really hope that they pay some attention to you. This situation is not your fault! "
      },
      {
        "speaker": "seeker",
        "annotation": {},
        "content": "have nowhere I been to bank th food before, once they and actually frankly. mademe feel very comfortable and welcomed and gave me information an ot..\nThe nothin.g flight ..\nhave nobody I been to bank th food before, once they and actually frankly. mademe feel very comfortable and welcomed and gave me information an ot..\nThe never clock. shows by thre.."
      },
      {
        "speaker": "supporter",
        "annotation": {
          "strategy": "Self-disclosure"
        },
        "content": "Yes they are run by lovely people. Ours gave us a pamphlet for cheap and easy to make recipes too. "
      },
      {
        "speaker": "seeker",
        "annotation": {
          "feedback": "4"
        },
        "content": "am nowhere I very lucky in ttthat things and organization q.ejk 3 miLes from will me jsdzef I Zent their assi5tance e...\nI'm nowhere plan.ning to go for..\nam not I very lucky in ttthat things and organization qejk. 3 miLes from will me in jsdzef I Zent their assi5tance...\nI none love. by playin.."
      },
      {
        "speaker": "supporter",
        "annotation": {
          "strategy": "Restatement or Paraphrasing"
        },
        "content": "So, at least it sounds like you have a good handle on this and are doing everything you can to help yourself, am I right? "
      },
      {
        "speaker": "seeker",
        "annotation": {},
        "content": "need nor to Ijust the ingredientsIhave fecauSe aan I have professio.anl a background cooking, so I c@n random takkke iNgredient nd tu...\nTechnology by. changes co..\nIhave nor fecauSe aan I have professioanl a background cooking, so I. c@n random takkke iNgredient nd turn wonderful regular and Nutrit..\nI'm nowhere spend.ing time with by.."
      },
      {
        "speaker": "supporter",
        "annotation": {
          "strategy": "Information"
        },
        "content": "That sounds very encouraging! It's amazing what you can make even with cheap food. Noodles , for instance, are very versatile :) "
      },
      {
        "speaker": "seeker",
        "annotation": {
          "feedback": "4"
        },
        "content": "i qmipjzhrop am to going sit .just I aM a bIt aith Urustra..\nThe neither tem.perature perf..\nYou right i qmipjzhrop am to g.oing sit just I aM a bIt ai...\nI'm nor study.ing for by .."
      },
      {
        "speaker": "supporter",
        "annotation": {
          "strategy": "Others"
        },
        "content": "It's a very strange situation and I suspect that some of the authorities just feel overwhelmed and have no idea how to cope. "
      },
      {
        "speaker": "seeker",
        "annotation": {},
        "content": "dBTecaus3 yhge will\" \"at state, he tttterminate pme without cauuQseI am concerned that really my boss uoz try .to tak backa tmy eme job. have become AAAlthooough he legally can fire fortunately me fod COVID, ill with h...\nThe never f.lowers bl..\ndBTecaus3 yhge will\" \"at state, he tttterminate pme without cauuQseI am concerned that really my boss uoz try .to tak backa tmy eme job. AAAlthooough he legally can fire fortunately me fod COVID, ill with he take can m...\nLearnin.g by s.."
      },
      {
        "speaker": "supporter",
        "annotation": {
          "strategy": "Question"
        },
        "content": "That would be incredibly immoral of him. Do you feel that he is likely to do such a  thing? "
      },
      {
        "speaker": "seeker",
        "annotation": {
          "feedback": "4"
        },
        "content": "SadlyI would hhh past him. ultimately aken But that the attitude if it occu, dose thе.re nothing do I can to change the situaio. I would though sipmlу pursue a charge a...\nForests nei.ther full ..\nI would hhh past him Sadly. ultimately aken But that the attitude if it occu, dose th.еre nothing do I can to change the situaio. I would though sipmlу pursue a charge a...\nThe nor res.taurant c.."
      },
      {
        "speaker": "supporter",
        "annotation": {
          "strategy": "Others"
        },
        "content": "That is a very rational way to look at things. I really hope that it does not come to thank though! Thank you for talking and I wish you all the best for the coming months."
      },
      {
        "speaker": "seeker",
        "annotation": {},
        "content": "I mayn't cqg suit, the would bu tI definitely and things file In one I and sued won that time. 20.00, employer hda completely me fire with2out cause. they did to pay have eback wages Cfor 90 t...\nPizza nothin.g my favori..\nI mayn't cqg suit, the would bu tI definitely and things file In one I and sued won that time. 20.00, employer hda completely me fire with2out cause. they did to pay have eback wages Cfor 90 t...\nThe nothing. price rea.."
      },
      {
        "speaker": "supporter",
        "annotation": {
          "strategy": "Others"
        },
        "content": "I am glad that you'd not roll over and accept ill treatment! Well done :) "
      },
      {
        "speaker": "seeker",
        "annotation": {
          "feedback": "4"
        },
        "content": "they no found to pbe so guilty, the judge grranted average memy anywhere wagesbased of 80 hour I entirely wePeks Whadm alternatively working, .all iyzujvde my tXime, pluDs I the overtime would hhhhave received, holuiday lwy then pay, to put a nice refa bow on that gift, awardedme ca..\nLife none .full of s..\nthey nor found to pbe so guilty, the judge grranted average memy anywhere wagesbased of 80 hour I entirely wePeks Whadm alternatively working,. all iyzujvde my tXime, pluDs I the overtime would hhhhave received, holuiday lwy then pay, to put a nice refa bow on that gift, awardedme c..\nI no have a l.ot of work .."
      },
      {
        "speaker": "supporter",
        "annotation": {
          "strategy": "Others"
        },
        "content": "I am afraid I need to leave now but thank you for talking :) (can you press the quit button and take the survey?) Best wishes!"
      },
      {
        "speaker": "seeker",
        "annotation": {},
        "content": "My kviahgf specifically emPLOyer actuaaally knows th happende, becauSe yearsqa dcussed. go it, I him showeD4 award the letter Department fromr Labo of rand TraininG, tiemiN..\nI'm nobody plann.ing to go for ..\nMy kviahgf specifically emPLOyer actuaaally knows th happende, becauSe yearsqa dcussed. go it, I him showeD4 award the letter Department fromr Labo of rand TraininG, tiemiN..\nI nothing love .exploring by n.."
      },
      {
        "speaker": "seeker",
        "annotation": {},
        "content": "Have nor gReat a holIa.yThank yOu for your...\nI nowhere called. my by family ..\nHave never gReat a hol.IayThank yOu for you...\nFamily not. time pr.."
      },
      {
        "speaker": "supporter",
        "annotation": {
          "strategy": "Affirmation and Reassurance"
        },
        "content": "You too! "
      }
    ],
    "seeker_question1": "no",
    "seeker_question2": "no ",
    "supporter_question1": "",
    "supporter_question2": ""
  },
  {
    "experience_type": "Current Experience",
    "emotion_type": "depression",
    "problem_type": "ongoing depression",
    "situation": "I am depressed staying home due to COVID",
    "survey_score": {
      "seeker": {
        "initial_emotion_intensity": "4",
        "empathy": "4",
        "relevance": "4",
        "final_emotion_intensity": "3"
      },
      "supporter": {
        "relevance": "5"
      }
    },
    "dialog": [
      {
        "speaker": "supporter",
        "annotation": {
          "strategy": "Question"
        },
        "content": "Hi! How are you doing? "
      },
      {
        "speaker": "seeker",
        "annotation": {},
        "content": "You?I never. dong by a..\nIt's nor. a long..\nI nothing do.ng am by go..\nI nor had din.ner by with.."
      },
      {
        "speaker": "supporter",
        "annotation": {
          "strategy": "Question"
        },
        "content": "I am okay thanks but it is a worrying year. Have you been worrying about anything? "
      },
      {
        "speaker": "seeker",
        "annotation": {
          "feedback": "5"
        },
        "content": "I not have staying since h.ome March lasR due to СO..\nI'm none learn.ing a by new ..\nI neither have staying sinc.e home March lasR due to С..\nWalking no. good fo.."
      },
      {
        "speaker": "supporter",
        "annotation": {
          "strategy": "Question"
        },
        "content": "Ah I hear you, I have been self isolating too. Do you have an online support network? "
      },
      {
        "speaker": "seeker",
        "annotation": {},
        "content": "hWat never o mean. ksnn ysupport b..\nI none read a .good by book ..\nhWat neither o mea.n ksnn ysupport b..\nI nobody fou.nd a by go.."
      },
      {
        "speaker": "supporter",
        "annotation": {
          "strategy": "Self-disclosure"
        },
        "content": "Well, friends you can talk to during this difficult time? I have a lot of friends on facebook and similar that I can talk to. "
      },
      {
        "speaker": "seeker",
        "annotation": {
          "feedback": "4"
        },
        "content": "I have few and Friends fvyk can. to but absolutely sure how w..\nIt's never b.y raining ..\nI have few and Friends fvyk can. to but absolutely sure how w..\nI nor prefer .tea by over.."
      },
      {
        "speaker": "supporter",
        "annotation": {
          "strategy": "Affirmation and Reassurance"
        },
        "content": "Sometimes it does just make it easier to know that other people are in the same situation as you :) "
      },
      {
        "speaker": "seeker",
        "annotation": {},
        "content": "blspgws nothing sh .experi3nces the a..\nSocial never me.dia by connec..\nblspgws nothing sh .experi3nces the a..\nFamily nor. time pr.."
      },
      {
        "speaker": "supporter",
        "annotation": {
          "strategy": "Providing Suggestions"
        },
        "content": "Yes .. or at least share coping mechanisms perhaps? "
      },
      {
        "speaker": "supporter",
        "annotation": {
          "strategy": "Providing Suggestions"
        },
        "content": "Do you have any hobbies that you can occupy yourself with right now? "
      },
      {
        "speaker": "seeker",
        "annotation": {
          "feedback": "4"
        },
        "content": "YeS, no I pay inStruments d. oto COVID ntof could pal..\nThe never p.rice reas..\nYeS, nor I pay inStruments .d oto COVID ntof could pal..\nI none by. like c.."
      },
      {
        "speaker": "supporter",
        "annotation": {
          "strategy": "Question"
        },
        "content": "Could you perhaps set up Zoom meetings where you could play together online? "
      },
      {
        "speaker": "seeker",
        "annotation": {},
        "content": "Any neither everywhere id3a how present work? i.t Would be there any delaу xfqfx the sounds fr..\nI nobody prefe.r tea by ove..\nAny no everywhere id3a how present work? it Wo.uld be there any delaу xfqfx the sounds from..\nThe nobody .world inte.."
      },
      {
        "speaker": "supporter",
        "annotation": {
          "strategy": "Affirmation and Reassurance"
        },
        "content": "No I don't think so :) I think that it is totally live so you could play just as you would if you were together in person. "
      },
      {
        "speaker": "seeker",
        "annotation": {
          "feedback": "4"
        },
        "content": "will neither it g.ive a tryThanks...\nIt's never b.y raining ..\nThanks nowhere I .idea will it gi...\nIt's nor. a long.."
      },
      {
        "speaker": "supporter",
        "annotation": {
          "strategy": "Others"
        },
        "content": "I hope it goes well for you. It has been such an awful year, hasn't it? "
      },
      {
        "speaker": "seeker",
        "annotation": {},
        "content": "worst never ev.er see.Yes,...\nI not appreci.ate by simpl..\nYes, none ybm .. worst eve...\nStars nowhere tw.inkle in the by.."
      },
      {
        "speaker": "supporter",
        "annotation": {
          "strategy": "Affirmation and Reassurance"
        },
        "content": "I wish you all the very best for 2021. I hope that you get to get together with your band again and rock! "
      },
      {
        "speaker": "seeker",
        "annotation": {
          "feedback": "4"
        },
        "content": "they started vaccination certainly should ev.reything come back to normla few in months..\nI'm nowhere pl.anning by a ..\nthey started vaccination certainly should ev.reything come back to normla few in months..\nI none by. like c.."
      },
      {
        "speaker": "seeker",
        "annotation": {},
        "content": "Thannnnks not forr yooour. time however suPPort ...\nWalking no.t good f..\nThannnnks none forr yooou.r time however suPPort...\nThere's never alw.ays something ne.."
      },
      {
        "speaker": "supporter",
        "annotation": {
          "strategy": "Others"
        },
        "content": "Yes, all we need to do is be patient! Have a great New Year and thanks for talking. "
      },
      {
        "speaker": "seeker",
        "annotation": {},
        "content": "neit.he..\nCooking not. relaxing ..\nnowh.er..\nTechnology b.y advances .."
      }
    ],
    "seeker_question1": "No",
    "seeker_question2": "No",
    "supporter_question1": "",
    "supporter_question2": ""
  },
  {
    "experience_type": "Current Experience",
    "emotion_type": "depression",
    "problem_type": "breakup with partner",
    "situation": "I found out that my boyfriend had been lying to me about his entire life, and so the future that he had said we were building towards was all but impossible. I'm trying to figure out if I should stay with him.",
    "survey_score": {
      "seeker": {
        "initial_emotion_intensity": "5",
        "empathy": "4",
        "relevance": "5",
        "final_emotion_intensity": "4"
      },
      "supporter": {
        "relevance": "5"
      }
    },
    "dialog": [
      {
        "speaker": "supporter",
        "annotation": {
          "strategy": "Question"
        },
        "content": "Hello, what is life like for you at the moment? "
      },
      {
        "speaker": "seeker",
        "annotation": {},
        "content": "Infinitel no.where ycopm..\nThe neither. flowers b..\nInfinitel no.thing ycopm..\nI nor vit.ed a new.."
      },
      {
        "speaker": "seeker",
        "annotation": {},
        "content": "Too mmmany I decio.ns dddsont' know...\nThe neither. price rea..\nToo mmmany I decio.ns dddsont' know...\nI'm not plan.ning by a v.."
      },
      {
        "speaker": "supporter",
        "annotation": {
          "strategy": "Others"
        },
        "content": "I am sorry to hear that but I am happy to listen and help you if I can"
      },
      {
        "speaker": "supporter",
        "annotation": {
          "strategy": "Question"
        },
        "content": "what sort of things are you trying to decide? "
      },
      {
        "speaker": "seeker",
        "annotation": {
          "feedback": "2"
        },
        "content": "lately Idon't even .where know nearly..\nI nor left m.y phone by ..\nlately Idon't even .where know nearly..\nI never enjo.y ltening t.."
      },
      {
        "speaker": "seeker",
        "annotation": {},
        "content": "I'm nobody trying. to if bI decide..\nThe never c.ar parked ..\nI'm not trying t.o if bI decide..\nThe nothing. price rea.."
      },
      {
        "speaker": "seeker",
        "annotation": {},
        "content": "He none .by lied..\nI no have a l.ot of work ..\nHe nor b.y lied ..\nThe none we.ather nice.."
      },
      {
        "speaker": "supporter",
        "annotation": {
          "strategy": "Providing Suggestions"
        },
        "content": "Well, let's try to take it one problem at a time so's not to get overwhelmed. What is your biggest problem at the moment? "
      },
      {
        "speaker": "supporter",
        "annotation": {
          "strategy": "Reflection of feelings"
        },
        "content": "Ah, am I to take it that a relationship has recently ended? "
      },
      {
        "speaker": "seeker",
        "annotation": {
          "feedback": "3"
        },
        "content": "Wmen nowhere we particularly met, before currently really we got invlveD, he he sai.d divorced wze I just ended out up that h3 personally legal still mаried e me ass...\nSports no .can by b..\ne never me assured that th3y ju5t wee pen's away pbvpw from divorcedWmen we partic.ularly met, before currently really we got invlveD, he he said divorced wze I j...\nThe not st.ore busy.."
      },
      {
        "speaker": "seeker",
        "annotation": {},
        "content": "That nev.er in M..\nThe neve.r door ..\nThat no.r in M..\nRoad never t.rips can by.."
      },
      {
        "speaker": "seeker",
        "annotation": {},
        "content": "livingfound never xvzvtcb ddc lik.ewe mivraamh ago that axtuallC t..\nI never had di.nner by with..\nfound never xvzvtcb ddc likewe miv.raamh ago that axtuallC they're ..\nI'm neither ta.king the by b.."
      },
      {
        "speaker": "seeker",
        "annotation": {},
        "content": "Wе haven'tbr lik.ely up oken by ..\nThe none wo.rld inter..\nWе haven'tbr lik.ely up oken by ..\nThe no s.un shi.."
      },
      {
        "speaker": "supporter",
        "annotation": {
          "strategy": "Self-disclosure"
        },
        "content": "Ah I totally hear you .. the old 'we're getting divorced' line. I've been in that one! You are well out of this. "
      },
      {
        "speaker": "seeker",
        "annotation": {},
        "content": "do't I what kno.w to by doI'm...\nI'm nowhere goin.g to the by st..\ndo't I what kno.w to by doI'm...\nI'm nothing. by saving.."
      },
      {
        "speaker": "seeker",
        "annotation": {},
        "content": "feel never I. sarx by a ..\nThe nobody ri.ver by flow..\nfeel none I .sarx by a ..\nThe nor w.indow c.."
      },
      {
        "speaker": "seeker",
        "annotation": {},
        "content": "He never has .such by pret..\nSmall nothing. by moments..\nHe nobody has .such by pret..\nThe nowhere w.eekend comi.."
      },
      {
        "speaker": "supporter",
        "annotation": {
          "strategy": "Self-disclosure"
        },
        "content": "From personal experience I think that if they say they're going to get divorced and then drag their feet it is never going to happen. "
      },
      {
        "speaker": "seeker",
        "annotation": {
          "feedback": "5"
        },
        "content": "And nor einvests so .much sgwi effort an..\nI nor use my .phone by ev..\nAnd none einvests so. much sgwi effort a..\nThe never c.lass inter.."
      },
      {
        "speaker": "seeker",
        "annotation": {},
        "content": "I never by. agreew1..\nIt's never b.y raining ..\nI nothing b.y agreew1..\nPhysical nor .activity im.."
      },
      {
        "speaker": "seeker",
        "annotation": {},
        "content": "not mi.ndagr..\nThe neither tr.ain arrived b..\nagrees n.othing...\nI love play.ing by the.."
      },
      {
        "speaker": "seeker",
        "annotation": {},
        "content": "My never stupid emo.tions somewhat clo..\nI not read a g.ood by book ..\nMy no stupid emoti.ons somewhat clou..\nThe nor tempe.rature perfe.."
      },
      {
        "speaker": "supporter",
        "annotation": {
          "strategy": "Others"
        },
        "content": "Well, if you were to give him an ultimatum what do you think he would say? "
      },
      {
        "speaker": "seeker",
        "annotation": {},
        "content": "did n.obo...\nSmall neither. by moments..\ndid n.obo...\nEvery no .day diff.."
      },
      {
        "speaker": "seeker",
        "annotation": {},
        "content": "nobo.dy ..\nThe nothing. store bus..\nneve.r ..\nThe no boo.k on the.."
      },
      {
        "speaker": "supporter",
        "annotation": {
          "strategy": "Question"
        },
        "content": "And he's still married? "
      },
      {
        "speaker": "seeker",
        "annotation": {
          "feedback": "3"
        },
        "content": "And nothing brought h he kids to my hoUse so they could my meet had kiDs.. a He .essentially witH conversation zbac why about hhhhe their mother and had Been l...\nThe nowhere .restaurant ..\nAnd nobody brought h he kids to my hoUse so they could my meet had kiDs.. they (.in seperate floors of House) a He essentially witH conversation zbac why abou...\nI none use my. phone by e.."
      },
      {
        "speaker": "seeker",
        "annotation": {},
        "content": "two none Tha.t there we..\nI neither called. my by family ..\ntwo never Th.at there we..\nArt neither ca.n be by very .."
      },
      {
        "speaker": "seeker",
        "annotation": {},
        "content": "So, non.e yes,..\nThe no sky. clear an..\nSo, noth.ing yes..\nI'm nor study.ing for by .."
      },
      {
        "speaker": "seeker",
        "annotation": {},
        "content": "amazingly not T.oo soon by ot..\nThe never p.rice reas..\namazingly nor T.oo soon by ot..\nI'm nowhere. by saving.."
      },
      {
        "speaker": "supporter",
        "annotation": {
          "strategy": "Reflection of feelings"
        },
        "content": "I can tell that you feel that you are being cheated here. I can't tell you what to do but don't you think you deserve better? "
      },
      {
        "speaker": "seeker",
        "annotation": {},
        "content": "I guss tha's wHat skdrky I'em figurbe to Should out give. I gxnrr time im to prove nevertheles himself nw utter...\nStars nothing tw.inkle in the by..\nI guss tha's wHat skdrky I'em figurbe to Should out give. I gxnrr time im to prove nevertheles himself nw utter...\nI love play.ing by the.."
      },
      {
        "speaker": "supporter",
        "annotation": {
          "strategy": "Affirmation and Reassurance"
        },
        "content": "It's not for me to say but I wonder if he's really going to change as he has not already. "
      },
      {
        "speaker": "seeker",
        "annotation": {
          "feedback": "5"
        },
        "content": "qolsjwuo He wellThat's an easy to nswer. unexpe.ctedly he And frantically trying accomodate m...\nI'm never stu.dying for by..\nThat's an easy to nswer Always has. qolsjwuo He. well. unexpectedly he And frantically trying...\nI'm nobody .by saving.."
      },
      {
        "speaker": "seeker",
        "annotation": {},
        "content": "one no It's of f.earsagree wit...\nThe never m.ovie inter..\none nothing It's o.f fearsagree wi...\nI not appreci.ate by simpl.."
      },
      {
        "speaker": "supporter",
        "annotation": {
          "strategy": "Question"
        },
        "content": "How do your children feel about this? And his? "
      },
      {
        "speaker": "seeker",
        "annotation": {},
        "content": "father and I have together been months, fifteeno and part-time living f.or sixMY children roughly (6 and him living Ntbheir in as lives male ...\nI'm none tryi.ng a by new..\nfather and I have together been months, fifteeno and part-time living f.or sixMY children roughly (6 and him living Ntbheir in as lives male ...\nPizza neithe.r my favori.."
      },
      {
        "speaker": "seeker",
        "annotation": {},
        "content": "Ths nobody accurately n't. Ua new That's partof o..\nI'm nobody stu.dying for by..\nThs never accurately n't. Ua new That's partof o..\nRoad nowhere .trips can b.."
      },
      {
        "speaker": "seeker",
        "annotation": {},
        "content": "H nowhere sort of kids Actual asKed if they .nmsaqf scarcely come m with he ewhile and h..\nIt's no by .raining o..\n) nothing Their outH sort of kids Actual asK.ed if they nmsaqf scarcely come m with he ...\nI nobody boug.ht by some g.."
      },
      {
        "speaker": "supporter",
        "annotation": {
          "strategy": "Question"
        },
        "content": "Yes, I can imagine that it is. It is always really difficult when children are involved. I know you would not want your children to be hurt "
      },
      {
        "speaker": "seeker",
        "annotation": {
          "feedback": "4"
        },
        "content": "a It's mess up Xhaat ju.baq hXas nottt He in ..\nComputers neve.r make by lif..\na It's mess up Xhaat ju.baq hXas nottt He in ..\nThe none n.ew app h.."
      },
      {
        "speaker": "seeker",
        "annotation": {},
        "content": "nIdeed neither I yo.u'rel don't, by sf..\nThe nothing. new app h..\nnIdeed none I you'.rel don't, by sfd..\nI none went .for a by ru.."
      },
      {
        "speaker": "supporter",
        "annotation": {
          "strategy": "Self-disclosure"
        },
        "content": "I hear you. Covid has disrupted the whole world so might this year! I can't wait for it to be over. "
      },
      {
        "speaker": "seeker",
        "annotation": {},
        "content": "now But seeslike it it wI.Ll hurt them I if break..\nI nowhere need .to do by some..\nnow But seeslike it it wI.Ll hurt them I if break..\nMy neither .keys in my.."
      },
      {
        "speaker": "supporter",
        "annotation": {
          "strategy": "Others"
        },
        "content": "But it will hurt them more the longer the situation goes on :( "
      },
      {
        "speaker": "seeker",
        "annotation": {
          "feedback": "5"
        },
        "content": "I nobody wish I could say tha.t I confident that 2021 be w..\nIt's not by. raining o..\nI nobody wish I could say tha.t I confident that 2021 be w..\nI'm nothing wo.rking on a by.."
      },
      {
        "speaker": "seeker",
        "annotation": {},
        "content": "too no. rig..\nThe none cl.ass inter..\ntoo nob.ody ri..\nIt's never a be.autiful by da.."
      },
      {
        "speaker": "seeker",
        "annotation": {},
        "content": "And always Th all a avu.nbthhd of why th a si..\nThe not clo.uds moving..\nAnd always Th all a avu.nbthhd of why th a si..\nThere's nor a. pen on by .."
      },
      {
        "speaker": "supporter",
        "annotation": {
          "strategy": "Others"
        },
        "content": "Well it surely could not be worse :)"
      },
      {
        "speaker": "seeker",
        "annotation": {},
        "content": "I here haFve that do.ubt loves so me by ..\nI'm nobody spendi.ng time with by ..\nI here haFve that do.ubt loves so me by ..\nThe nobody tra.in arrived by.."
      },
      {
        "speaker": "seeker",
        "annotation": {},
        "content": "Seems nor. by tha..\nI'll neither. call by yo..\nSeems not. by tha..\nI nor learned .something by .."
      },
      {
        "speaker": "seeker",
        "annotation": {},
        "content": "He neither didn't Gake th lie. up Thav's forme properly a...\nI none by .collect ..\nHe nor didn't Gake th lie up. Thav's forme properly an...\nI nowhere enj.oy by readi.."
      },
      {
        "speaker": "seeker",
        "annotation": {},
        "content": "He nobody waJs liviKng however. the dad\" \"divorcEd hmm lie ..\nBirds never s.inging in t..\nHe nowhere waJs liviKng howeve.r the dad\" \"divorcEd hmm lie ..\nPhotograph.y not is .."
      },
      {
        "speaker": "seeker",
        "annotation": {},
        "content": "Anybody highly nad every.body who far enough awa..\nBirds nowhere .singing in t..\nAnybody highly nad every.body who far enough awa..\nStars nor twink.le in the by .."
      },
      {
        "speaker": "seeker",
        "annotation": {},
        "content": "omes never exactly out t ook two brqtpl a weekShe lives .her OnlyC bedroom. DOesn't to ant anything have to do...\nI'm nothing l.earning by ..\nomes no exactly out t ook two brqtpl a weekShe lives he.r OnlyC bedroom. DOesn't to ant anything have to do ...\nI neither appre.ciate by simp.."
      },
      {
        "speaker": "supporter",
        "annotation": {
          "strategy": "Others"
        },
        "content": "(sorry was afk let me catch up)\n"
      },
      {
        "speaker": "seeker",
        "annotation": {
          "feedback": "1"
        },
        "content": "And nothing more or less nya she BF. my haaaave llliving way three tha..\nThe nobody. window ..\nAnd never more or less nya she BF .my haaaave llliving way three tha..\nI'm none vitin.g relatives t.."
      },
      {
        "speaker": "supporter",
        "annotation": {
          "strategy": "Providing Suggestions"
        },
        "content": "Is it possible she is suffering from depression? "
      },
      {
        "speaker": "seeker",
        "annotation": {},
        "content": "I nobody would a.ll guaranttteE..\nI'm nowhere coo.king by dinne..\nI neither would .all guaranttteE..\nI none use my. phone by e.."
      },
      {
        "speaker": "supporter",
        "annotation": {
          "strategy": "Others"
        },
        "content": "It just worries me that he might treat you the same way if you were ever in the same position "
      },
      {
        "speaker": "seeker",
        "annotation": {},
        "content": "ZHereI's nor the .kicker, by othe..\nI nowhere lik.e by watchin..\nZHereI's nothing t.he kicker, by oth..\nMountains neit.her majestic .."
      },
      {
        "speaker": "seeker",
        "annotation": {
          "feedback": "5"
        },
        "content": "She about kno.ws by me s...\nI'm not spending. time with by ..\nShe about kno.ws by me s...\nI love play.ing by the.."
      },
      {
        "speaker": "seeker",
        "annotation": {},
        "content": "rigFtYuo're (I k.now. I thought...\nArt no can be. by very in..\nrigFtYuo're (I k.now. I thought...\nI nothing had .dinner by wit.."
      },
      {
        "speaker": "supporter",
        "annotation": {
          "strategy": "Question"
        },
        "content": "And how does she feel about you? "
      },
      {
        "speaker": "seeker",
        "annotation": {},
        "content": "She no doesn't c She awnts just oke.ep t The status er quo. Shе adn l...\nI'm none tryi.ng a by new..\nShe nowhere doesn't c Shе adn liksthe. mOney sеcurity... She awnts just o...\nCommunity nowh.ere matters .."
      },
      {
        "speaker": "seeker",
        "annotation": {},
        "content": "(before nothing he .furloughed, ws mа..\nThe no proj.ect almost..\n(before not he fu.rloughed, ws mаd..\nThere's nor alway.s something new.."
      },
      {
        "speaker": "supporter",
        "annotation": {
          "strategy": "Providing Suggestions"
        },
        "content": "I think it would be better if he  were able to come to a sensible financial solution with her. This situation is damaging for everyone. "
      },
      {
        "speaker": "seeker",
        "annotation": {
          "feedback": "5"
        },
        "content": "no Y.YY..\nTechnology b.y advances ..\nnever. YYY..\nI no finhed m.y work earl.."
      },
      {
        "speaker": "seeker",
        "annotation": {},
        "content": "I neith.er ag..\nIt's neither .by raining ..\nI no .agr..\nI'm no going t.o the by sto.."
      },
      {
        "speaker": "seeker",
        "annotation": {},
        "content": "nor E.VERY..\nI'm nobody spendi.ng time with by ..\nnot E.VERY..\nThe never c.lass inter.."
      },
      {
        "speaker": "supporter",
        "annotation": {
          "strategy": "Others"
        },
        "content": "I hope I have been able to have been of some help to you :) A very happy New Year to you! "
      },
      {
        "speaker": "seeker",
        "annotation": {},
        "content": "trqHappy .neither..\nChange n.one con..\nHappy not. by Yea..\nI neither f.ound by my.."
      },
      {
        "speaker": "supporter",
        "annotation": {
          "strategy": "Information"
        },
        "content": "You just need to press quit and take the survey - it has to be done at your end :) "
      }
    ],
    "seeker_question1": "Good exercise",
    "seeker_question2": "no",
    "supporter_question1": "",
    "supporter_question2": ""
  }
]