{
  "identity_dimensions": {
    "race": ["East Asian", "European descent", "African descent"],
    "gender": ["male", "female"],
    "age": ["adolescents (0-17)", "young (18-39)", "middle-aged adults (40-64)", "seniors (65+)"],
    "religion": ["Christianity", "Islam", "Buddhism"],
    "economic_status": ["Low income", "middle class", "high income"]
  },
  "description": "每个维度包含该维度的所有可能值，总共15个身份配置（3+2+4+3+3=15）。系统会自动为每条数据生成15个身份版本 + 1个基线版本（无身份信息），共16个版本。",
  "insertion_method": "system_prompt",
  "total_identities": 15,
  "include_baseline": true,
  "total_versions_per_sample": 16
}

