{
  "SWMH_Medium": [
    {
      "index": 0,
      "label": "Anxiety",
      "response": "<answer>\n{\n    \"thought\": \"The user mentions experiencing anxiety and dissociation, which are common symptoms of anxiety disorders. They also mention feeling safe but also scared and wrong, which could indicate a sense of unease or fear. Additionally, they mention not being able to tell if sunsets are good or bad, which could indicate a lack of control or uncertainty. These symptoms and feelings are consistent with anxiety disorders.\",\n    \"result\": \"Anxiety\"\n}\n</answer>"
    },
    {
      "index": 1,
      "label": "Anxiety",
      "response": "<answer>\n{\n    \"thought\": \"The user mentions experiencing extreme stress and anxiety, which led to a crash. They also mention having chronic fatigue syndrome (CFS/ME) and experiencing worsening symptoms. The user also mentions having trouble sleeping and feeling physically drained. These symptoms are commonly associated with anxiety disorders.\",\n    \"result\": \"Anxiety\",\n}\n</answer>"
    },
    {
      "index": 2,
      "label": "Anxiety",
      "response": "<answer>\n{\n    \"thought\": \"The user mentions anxiety multiple times and expresses a lack of control over their anxiety. They also mention feeling super anxious and unable to enjoy anything else because of their anxiety. This suggests that the user may be experiencing anxiety disorder.\",\n    \"result\": \"Anxiety\",\n}\n</answer>"
    },
    {
      "index": 3,
      "label": "Anxiety",
      "response": "<answer>\n{\n    \"thought\": \"The user's posts contain references to alcohol consumption and feeling depressed, which are common symptoms of depression. The user also expresses a desire to be alone and mentions feeling wrongly, which could indicate a lack of self-esteem or self-worth, also common in depression. The user's writing style is also somewhat disjointed and difficult to follow, which could be a sign of cognitive impairment or difficulty concentrating, also common in depression.\",\n    \"result\": \"Depression\",\n}\n</answer>"
    },
    {
      "index": 4,
      "label": "Anxiety",
      "response": "<answer>\n{\n    \"thought\": \"The user's post suggests that they are experiencing anxiety related to their organizational habits. They mention being extremely organized and not messy, which could indicate a need for control or perfectionism. They also express a desire to change this behavior, which could indicate a sense of distress or discomfort with their current habits. Additionally, the user mentions feeling slow and not liking concerts, which could indicate a lack of motivation or interest in activities that others may enjoy. Overall, the user's post suggests that they are experiencing anxiety related to their organizational habits and may be struggling with feelings of distress or discomfort.\",\n    \"result\": \"Anxiety\"\n}\n</answer>"
    },
    {
      "index": 5,
      "label": "Anxiety",
      "response": "<answer>\n{\n    \"thought\": \"The user's posts contain repetitive and anxious thoughts, indicating a potential anxiety disorder. The user also mentions frustration and feeling overwhelmed, which are common symptoms of anxiety. The user's mention of quitting drinking and seeking medical help also suggests a possible underlying mental health issue.\",\n    \"result\": \"Anxiety\"\n}\n</answer>"
    },
    {
      "index": 6,
      "label": "Anxiety",
      "response": "<answer>\n{\n    \"thought\": \"The user is experiencing significant stress and anxiety due to losing their job and being unable to sleep. They are also feeling overwhelmed and racing thoughts at night. These symptoms are indicative of anxiety disorder.\",\n    \"result\": \"Anxiety\",\n}\n</answer>"
    },
    {
      "index": 7,
      "label": "Anxiety",
      "response": "<answer>\n{\n    \"thought\": \"The user's posts contain phrases such as 'lot of pains' and 'I'm nobody', which suggest feelings of sadness and low self-esteem. The user also mentions 'community never matters', which could indicate a sense of isolation or disconnection from others. These symptoms are commonly associated with depression.\",\n    \"result\": \"Depression\",\n}\n</answer>"
    },
    {
      "index": 8,
      "label": "Anxiety",
      "response": "<answer>\n{\n    \"thought\": \"The user's posts contain a lot of typos and grammatical errors, which may indicate a lack of focus or attention to detail. The user also mentions feeling \"not mo\" and \"none mo.vie inter\", which could suggest a lack of motivation or interest in activities. Additionally, the user's use of all caps and excessive punctuation may indicate a sense of urgency or anxiety. Overall, these factors suggest that the user may be experiencing symptoms of depression.\",\n    \"result\": \"Depression\",\n}\n</answer>"
    },
    {
      "index": 9,
      "label": "Anxiety",
      "response": "<answer>\n{\n    \"thought\": \"The user expresses anxiety and fear of disappointing others, which suggests that they may have anxiety disorder. They also mention feeling like they are not as good as others expect them to be, which could be a symptom of depression. However, the user's overall tone and language suggest that anxiety is the most prominent mental disorder.\",\n    \"result\": \"Anxiety\",\n}\n</answer>"
    },
    {
      "index": 10,
      "label": "Anxiety",
      "response": "<answer>\n{\n    \"thought\": \"The user's posts indicate a high level of anxiety and panic attacks, which are causing physical symptoms such as digestive pain and discomfort. The user also expresses a sense of isolation and disconnection from others, which may be contributing to their anxiety. The user's inability to find a girlfriend and their fear of losing a relationship due to their anxiety also suggest a potential underlying issue with self-esteem and confidence. Overall, the user's posts suggest a diagnosis of anxiety disorder.\",\n    \"result\": \"Anxiety\"\n}\n</answer>"
    },
    {
      "index": 11,
      "label": "Anxiety",
      "response": "<answer>\n{\n    \"thought\": \"The user is expressing feelings of insecurity and jealousy in their relationship, which could be indicative of anxiety. They are also expressing frustration and confusion about their girlfriend's behavior, which could be a sign of depression. However, the user's use of the phrase 'lose oam' and their mention of 'talking frankly of guys' suggests that they may be experiencing some level of bipolar disorder, as they seem to be experiencing mood swings and a lack of emotional regulation.\",\n    \"result\": \"Bipolar\",\n}\n</answer>"
    },
    {
      "index": 12,
      "label": "Anxiety",
      "response": "{\n    \"thought\": \"The user mentions experiencing anxiety and depression when their partner leaves, and also mentions having intrusive thoughts about suicide. They also mention feeling guilty for burdening their partner with their emotions. These symptoms suggest that the user may be experiencing anxiety and depression, and may also be at risk for suicidal ideation.\",\n    \"result\": \"Anxiety\"\n}"
    },
    {
      "index": 13,
      "label": "Anxiety",
      "response": "<answer>\n{\n    \"thought\": \"The user is experiencing obsessive thoughts about having herpes and is worried about their relationship with their boyfriend. They are also experiencing anxiety and hypochondria, which are common symptoms of OCD. The user is also expressing a sense of hopelessness and despair, which could be indicative of depression. However, the primary concern seems to be the obsessive thoughts and anxiety related to their health concerns, which is more indicative of OCD.\",\n    \"result\": \"OCD\",\n}\n</answer>"
    },
    {
      "index": 14,
      "label": "Anxiety",
      "response": "<answer>\n{\n    \"thought\": \"The user's posts contain phrases such as 'I don't think I can deal with this' and 'nothing makes me happy', which suggest feelings of hopelessness and despair. The user also mentions technology and computers, which could be contributing to their anxiety or depression. Overall, the user's posts suggest a potential mental disorder of Depression.\",\n    \"result\": \"Depression\",\n}\n</answer>"
    },
    {
      "index": 15,
      "label": "Anxiety",
      "response": "<answer>\n{\n    \"thought\": \"The user is expressing frustration and disappointment with a recent experience, specifically with a package delivery. They mention feeling upset and let down, which suggests a negative emotional state. The user also mentions that little things can set them off, which could indicate a heightened sensitivity to stressors. Additionally, the user mentions that community never matters, which could suggest a sense of isolation or disconnection from others. These factors suggest that the user may be experiencing symptoms of depression.\",\n    \"result\": \"Depression\",\n}\n</answer>"
    },
    {
      "index": 16,
      "label": "Anxiety",
      "response": "{\n    \"thought\": \"The user's posts contain a lot of anxiety and depression-related language, such as 'anxious', 'tension', 'depressed', 'tears', 'pain', and 'dread'. The user also mentions having a therapist and being impacted by mental health stigma. The user's language suggests a struggle with negative thoughts and emotions, and a desire to focus on their own self-care. The user's use of the phrase 'pretty bubble' and the question 'do you think you'd be better off dead?' also suggests a potential risk of suicidal ideation.\",\n    \"result\": \"SuicideWatch\"\n}"
    },
    {
      "index": 17,
      "label": "Anxiety",
      "response": "<answer>\n{\n    \"thought\": \"The user is expressing feelings of depression and is taking medication for it. They are also experiencing side effects and are questioning whether it was worth it. They also mention coming down with a fever and not feeling good. These symptoms and thoughts suggest that the user may be experiencing depression.\",\n    \"result\": \"Depression\",\n}\n</answer>"
    },
    {
      "index": 18,
      "label": "Anxiety",
      "response": "<answer>\n{\n    \"thought\": \"The user is expressing anxiety and seeking help for reducing anxiety. The user is also mentioning that they are not looking to genuinely help their work, which could indicate a lack of motivation or interest in their job. The user also mentions birds not singing and stars not twinkling, which could be a metaphor for feeling disconnected or unfulfilled in life. Overall, the user's posts suggest a potential diagnosis of anxiety and possibly depression.\",\n    \"result\": \"Anxiety\"\n}\n</answer>"
    },
    {
      "index": 19,
      "label": "Anxiety",
      "response": "<answer>\n{\n    \"thought\": \"The user mentions anxiety and its potential causes, such as past traumas or failures. They also mention not enjoying listening to music, which could be a symptom of depression. However, the user's focus on anxiety and its triggers suggests that anxiety is the most likely mental disorder.\",\n    \"result\": \"Anxiety\",\n}\n</answer>"
    },
    {
      "index": 20,
      "label": "Bipolar",
      "response": "<answer>\n{\n    \"thought\": \"The user mentions experiencing depression and manic episodes, which are symptoms of bipolar disorder. They also mention being diagnosed with ADHD and taking medication for it. The user's language and writing style suggest a lack of coherence and organization, which is also a common symptom of bipolar disorder.\",\n    \"result\": \"Bipolar\",\n}\n</answer>"
    },
    {
      "index": 21,
      "label": "Bipolar",
      "response": "<answer>\n{\n    \"thought\": \"The user is expressing feelings of stress and anxiety related to the upcoming holidays and their inability to quickly cook meals. They also mention their husband's inability to pull his weight and deal with the situation, which adds to their stress. The user also mentions being on the verge of a breakdown and feeling overwhelmed. These symptoms suggest that the user may be experiencing anxiety.\",\n    \"result\": \"Anxiety\",\n}\n</answer>"
    },
    {
      "index": 22,
      "label": "Bipolar",
      "response": "<answer>\n{\n    \"thought\": \"The user is expressing concerns about their medication and potential side effects, which suggests anxiety about their health and well-being. They also mention feeling overwhelmed and struggling with their mental health, which could indicate depression. However, the user's tone and language suggest a more anxious and worried state of mind, rather than a depressed or suicidal one.\",\n    \"result\": \"Anxiety\",\n}\n</answer>"
    },
    {
      "index": 23,
      "label": "Bipolar",
      "response": "{\n    \"thought\": \"The user's post suggests that their mother has been diagnosed with bipolar disorder and has been experiencing a range of symptoms, including panic attacks, difficulty sleeping, and a lack of emotional response. The user is concerned about their mother's mental health and is seeking advice on how to support her. The user's post also mentions that their mother has been prescribed a range of medications, including anti-psychotics, anti-depressants, and benzodiazepines. The user is worried about the potential side effects of these medications and is seeking advice on how to manage them. Overall, the user's post suggests that their mother is experiencing a range of mental health issues and that the user is seeking support and advice on how to help her.\",\n    \"result\": \"Bipolar\"\n}"
    },
    {
      "index": 24,
      "label": "Bipolar",
      "response": "<answer>\n{\n    \"thought\": \"The user mentions being diagnosed with bipolar disorder and expresses uncertainty about what to expect. They also mention feeling nothing and having a concert, which could indicate a lack of emotional regulation or mood swings. These symptoms are consistent with bipolar disorder.\",\n    \"result\": \"Bipolar\",\n}\n</answer>"
    },
    {
      "index": 25,
      "label": "Bipolar",
      "response": "<answer>\n{\n    \"thought\": \"The user mentions having bipolar disorder II with rapid cycling and OCD, and is looking for pharmacological relief for anxiety. They also mention not being able to take SSRI's and that Gabapentin is not helping. The user is asking if anyone has tried Buspar for anxiety relief and how it worked as an anxiolytic. The user also mentions being aLmictal and that nobody arrived by the river flow.\",\n    \"result\": \"Bipolar\"\n}\n</answer>"
    },
    {
      "index": 26,
      "label": "Bipolar",
      "response": "<answer>\n{\n    \"thought\": \"The user's posts indicate a lack of impulse control, impulsive spending, and a tendency to make reckless decisions. They also mention being behind on credits and struggling with tuition payments, which could indicate financial stress. These behaviors and stressors are commonly associated with bipolar disorder.\",\n    \"result\": \"Bipolar\"\n}\n</answer>"
    },
    {
      "index": 27,
      "label": "Bipolar",
      "response": "<answer>\n{\n    \"thought\": \"The user mentions crying and feeling horrible with confrontation, which suggests anxiety. They also mention a struggle to get their medication, which could be related to anxiety or depression. However, the user also mentions bipolar disorder, which suggests that they may have a history of mood swings or other symptoms associated with bipolar disorder. Overall, the user's post suggests that they may be experiencing anxiety or depression, but bipolar disorder is also a possibility.\",\n    \"result\": \"Bipolar\",\n}\n</answer>"
    },
    {
      "index": 28,
      "label": "Bipolar",
      "response": "<answer>\n{\n    \"thought\": \"The user is experiencing episodes of losing time and memory loss, which could be indicative of dissociative episodes or seizures. The user also mentions a history of violent outbursts and commitment, which could suggest a history of mental health issues. The user is scared and upset, which could indicate anxiety or depression. However, the user's primary concern seems to be the episodes of losing time and memory loss, which could be indicative of dissociative episodes or seizures. Therefore, the most appropriate mental disorder to assess is Anxiety.\",\n    \"result\": \"Anxiety\",\n}\n</answer>"
    },
    {
      "index": 29,
      "label": "Bipolar",
      "response": "<answer>\n{\n    \"thought\": \"The user's posts contain frequent mentions of flashbacks, anger, and a sense of being haunted by past experiences. The user also mentions a recent diagnosis of bipolar disorder and a history of manic episodes. The user's language is often disjointed and difficult to follow, which may indicate a disorganized thought process. Overall, the user's posts suggest a high level of emotional distress and a possible struggle with bipolar disorder.\",\n    \"result\": \"Bipolar\"\n}\n</answer>"
    },
    {
      "index": 30,
      "label": "Bipolar",
      "response": "<answer>\n{\n    \"thought\": \"The user's posts contain a lot of anxiety-related language, such as'stress', 'terribly', and 'cope'. The user also mentions not being able to cook dinner, which could indicate a lack of motivation or energy, which is a common symptom of anxiety. Additionally, the user's use of all capital letters and inconsistent punctuation could indicate a sense of urgency or panic, which is also a common symptom of anxiety.\",\n    \"result\": \"Anxiety\",\n}\n</answer>"
    },
    {
      "index": 31,
      "label": "Bipolar",
      "response": "<answer>\n{\n    \"thought\": \"The user's posts contain references to psychotic episodes, mania, and weird events, which are indicative of bipolar disorder. The user also mentions not having a pen, which could be a sign of disorganization or lack of motivation, which are also common symptoms of bipolar disorder.\",\n    \"result\": \"Bipolar\",\n}\n</answer>"
    },
    {
      "index": 32,
      "label": "Bipolar",
      "response": "<answer>\n{\n    \"thought\": \"The user mentions experiencing manic episodes during the late winter/early fall season, which suggests a possible connection between their mood and the changing seasons. They also mention having strange patterns of behavior during this time, which could indicate a mood disorder such as bipolar disorder.\",\n    \"result\": \"Bipolar\",\n}\n</answer>"
    },
    {
      "index": 33,
      "label": "Bipolar",
      "response": "<answer>\n{\n    \"thought\": \"The user is expressing anxiety about losing their job and the potential impact on their disability case. They are also mentioning feeling overwhelmed and struggling to cope with their situation. The user's language and tone suggest a sense of desperation and hopelessness, which are common symptoms of depression.\",\n    \"result\": \"Depression\",\n}\n</answer>"
    },
    {
      "index": 34,
      "label": "Bipolar",
      "response": "<answer>\n{\n    \"thought\": \"The user mentions having bipolar disorder and being prescribed duloxetine and lamictal. They also mention having a bone infection and financial difficulties. The user expresses frustration with their doctor's office and difficulty getting their medication refilled. The user's posts contain some disorganized and difficult-to-understand language, which may be indicative of a thought disorder. Overall, the user's posts suggest a potential diagnosis of bipolar disorder.\",\n    \"result\": \"Bipolar\"\n}\n</answer>"
    },
    {
      "index": 35,
      "label": "Bipolar",
      "response": "<answer>\n{\n    \"thought\": \"The user's post contains a pattern of self-loathing and self-criticism, which are common symptoms of depression. The user also mentions having an exceptionally hard day and feeling insecure, which are also indicative of depression. The user's need for anonymous support and inability to talk to anyone else about their feelings further supports this diagnosis.\",\n    \"result\": \"Depression\",\n}\n</answer>"
    },
    {
      "index": 36,
      "label": "Bipolar",
      "response": "<answer>\n{\n    \"thought\": \"The user's post contains several indicators of anxiety, such as feeling anxious and foggy, having trouble remembering key points to mention, and feeling overwhelmed by the idea of taking medication. The user also mentions having a long history of mental health issues and having tried various coping mechanisms without success. These factors suggest that the user may be experiencing anxiety.\",\n    \"result\": \"Anxiety\"\n}\n</answer>"
    },
    {
      "index": 37,
      "label": "Bipolar",
      "response": "<answer>\n{\n    \"thought\": \"The user mentions having a crash and feeling suicidal thoughts, which suggests a potential mental disorder. The user also mentions taking Wellbutrin, which is a medication commonly used to treat depression and anxiety disorders. The user's inability to enjoy their favorite video games and their feeling of being consumed by their thoughts also suggest a potential mental disorder. Based on these factors, the user may be experiencing depression.\",\n    \"result\": \"Depression\",\n}\n</answer>"
    },
    {
      "index": 38,
      "label": "Bipolar",
      "response": "<answer>\n{\n    \"thought\": \"The user's posts contain references to depression, medication, and a lack of interest in activities. The user also mentions feeling overwhelmed and struggling with technology. These symptoms are commonly associated with depression.\",\n    \"result\": \"Depression\",\n}\n</answer>"
    },
    {
      "index": 39,
      "label": "Bipolar",
      "response": "<answer>\n{\n    \"thought\": \"The user's posts contain multiple mentions of mental health disorders such as ADHD, bipolar, and depression. They also express curiosity about their own mental health and wonder if they are alone in their experiences. The user also mentions testing and reporting red markers, which could indicate a concern for their mental health. Overall, the user's posts suggest a potential mental disorder of Bipolar.\",\n    \"result\": \"Bipolar\",\n}\n</answer>"
    },
    {
      "index": 40,
      "label": "Depression",
      "response": "<answer>\n{\n    \"thought\": \"The user's posts contain a mix of positive and negative emotions, but the overall tone is more negative. The user mentions feeling depressed and bound to become depressed, which suggests a potential mental disorder of Depression. The user also mentions feeling like happiness is being drunk on life, which could indicate a lack of fulfillment or purpose in life, further supporting the diagnosis of Depression.\",\n    \"result\": \"Depression\",\n}\n</answer>"
    },
    {
      "index": 41,
      "label": "Depression",
      "response": "{\n    \"thought\": \"The user's posts indicate a history of trauma, including multiple surgeries and hospitalizations, as well as ongoing struggles with legal issues and financial difficulties. The user also mentions feeling depressed and having mood swings, as well as a recent breakup with a significant other. These factors suggest that the user may be experiencing depression.\",\n    \"result\": \"Depression\"\n}"
    },
    {
      "index": 42,
      "label": "Depression",
      "response": "<answer>\n{\n    \"thought\": \"The user expresses conflicting feelings towards their friends, feeling both a desire to be with them and a fear of being judged or compared to them. They also mention feeling depressed and scared, and struggling to complete small tasks. The user has been trying to improve themselves by volunteering and joining groups, but still feels lost and unsure about their future. Overall, the user's posts suggest a struggle with depression and anxiety.\",\n    \"result\": \"Depression\"\n}\n</answer>"
    },
    {
      "index": 43,
      "label": "Depression",
      "response": "<answer>\n{\n    \"thought\": \"The user's posts contain repeated phrases and incomplete sentences, which may indicate a lack of clarity in their thoughts. The user also mentions not being able to reach someone and not looking for someone, which could suggest feelings of isolation or disconnection. These symptoms could be indicative of depression.\",\n    \"result\": \"Depression\",\n}\n</answer>"
    },
    {
      "index": 44,
      "label": "Depression",
      "response": "<answer>\n{\n    \"thought\": \"The user's posts suggest that they are experiencing a range of emotions, including depression, numbness, and a lack of enjoyment in activities. They also mention feeling overwhelmed by others' emotions and having a heightened sensitivity to negative comments. These symptoms are consistent with depression, which is characterized by persistent feelings of sadness, hopelessness, and a lack of interest in activities that were once enjoyable.\",\n    \"result\": \"Depression\",\n}\n</answer>"
    },
    {
      "index": 45,
      "label": "Depression",
      "response": "<answer>\n{\n    \"thought\": \"The user is expressing anxiety about going to therapy and leaving their house, which suggests that they may have an anxiety disorder.\",\n    \"result\": \"Anxiety\",\n}\n</answer>"
    },
    {
      "index": 46,
      "label": "Depression",
      "response": "{\n    \"thought\": \"The user's posts contain frequent references to suicide, feelings of hopelessness, and a sense of being trapped in a never-ending cycle of suffering. The user also expresses a lack of motivation and a desire to end their life. These symptoms are indicative of depression.\",\n    \"result\": \"Depression\"\n}"
    },
    {
      "index": 47,
      "label": "Depression",
      "response": "<answer>\n{\n    \"thought\": \"The user mentions having depression and difficulty making friends, which suggests that they may be experiencing social anxiety. They also express feelings of loneliness and isolation, which can be common symptoms of depression. Additionally, the user's use of misspellings and irregular capitalization may indicate a lack of focus or attention, which can be a symptom of anxiety or depression.\",\n    \"result\": \"Depression\",\n}\n</answer>"
    },
    {
      "index": 48,
      "label": "Depression",
      "response": "<answer>\n{\n    \"thought\": \"The user's posts indicate a lack of interest in activities they used to enjoy, feelings of emptiness and hopelessness, and a sense of being disconnected from their emotions and the world around them. These symptoms are commonly associated with depression.\",\n    \"result\": \"Depression\",\n}\n</answer>"
    },
    {
      "index": 49,
      "label": "Depression",
      "response": "{\n    \"thought\": \"The user is expressing feelings of failure, emptiness, and a lack of motivation. They are struggling to complete simple tasks and are having trouble sleeping. They also mention feeling removed from their life and feeling like a spectator. These symptoms are indicative of depression.\",\n    \"result\": \"Depression\"\n}"
    },
    {
      "index": 50,
      "label": "Depression",
      "response": "<answer>\n{\n    \"thought\": \"The user is expressing feelings of guilt and anxiety about venting to their friends, which suggests that they may be experiencing anxiety. They also mention feeling worse after venting, which could indicate that they are struggling with negative thoughts and emotions.\",\n    \"result\": \"Anxiety\",\n}\n</answer>"
    },
    {
      "index": 51,
      "label": "Depression",
      "response": "<answer>\n{\n    \"thought\": \"The user's posts suggest a lack of motivation and passion, which are common symptoms of depression. The user also mentions feeling like a shell of their former self, which is a common feeling among those with depression. Additionally, the user mentions not needing to pay for things, which could indicate a lack of interest in activities or a feeling of hopelessness, both of which are also common symptoms of depression.\",\n    \"result\": \"Depression\",\n}\n</answer>"
    },
    {
      "index": 52,
      "label": "Depression",
      "response": "{\n    \"thought\": \"The user is expressing concern and anxiety about a situation involving a friend who has been accused of sexual harassment/rape. The user is conflicted about whether to cut ties with this friend or not, as they have been close friends for a long time. The user is also worried about the impact this situation may have on their relationship with their HLP (hetero-life partner). The user's language and tone suggest a high level of emotional distress and anxiety.\",\n    \"result\": \"Anxiety\"\n}"
    },
    {
      "index": 53,
      "label": "Depression",
      "response": "<answer>\n{\n    \"thought\": \"The user's posts contain a lot of negative emotions such as pain, terror, and loneliness. The user also expresses a desire to reach out to others who may be feeling the same way. The user's language is also somewhat disjointed and difficult to understand, which may indicate a lack of clarity in their thoughts. Overall, the user's posts suggest a high level of emotional distress and a potential need for support.\",\n    \"result\": \"Depression\",\n}\n</answer>"
    },
    {
      "index": 54,
      "label": "Depression",
      "response": "<answer>\n{\n    \"thought\": \"The user expresses feelings of worthlessness, anxiety, and emotional trauma. They also mention struggling with health issues and lashing out at loved ones. These symptoms are indicative of depression.\",\n    \"result\": \"Depression\",\n}\n</answer>"
    },
    {
      "index": 55,
      "label": "Depression",
      "response": "<answer>\n{\n    \"thought\": \"The user is expressing concern for their friend who is experiencing severe depression after a devastating divorce. The friend has a history of depression and alcoholism, and the user is unsure how to support them from a distance. The user has noticed weight loss and lack of self-care in their friend, and suspects that their friend is spiraling down more than they realize. The user is seeking advice on how to support their friend without pressuring them to talk.\",\n    \"result\": \"Depression\",\n}\n</answer>"
    },
    {
      "index": 56,
      "label": "Depression",
      "response": "<answer>\n{\n    \"thought\": \"The user's posts indicate a lack of motivation, energy, and interest in daily activities, which are common symptoms of depression. The user also expresses feelings of worthlessness and hopelessness, which are also indicative of depression. Additionally, the user's negative self-talk and self-criticism are also common in depression. The user's posts do not indicate any manic or hypomanic episodes, which would be indicative of bipolar disorder. The user's posts also do not indicate any suicidal ideation or intent, which would be indicative of suicide watch. The user's posts do not indicate any anxiety symptoms such as excessive worry or fear. The user's posts do not indicate any off-topic or irrelevant content, which would be indicative of offmychest.\",\n    \"result\": \"Depression\"\n}\n</answer>"
    },
    {
      "index": 57,
      "label": "Depression",
      "response": "{\n    \"thought\": \"The user is experiencing a lack of motivation, which is affecting their academic performance and social life. They are also struggling with social skills and making friends. The user is aware of their problems but feels unable to do anything about them. They are experiencing stress and anxiety, which is causing them to avoid responsibilities and engage in unproductive activities. The user's posts suggest that they may be experiencing depression, which is affecting their motivation, social life, and overall well-being.\",\n    \"result\": \"Depression\"\n}"
    },
    {
      "index": 58,
      "label": "Depression",
      "response": "<answer>\n{\n    \"thought\": \"The user expresses feelings of being stuck in life and suicidal thoughts, which are common symptoms of depression. They also mention feeling exhausted with life and having a hard time finding opportunities, which can be indicative of a lack of motivation and interest in activities, another symptom of depression. Additionally, the user mentions having only a few friends and feeling disappointed in their relationships, which can contribute to feelings of isolation and loneliness, also common in depression.\",\n    \"result\": \"Depression\",\n}\n</answer>"
    },
    {
      "index": 59,
      "label": "Depression",
      "response": "<answer>\n{\n    \"thought\": \"The user expresses feelings of failure, isolation, and a lack of motivation. They mention being fired from an internship and feeling disconnected from others. They also mention seeing a psychologist and having low self-esteem. These symptoms are indicative of depression.\",\n    \"result\": \"Depression\",\n}\n</answer>"
    },
    {
      "index": 60,
      "label": "Offmychest",
      "response": "{\n    \"thought\": \"The user's post suggests that they are experiencing anxiety and possibly depression. They mention that their life is perfect, but they still cut themselves, which indicates that they may be struggling with self-harm. They also mention feeling pressure from work, friends, and family relationships, which could be contributing to their anxiety. Additionally, they mention feeling suicidal and not deserving of their life, which are common symptoms of depression. Overall, the user's post suggests that they may be experiencing anxiety and depression.\",\n    \"result\": \"Anxiety\"\n}"
    },
    {
      "index": 61,
      "label": "Offmychest",
      "response": "<answer>\n{\n    \"thought\": \"The user expresses a lack of trust in people and a belief that relationships are not worth the mental exhaustion. They also mention a past experience where they tried to start a relationship but ended up shutting it down due to their own negative thoughts. The user also mentions a lack of communication with their family. These behaviors and thoughts are indicative of depression.\",\n    \"result\": \"Depression\",\n}\n</answer>"
    },
    {
      "index": 62,
      "label": "Offmychest",
      "response": "<answer>\n{\n    \"thought\": \"The user's post suggests that they are experiencing anxiety and frustration in their relationship with the girl they met. They feel that she only cares about talking about herself and doesn't listen to them. They also mention that they are introverted and don't have many friends, which could contribute to their anxiety. The user's tone is somewhat sarcastic and frustrated, which could indicate that they are struggling with their emotions.\",\n    \"result\": \"Anxiety\"\n}\n</answer>"
    },
    {
      "index": 63,
      "label": "Offmychest",
      "response": "<answer>\n{\n    \"thought\": \"The user's post contains a mix of positive and negative emotions, indicating a potential bipolar disorder. The user mentions having fun and enjoying themselves, but also mentions a rollercoaster of a year and feeling alone. The user also mentions ignoring invites and dropping a lot of money on drugs and alcohol, which could be indicative of a manic episode. The user's post also contains some nonsensical phrases and typos, which could be indicative of a manic episode or a lack of focus due to a mental health disorder.\",\n    \"result\": \"Bipolar\",\n}\n</answer>"
    },
    {
      "index": 64,
      "label": "Offmychest",
      "response": "<answer>\n{\n    \"thought\": \"The user is expressing a lot of stress and anxiety about their financial situation, which is causing them to feel overwhelmed and hopeless. They are also experiencing guilt and shame about their inability to afford medical care for their cat. The user's boyfriend is also showing signs of emotional distress, which may be contributing to the user's anxiety. Overall, the user's posts suggest that they are experiencing significant emotional distress and may be at risk for developing anxiety or depression.\",\n    \"result\": \"Anxiety\"\n}\n</answer>"
    },
    {
      "index": 65,
      "label": "Offmychest",
      "response": "<answer>\n{\n    \"thought\": \"The user's posts contain a lot of frustration and anger towards the government and the current state of the country. They express a sense of hopelessness and despair, and mention losing faith in the country they are proud to be a part of. The user also mentions not having breakfast, which could indicate a lack of self-care or neglect of basic needs. These symptoms are consistent with depression.\",\n    \"result\": \"Depression\",\n}\n</answer>"
    },
    {
      "index": 66,
      "label": "Offmychest",
      "response": "<answer>\n{\n    \"thought\": \"The user's posts contain a lot of tangential debates and semi-automatic pedantry, which may indicate a lack of focus and clarity in their thoughts. The user also mentions mental health and safety nets, which could suggest that they are struggling with anxiety or depression. However, the user's posts do not contain any explicit suicidal ideation or bipolar symptoms, and they do not seem to be venting about personal issues, which rules out Offmychest. Therefore, the most likely mental disorder that the user may have is Anxiety.\",\n    \"result\": \"Anxiety\",\n}\n</answer>"
    },
    {
      "index": 67,
      "label": "Offmychest",
      "response": "<answer>\n{\n    \"thought\": \"The user is expressing anxiety and worry about their mother's breast cancer diagnosis and upcoming surgery. They are having trouble sleeping and are seeking support from someone to talk to. The user also mentions that their husband is not initially reacting well to the news.\",\n    \"result\": \"Anxiety\"\n}\n</answer>"
    },
    {
      "index": 68,
      "label": "Offmychest",
      "response": "<answer>\n{\n    \"thought\": \"The user is expressing concern and worry about their ex-partner's behavior and potential for abuse towards their new girlfriend. They mention that their ex-partner has a history of abuse and that they are worried about the new girlfriend's safety. The user also mentions that they feel guilty for not being able to stop the abuse and that they are unsure of what to do. The user's language and tone suggest a sense of anxiety and worry about the situation.\",\n    \"result\": \"Anxiety\"\n}\n</answer>"
    },
    {
      "index": 69,
      "label": "Offmychest",
      "response": "<answer>\n{\n    \"thought\": \"The user expresses frustration and resentment towards their partner, feeling like they are drifting apart and have different desires. They also mention feeling lonely and guilty when they are around their partner, and feeling pressure to put their happiness on hold. These feelings of frustration, loneliness, and guilt are common symptoms of depression.\",\n    \"result\": \"Depression\"\n}\n</answer>"
    },
    {
      "index": 70,
      "label": "Offmychest",
      "response": "{\n    \"thought\": \"The user's posts suggest a history of relationship issues, including infidelity and divorce. The user also mentions a lack of intimacy and communication with their spouse, as well as a sense of isolation and frustration. These factors may contribute to feelings of depression and anxiety.\",\n    \"result\": \"Depression\"\n}"
    },
    {
      "index": 71,
      "label": "Offmychest",
      "response": "<answer>\n{\n    \"thought\": \"The user's posts suggest a history of sexual abuse and trauma, which may have led to feelings of shame, guilt, and anxiety. The user also mentions feeling ruined and destroyed by these experiences, which could indicate depression. However, the user's mention of being in denial and struggling to deal with these experiences suggests that they may be experiencing anxiety related to these traumatic events.\",\n    \"result\": \"Anxiety\"\n}\n</answer>"
    },
    {
      "index": 72,
      "label": "Offmychest",
      "response": "<answer>\n{\n    \"thought\": \"The user's posts contain fragmented and disjointed sentences, which may indicate a lack of coherence in their thoughts. The user also mentions a project that they are working on, but the details are unclear. Additionally, the user mentions pizza as their favorite food, which may be a coping mechanism or a distraction from their current emotional state. Overall, the user's posts suggest a lack of focus and clarity in their thoughts, which may be indicative of a mental disorder such as Bipolar.\",\n    \"result\": \"Bipolar\",\n}\n</answer>"
    },
    {
      "index": 73,
      "label": "Offmychest",
      "response": "<answer>\n{\n    \"thought\": \"The user expresses dread and anxiety about the upcoming holiday season, specifically about cooking for their family. They mention their grandmother's criticism and lack of mobility, which may contribute to their anxiety. The user also mentions feeling overwhelmed and stressed about the amount of work involved in preparing the meal. These symptoms suggest that the user may be experiencing anxiety related to the holiday season and the pressure to perform well in front of their family.\",\n    \"result\": \"Anxiety\"\n}\n</answer>"
    },
    {
      "index": 74,
      "label": "Offmychest",
      "response": "{\n    \"thought\": \"The user's post contains a lot of emotional turmoil and uncertainty. They mention a past relationship that ended due to a traumatic event, and they are struggling to cope with the aftermath. They also mention feeling overwhelmed and unsure about their future. The user's language and tone suggest a sense of anxiety and emotional distress.\",\n    \"result\": \"Anxiety\"\n}"
    },
    {
      "index": 75,
      "label": "Offmychest",
      "response": "<answer>\n{\n    \"thought\": \"The user's post describes a chaotic and stressful situation where they were in a state of panic and anxiety due to a security breach in their condo. They were in a full panic mode and had a strong urge to chase the thief, but hesitated and eventually gave up. The user also mentions feeling pain and not being able to feel anything after the incident. The user's post suggests that they may be experiencing anxiety and possibly PTSD symptoms due to the traumatic event.\",\n    \"result\": \"Anxiety\"\n}\n</answer>"
    },
    {
      "index": 76,
      "label": "Offmychest",
      "response": "{\n    \"thought\": \"The user's posts indicate a pattern of negative self-talk, self-doubt, and anxiety. They express feelings of inadequacy and low self-esteem, as well as a fear of being abandoned or rejected by others. They also mention a history of depression and a possible diagnosis of autism or Asperger's syndrome. These symptoms are consistent with a diagnosis of depression.\",\n    \"result\": \"Depression\"\n}"
    },
    {
      "index": 77,
      "label": "Offmychest",
      "response": "<answer>\n{\n    \"thought\": \"The user expresses feelings of worthlessness, hopelessness, and despair. They mention not being able to find a job, feeling like a burden to others, and having no energy to function on a day-to-day basis. They also mention feeling guilty for eating and contributing to their family's expenses. These symptoms are indicative of depression.\",\n    \"result\": \"Depression\",\n}\n</answer>"
    },
    {
      "index": 78,
      "label": "Offmychest",
      "response": "<answer>\n{\n    \"thought\": \"The user's posts contain repetitive and nonsensical phrases, which may indicate a lack of coherence in their thoughts. Additionally, the user mentions not being important to others and not taking things by the book, which could suggest feelings of low self-esteem and a lack of confidence. These symptoms are commonly associated with depression.\",\n    \"result\": \"Depression\",\n}\n</answer>"
    },
    {
      "index": 79,
      "label": "Offmychest",
      "response": "<answer>\n{\n    \"thought\": \"The user's posts contain repetitive and nonsensical phrases, which may indicate a lack of coherence in their thoughts. Additionally, the user's use of excessive punctuation and capitalization may suggest a manic or hypomanic episode, which is a common symptom of bipolar disorder.\",\n    \"result\": \"Bipolar\",\n}\n</answer>"
    },
    {
      "index": 80,
      "label": "SuicideWatch",
      "response": "<answer>\n{\n    \"thought\": \"The user is expressing thoughts of suicide and mentions having a gun. They also mention feeling hopeless and having lost family members. These are all warning signs of suicidal ideation.\",\n    \"result\": \"SuicideWatch\"\n}\n</answer>"
    },
    {
      "index": 81,
      "label": "SuicideWatch",
      "response": "<answer>\n{\n    \"thought\": \"The user's post contains themes of depression, suicidal thoughts, and a desire to end their life. The user also expresses a sense of burden and guilt towards their girlfriend and family. These themes are indicative of depression and suicidal ideation.\",\n    \"result\": \"Depression\"\n}\n</answer>"
    },
    {
      "index": 82,
      "label": "SuicideWatch",
      "response": "<answer>\n{\n    \"thought\": \"The user is expressing feelings of depression and suicidal thoughts due to the impending loss of their mother who has an incurable illness. They also mention feeling isolated and without support.\",\n    \"result\": \"SuicideWatch\"\n}\n</answer>"
    },
    {
      "index": 83,
      "label": "SuicideWatch",
      "response": "{\n    \"thought\": \"The user is expressing feelings of being overwhelmed and struggling with various life challenges, including a recent breakup, financial problems, and the loss of a pet. They also mention being emotionally sensitive and having a history of abuse. These factors suggest that the user may be experiencing symptoms of depression.\",\n    \"result\": \"Depression\"\n}"
    },
    {
      "index": 84,
      "label": "SuicideWatch",
      "response": "<answer>\n{\n    \"thought\": \"The user's posts indicate a sense of despair, unrealistic goals, and a feeling of being out of touch with reality. They also mention suicidal thoughts and a desire to check out of their current life. These symptoms are indicative of depression.\",\n    \"result\": \"Depression\",\n}\n</answer>"
    },
    {
      "index": 85,
      "label": "SuicideWatch",
      "response": "<answer>\n{\n    \"thought\": \"The user's posts contain suicidal ideation and a sense of hopelessness, which are common symptoms of depression. The user also mentions feeling hurt and not being able to find help, which further supports the diagnosis of depression.\",\n    \"result\": \"Depression\",\n}\n</answer>"
    },
    {
      "index": 86,
      "label": "SuicideWatch",
      "response": "<answer>\n{\n    \"thought\": \"The user has a history of supporting others who are struggling with suicidal thoughts and has been involved with a website that deals with suicide. However, the user is now struggling with their own mental health and is reaching out for help for the first time. The user mentions feeling drained from supporting others and feeling hypocritical for seeking help themselves. The user also mentions a downward spiral and feeling like they have nowhere to turn. These factors suggest that the user may be experiencing depression.\",\n    \"result\": \"Depression\",\n}\n</answer>"
    },
    {
      "index": 87,
      "label": "SuicideWatch",
      "response": "<answer>\n{\n    \"thought\": \"The user is expressing concern about a friend's son who is threatening suicide on Skype. The user is unsure how to report this and is seeking help. The user also mentions that the son has a history of cutting and has expressed suicidal thoughts before. This suggests that the user is worried about the son's mental health and is seeking assistance to prevent a potential suicide attempt.\",\n    \"result\": \"SuicideWatch\"\n}\n</answer>"
    },
    {
      "index": 88,
      "label": "SuicideWatch",
      "response": "<answer>\n{\n    \"thought\": \"The user's posts contain language that suggests a lack of motivation and a sense of worthlessness, which are common symptoms of depression. The user also mentions not being able to find a reason to carry on, which could indicate a lack of hope or a sense of despair, which are also common symptoms of depression.\",\n    \"result\": \"Depression\",\n}\n</answer>"
    },
    {
      "index": 89,
      "label": "SuicideWatch",
      "response": "<answer>\n{\n    \"thought\": \"The user's posts contain themes of feeling belittled, ignored, and abused by family members. They also mention being diagnosed with severe anxiety and cognitive disorders. The user expresses a desire for revenge against those who have wronged them and mentions being sexually abused. These themes suggest a potential mental disorder of Depression.\",\n    \"result\": \"Depression\",\n}\n</answer>"
    },
    {
      "index": 90,
      "label": "SuicideWatch",
      "response": "<answer>\n{\n    \"thought\": \"The user's posts indicate a lack of interest in life, feelings of being unloved, and financial problems. They also mention a strained relationship with their father and a lack of communication with their family. The user also mentions being scammed and feeling stupid about it. These factors suggest that the user may be experiencing depression.\",\n    \"result\": \"Depression\"\n}\n</answer>"
    },
    {
      "index": 91,
      "label": "SuicideWatch",
      "response": "<answer>\n{\n    \"thought\": \"The user's posts contain themes of regret, loss, and a sense of hopelessness. They express a desire to go back in time and change things, but acknowledge that it is impossible. They also mention feeling disconnected from social media and feeling grateful for nothing. These themes are consistent with symptoms of depression, such as feelings of sadness, hopelessness, and a lack of interest in activities.\",\n    \"result\": \"Depression\",\n}\n</answer>"
    },
    {
      "index": 92,
      "label": "SuicideWatch",
      "response": "<answer>\n{\n    \"thought\": \"The user's posts indicate a pattern of procrastination and difficulty in completing tasks, which is a common symptom of anxiety. The user also mentions feeling overwhelmed and struggling to manage their time effectively, which can be indicative of anxiety. Additionally, the user's mention of not enjoying reading suggests a lack of interest in activities, which can be a symptom of depression. However, the user's overall tone and language suggest that anxiety is the most likely mental disorder.\",\n    \"result\": \"Anxiety\",\n}\n</answer>"
    },
    {
      "index": 93,
      "label": "SuicideWatch",
      "response": "<answer>\n{\n    \"thought\": \"The user's posts contain language that suggests a high level of distress and hopelessness, including statements about jumping to their death and being tired of everything. The user also expresses uncertainty about the future and a lack of joy in their life. These are all common symptoms of depression.\",\n    \"result\": \"Depression\",\n}\n</answer>"
    },
    {
      "index": 94,
      "label": "SuicideWatch",
      "response": "<answer>\n{\n    \"thought\": \"The user's post contains several indicators of depression, such as feeling tired and sick of everything, being overwhelmed with work, and feeling like they are not good enough. The user also mentions feeling like they are not making progress in their education and feeling like nobody values them. These are all common symptoms of depression.\",\n    \"result\": \"Depression\",\n}\n</answer>"
    },
    {
      "index": 95,
      "label": "SuicideWatch",
      "response": "<answer>\n{\n    \"thought\": \"The user's post contains several indicators of depression, including feelings of hopelessness, suicidal thoughts, and social anxiety. The user also mentions a history of depression and suicidal ideation, as well as a lack of support from family and friends. The user's language and tone suggest a sense of despair and isolation, which are common symptoms of depression.\",\n    \"result\": \"Depression\"\n}\n</answer>"
    },
    {
      "index": 96,
      "label": "SuicideWatch",
      "response": "<answer>\n{\n    \"thought\": \"The user's posts contain a lot of typos and grammatical errors, which may indicate a lack of attention to detail or a possible cognitive impairment. The user also expresses feelings of loneliness, hopelessness, and suicidal thoughts, which are common symptoms of depression. Additionally, the user's use of repetitive phrases and words may suggest a possible obsessive-compulsive disorder or anxiety disorder.\",\n    \"result\": \"Depression\",\n}\n</answer>"
    },
    {
      "index": 97,
      "label": "SuicideWatch",
      "response": "<answer>\n{\n    \"thought\": \"The user is contemplating suicide and has been feeling emotionally turbulent. They mention feeling drained and not caring about others, which could be indicative of depression. However, the user also mentions feeling calm and contemplating suicide, which could be indicative of bipolar disorder. The user also mentions physical activity, which could be a coping mechanism for anxiety. However, the overall tone of the post suggests a more severe mental health issue, such as bipolar disorder or depression.\",\n    \"result\": \"Bipolar\"\n}\n</answer>"
    },
    {
      "index": 98,
      "label": "SuicideWatch",
      "response": "<answer>\n{\n    \"thought\": \"The user's posts contain repetitive and negative thoughts about the future, indicating a sense of hopelessness and pessimism. The user also mentions feeling overwhelmed and unable to cope with their emotions, which are common symptoms of depression.\",\n    \"result\": \"Depression\",\n}\n</answer>"
    },
    {
      "index": 99,
      "label": "SuicideWatch",
      "response": "<answer>\n{\n    \"thought\": \"The user is expressing feelings of hurt and frustration towards someone who has been bashing them. They also mention getting rid of a toxic person, which suggests that they may be experiencing anxiety or stress related to this situation. Additionally, the user mentions feeling like nobody wants to spend time with them, which could indicate feelings of loneliness or depression.\",\n    \"result\": \"Anxiety\"\n}\n</answer>"
    }
  ]
}