{
  "SWMH_Medium": [
    {
      "index": 0,
      "label": "Anxiety",
      "response": "SuicideWatch"
    },
    {
      "index": 1,
      "label": "Anxiety",
      "response": "Depression"
    },
    {
      "index": 2,
      "label": "Anxiety",
      "response": "{\n    \"thought\": \"The user is struggling with anxiety and feels they have limited ability to control their feelings. They have attempted writing letters as a coping mechanism but it does not seem to be enough to alleviate their anxiety.\",\n    \"result\": \"Anxiety\"\n}"
    },
    {
      "index": 3,
      "label": "Anxiety",
      "response": "{\n    \"thought\": \"The user appears to be experiencing a range of emotions and thoughts, including happiness, sadness, confusion, and self-doubt. They also mention feeling like they're doing something wrong at home, and that alcohol has an impact on their emotions.\",\n    \"result\": \"Depression\"\n}"
    },
    {
      "index": 4,
      "label": "Anxiety",
      "response": "SuicideWatch"
    },
    {
      "index": 5,
      "label": "Anxiety",
      "response": "Anxiety"
    },
    {
      "index": 6,
      "label": "Anxiety",
      "response": "Anxiety"
    },
    {
      "index": 7,
      "label": "Anxiety",
      "response": "Offmychest"
    },
    {
      "index": 8,
      "label": "Anxiety",
      "response": "{\n    \"thought\": \"The user is sharing information from an article about psychology and seems to be interested in exploring ideas related to mental health.\",\n    \"result\": \"Offmychest\"\n}"
    },
    {
      "index": 9,
      "label": "Anxiety",
      "response": "{\n    \"thought\": \"The user expresses a fear of disappointing others and anxiety about performing well in exams.\",\n    \"result\": \"Anxiety\"\n}"
    },
    {
      "index": 10,
      "label": "Anxiety",
      "response": "{\n    \"thought\": \"Feeling like my life has been ruined, difficulty finding a girlfriend, constant anxiety and panic attacks, physical symptoms like hyper-sensitivity to food and throat discomfort\",\n    \"result\": \"Anxiety\"\n}"
    },
    {
      "index": 11,
      "label": "Anxiety",
      "response": "Offmychest"
    },
    {
      "index": 12,
      "label": "Anxiety",
      "response": "Based on the content of the user's post, it appears they may be experiencing symptoms of separation anxiety, codependency, and depression. The user mentions feeling anxious when their partner is away and expresses fear of being alone. Additionally, they describe having intrusive thoughts and feelings of guilt when their partner is not around. This combination of symptoms suggests that a primary diagnosis would be separation anxiety. While there are also elements of codependency and depression, it is separation anxiety that seems to be the most prominent issue in this case."
    },
    {
      "index": 13,
      "label": "Anxiety",
      "response": "Offmychest"
    },
    {
      "index": 14,
      "label": "Anxiety",
      "response": "{\n    \"thought\": \"The user seems to have difficulty forming complete thoughts and sentences, possibly due to cognitive issues. They also express frustration and difficulty dealing with technology.\",\n    \"result\": \"Depression\"\n}"
    },
    {
      "index": 15,
      "label": "Anxiety",
      "response": "Offmychest"
    },
    {
      "index": 16,
      "label": "Anxiety",
      "response": "Depression"
    },
    {
      "index": 17,
      "label": "Anxiety",
      "response": "{\n    \"thought\": \"The user appears to be experiencing depressive symptoms and may be considering taking an antidepressant medication. They mention feeling down and have decided to take Zoloft, and express concerns about side effects.\",\n    \"result\": \"Depression\"\n}"
    },
    {
      "index": 18,
      "label": "Anxiety",
      "response": "{\n    \"thought\": \"The user seems to be experiencing anxiety and possibly a sleep disorder.\",\n    \"result\": \"Anxiety\"\n}"
    },
    {
      "index": 19,
      "label": "Anxiety",
      "response": "Anxiety"
    },
    {
      "index": 20,
      "label": "Bipolar",
      "response": "SuicideWatch"
    },
    {
      "index": 21,
      "label": "Bipolar",
      "response": "Offmychest"
    },
    {
      "index": 22,
      "label": "Bipolar",
      "response": "{\n    \"thought\": \"The user appears to be discussing multiple medications and their side effects, which may be related to mental health conditions.\",\n    \"result\": \"Bipolar\"\n}"
    },
    {
      "index": 23,
      "label": "Bipolar",
      "response": "Based on the provided information, the user appears to be experiencing significant stress and trauma. The combination of a friend's psychiatric diagnosis, multiple medications, and a series of traumatic events could contribute to anxiety, depression, and even suicidal thoughts. The user has also mentioned feeling extremely overwhelmed and unable to cry, which could be an indication of possible post-traumatic stress disorder. Further evaluation and support are necessary to provide appropriate care."
    },
    {
      "index": 24,
      "label": "Bipolar",
      "response": "Offmychest"
    },
    {
      "index": 25,
      "label": "Bipolar",
      "response": "Offmychest"
    },
    {
      "index": 26,
      "label": "Bipolar",
      "response": "{\n    \"thought\": \"The user seems to struggle with managing time, money, and responsibilities due to impulsiveness and a lack of self-discipline.\",\n    \"result\": \"Bipolar\"\n}"
    },
    {
      "index": 27,
      "label": "Bipolar",
      "response": "Offmychest"
    },
    {
      "index": 28,
      "label": "Bipolar",
      "response": "{\n    \"thought\": \"The user has experienced involuntary episodes of violence and outbursts, which they cannot control during these periods.\",\n    \"result\": \"Bipolar\"\n}"
    },
    {
      "index": 29,
      "label": "Bipolar",
      "response": "{\n\"thought\": \"The user is experiencing a range of distressing symptoms and emotions, including flashbacks, anger, and a sense of being constantly under attack. They also describe feeling like their identity has been stained and are concerned about whether they have Bipolar Disorder.\",\n\"result\": \"Bipolar\"\n}"
    },
    {
      "index": 30,
      "label": "Bipolar",
      "response": "Offmychest"
    },
    {
      "index": 31,
      "label": "Bipolar",
      "response": "Anxiety"
    },
    {
      "index": 32,
      "label": "Bipolar",
      "response": "Anxiety"
    },
    {
      "index": 33,
      "label": "Bipolar",
      "response": "Offmychest"
    },
    {
      "index": 34,
      "label": "Bipolar",
      "response": "SuicideWatch"
    },
    {
      "index": 35,
      "label": "Bipolar",
      "response": "Offmychest"
    },
    {
      "index": 36,
      "label": "Bipolar",
      "response": "Depression"
    },
    {
      "index": 37,
      "label": "Bipolar",
      "response": "Offmychest"
    },
    {
      "index": 38,
      "label": "Bipolar",
      "response": "Offmychest"
    },
    {
      "index": 39,
      "label": "Bipolar",
      "response": "{\n    \"thought\": \"The user seems to be questioning their own mental health, mentioning ADHD, depression, and bipolar disorder, and asking about testing and markers.\",\n    \"result\": \"Bipolar\"\n}"
    },
    {
      "index": 40,
      "label": "Depression",
      "response": "{\n    \"thought\": \"The user describes a struggle with finding happiness, experiencing rapid mood changes, and worries about becoming depressed. They mention wanting to balance life, enjoying the present, and generally trying to be happy.\",\n    \"result\": \"Bipolar\"\n}"
    },
    {
      "index": 41,
      "label": "Depression",
      "response": "Based on the user's post, it is evident that they are dealing with a significant amount of stress and challenges in their personal and family life. This has led to various mental health issues such as anxiety, depression, and emotional swings. They are struggling to maintain relationships and have lost a significant other, which has resulted in emotional distress and a lack of motivation. The user has mentioned struggling with anxiety and depression for years, and they have been managing these issues by helping their family and working online. They also need support in dealing with legal issues and communication barriers. This user is facing a complex array of challenges and would greatly benefit from professional help and support."
    },
    {
      "index": 42,
      "label": "Depression",
      "response": "Bipolar"
    },
    {
      "index": 43,
      "label": "Depression",
      "response": "Offmychest"
    },
    {
      "index": 44,
      "label": "Depression",
      "response": "Depression"
    },
    {
      "index": 45,
      "label": "Depression",
      "response": "{\n    \"thought\": \"The user is experiencing intense anxiety, as evidenced by their frequent use of the word 'anxious' and the description of shaking, feeling on edge, and having difficulty leaving their house and going to therapy.\",\n    \"result\": \"Anxiety\"\n}"
    },
    {
      "index": 46,
      "label": "Depression",
      "response": "Offmychest"
    },
    {
      "index": 47,
      "label": "Depression",
      "response": "{\n    \"thought\": \"The user expresses difficulty making friends and struggles with depression. They mention feeling alone and that no one understands them.\",\n    \"result\": \"Depression\"\n}"
    },
    {
      "index": 48,
      "label": "Depression",
      "response": "{\n    \"thought\": \"I feel a range of emotions, including sadness, anger, and frustration. I struggle to connect with my favorite foods, enjoy activities I used to love, and grieve my grandfather who recently passed away.\",\n    \"result\": \"Depression\"\n}"
    },
    {
      "index": 49,
      "label": "Depression",
      "response": "Depression"
    },
    {
      "index": 50,
      "label": "Depression",
      "response": "Offmychest"
    },
    {
      "index": 51,
      "label": "Depression",
      "response": "Depression"
    },
    {
      "index": 52,
      "label": "Depression",
      "response": "Based on the provided post, it seems that the user is experiencing a difficult situation involving a close friend and a significant other. The user is struggling with making difficult decisions about their relationships and friendships.\n\nConsidering the content of the post, it appears the user may be experiencing anxiety about making these choices, as well as feelings of distress and confusion regarding the trust and loyalty within their social circle.\n\nThe user's description of feeling paralyzed and unable to act when faced with a difficult situation suggests a possible struggle with social anxiety. The mention of feeling \"rigged\" by their friend's words further emphasizes the user's struggle to maintain control over the situation.\n\nThe user also mentions feeling overwhelmed and alone, which could be indicative of depression.\n\nIn conclusion, the user appears to be experiencing anxiety, social anxiety in particular, and may be struggling with depression as well."
    },
    {
      "index": 53,
      "label": "Depression",
      "response": "{\n    \"thought\": \"The user expresses feelings of hopelessness, terror, and pain, and wishes they could escape their current situation. They mention being lucky to have their family, but also feel that they cannot handle the difficulties they are facing.\",\n    \"result\": \"Depression\"\n}"
    },
    {
      "index": 54,
      "label": "Depression",
      "response": "Depression"
    },
    {
      "index": 55,
      "label": "Depression",
      "response": "Depression"
    },
    {
      "index": 56,
      "label": "Depression",
      "response": "{\n    \"thought\": \"The user expresses feelings of helplessness, inadequacy, and negativity towards themselves and others.\",\n    \"result\": \"Depression\"\n}"
    },
    {
      "index": 57,
      "label": "Depression",
      "response": "Based on the content, it appears the user is experiencing a combination of anxiety, depression, and social difficulties. However, the most prevalent issue seems to be anxiety and motivation issues, which are likely related to the user's mental state. Therefore, the most fitting disorder for this user would be:\n\n- Anxiety"
    },
    {
      "index": 58,
      "label": "Depression",
      "response": "Offmychest"
    },
    {
      "index": 59,
      "label": "Depression",
      "response": "Offmychest"
    },
    {
      "index": 60,
      "label": "Offmychest",
      "response": "Anxiety"
    },
    {
      "index": 61,
      "label": "Offmychest",
      "response": "Based on the user's posts, it is clear that they are experiencing a great deal of emotional turmoil and struggle with forming and maintaining relationships. They mention feeling exhausted from the emotional demands of relationships and struggling to trust others. They have difficulty controlling their own emotions and often shut down relationships when they perceive potential issues. They also express feelings of self-doubt and a belief that they are unable to connect with others on a deeper level.\n\nThis suggests that they may be experiencing symptoms of anxiety and relationship challenges, which could be contributing to their mental exhaustion."
    },
    {
      "index": 62,
      "label": "Offmychest",
      "response": "Anxiety"
    },
    {
      "index": 63,
      "label": "Offmychest",
      "response": "Offmychest"
    },
    {
      "index": 64,
      "label": "Offmychest",
      "response": "Based on the user's detailed account of their financial struggles, relationship issues, and the emotional distress displayed by both the user and their boyfriend, I would assess the potential presence of Anxiety in their lives."
    },
    {
      "index": 65,
      "label": "Offmychest",
      "response": "Depression"
    },
    {
      "index": 66,
      "label": "Offmychest",
      "response": "SuicideWatch"
    },
    {
      "index": 67,
      "label": "Offmychest",
      "response": "Anxiety"
    },
    {
      "index": 68,
      "label": "Offmychest",
      "response": "{\n    \"thought\": \"The user is deeply concerned about the well-being of others, particularly those close to them, and feels responsible for their issues. They also express anxiety about their own problems and a desire to seek help.\",\n    \"result\": \"Anxiety\"\n}"
    },
    {
      "index": 69,
      "label": "Offmychest",
      "response": "Anxiety"
    },
    {
      "index": 70,
      "label": "Offmychest",
      "response": "Anxiety"
    },
    {
      "index": 71,
      "label": "Offmychest",
      "response": "{\n    \"thought\": \"The user has experienced sexual abuse and struggles with emotional distress, denial, and a lack of control over these distressing memories.\",\n    \"result\": \"Depression\"\n}"
    },
    {
      "index": 72,
      "label": "Offmychest",
      "response": "Offmychest"
    },
    {
      "index": 73,
      "label": "Offmychest",
      "response": "Anxiety"
    },
    {
      "index": 74,
      "label": "Offmychest",
      "response": "The user appears to be experiencing a significant amount of emotional distress and has gone through a series of challenging experiences in their relationships. It is evident that they have been hurt and are struggling to cope with the emotional aftermath. They have shown signs of anxiety and seem to be seeking reassurance and support from those around them. It is important for them to seek professional help and engage in self-care practices to navigate this difficult time."
    },
    {
      "index": 75,
      "label": "Offmychest",
      "response": "{\n    \"thought\": \"The user has experienced a stressful and potentially dangerous situation, which could have triggered anxiety and fear.\",\n    \"result\": \"Anxiety\"\n}"
    },
    {
      "index": 76,
      "label": "Offmychest",
      "response": "Based on the user's posts, it appears that they are experiencing anxiety and depression. They mention feeling anxious and nervous, overthinking situations, and feeling miserable when they're not with their boyfriend. They also express intrusive thoughts and having high standards for themselves and others. The user acknowledges that they have lost weight and are trying to make friends, but struggles with social situations."
    },
    {
      "index": 77,
      "label": "Offmychest",
      "response": "{\n    \"thought\": \"The user expresses feelings of worthlessness, hopelessness, and difficulty in functioning daily. They mention being unable to find work, lack of energy, and guilt over eating.\",\n    \"result\": \"Depression\"\n}"
    },
    {
      "index": 78,
      "label": "Offmychest",
      "response": "Anxiety"
    },
    {
      "index": 79,
      "label": "Offmychest",
      "response": "Offmychest"
    },
    {
      "index": 80,
      "label": "SuicideWatch",
      "response": "Bipolar"
    },
    {
      "index": 81,
      "label": "SuicideWatch",
      "response": "Based on the user's posts, it appears they are experiencing depression and are struggling with the burden of life. The user acknowledges the support they've received, but their feelings of hopelessness and sadness are evident. Their mention of suicide watch and their wish to change their life for the better also indicate a need for mental health support. Therefore, the result is:\n\n{\n    \"thought\": \"User is experiencing depression and seeking support to change their life\",\n    \"result\": \"Depression\"\n}"
    },
    {
      "index": 82,
      "label": "SuicideWatch",
      "response": "{\n    \"thought\": \"The user is expressing feelings of sadness, loss, and uncertainty, which can be indicative of depression. Additionally, they mention feeling suicidal thoughts, which is a serious concern.\",\n    \"result\": \"Depression\"\n}"
    },
    {
      "index": 83,
      "label": "SuicideWatch",
      "response": "{\n    \"thought\": \"The user is going through a difficult period of personal and emotional struggles, including a recent breakup, financial difficulties, and issues with their family.\",\n    \"result\": \"Depression\"\n}"
    },
    {
      "index": 84,
      "label": "SuicideWatch",
      "response": "Bipolar"
    },
    {
      "index": 85,
      "label": "SuicideWatch",
      "response": "Offmychest"
    },
    {
      "index": 86,
      "label": "SuicideWatch",
      "response": "Depression"
    },
    {
      "index": 87,
      "label": "SuicideWatch",
      "response": "Offmychest"
    },
    {
      "index": 88,
      "label": "SuicideWatch",
      "response": "{\n    \"thought\": \"The user expresses feelings of worthlessness and hopelessness, stating they have no reason to carry on. They also describe themselves as a coward. The mention of not painting by looks suggests a lack of interest or motivation.\",\n    \"result\": \"Depression\"\n}"
    },
    {
      "index": 89,
      "label": "SuicideWatch",
      "response": "{\n    \"thought\": \"The user is struggling with a complex set of issues such as abuse, family dynamics, and mental health concerns.\",\n    \"result\": \"Depression\"\n}"
    },
    {
      "index": 90,
      "label": "SuicideWatch",
      "response": "Anxiety"
    },
    {
      "index": 91,
      "label": "SuicideWatch",
      "response": "Offmychest"
    },
    {
      "index": 92,
      "label": "SuicideWatch",
      "response": "{\n    \"thought\": \"The user has a significant amount of self-awareness and acknowledges the impact of their procrastination on their life and their family.\",\n    \"result\": \"Bipolar\"\n}"
    },
    {
      "index": 93,
      "label": "SuicideWatch",
      "response": "Depression"
    },
    {
      "index": 94,
      "label": "SuicideWatch",
      "response": "Offmychest"
    },
    {
      "index": 95,
      "label": "SuicideWatch",
      "response": "It is clear that the user is struggling with severe depression, anxiety, and past relationship issues. They have been diagnosed with depression and have had thoughts of suicide. They have a history of self-harm and are struggling with social anxiety. It seems they have attempted to seek help in the past, but the extent of the support they receive from family and friends is unclear. They have also been struggling with work and financial issues. The user has acknowledged that they feel worthless and unlovable, and they are seeking help in managing their depression and anxiety. It's important for them to receive professional support and possibly engage in therapy to address these issues."
    },
    {
      "index": 96,
      "label": "SuicideWatch",
      "response": "{\n    \"thought\": \"The user expresses feelings of helplessness, loneliness, and hopelessness in their posts, indicating potential signs of depression.\",\n    \"result\": \"Depression\"\n}"
    },
    {
      "index": 97,
      "label": "SuicideWatch",
      "response": "{\n\"thought\": \"The user has been contemplating suicide and experiences emotional turbulence. They also mention feeling detached and drained after engaging with other people.\",\n\"result\": \"Bipolar\"\n}"
    },
    {
      "index": 98,
      "label": "SuicideWatch",
      "response": "Offmychest"
    },
    {
      "index": 99,
      "label": "SuicideWatch",
      "response": "Offmychest"
    }
  ]
}