{
  "SWMH_Medium": [
    {
      "index": 0,
      "label": "Anxiety",
      "response": "{\n    \"thought\": \"The user's post conveys a sense of disconnection and confusion regarding their emotions and experiences, particularly in relation to sunsets and the passage of time. They describe a mix of pleasant and scary feelings, which indicates a struggle to reconcile their internal experiences. The user's use of words like 'weirdddd' and 'itteicfm' suggests a distortion in their perception of reality, which can be associated with depersonalization. Furthermore, the post reveals a significant amount of anxiety and distress, as well as a disconnection from their memories and experiences.\",\n    \"result\": \"Depression\"\n}"
    },
    {
      "index": 1,
      "label": "Anxiety",
      "response": "{\n    \"thought\": \"The user's post expresses a complex interplay between chronic fatigue syndrome/myalgic encephalomyelitis (CFS/ME) and anxiety, as they describe an extreme amount of stress before crashing, improved sleep quality, and increased physical capabilities. The user's question about whether their symptoms are due to stress/anxiety or CFS/ME suggests they are experiencing uncertainty and seeking clarity. They also mention worsening symptoms and challenges in distinguishing between these conditions.\",\n    \"result\": \"Anxiety\"\n}"
    },
    {
      "index": 2,
      "label": "Anxiety",
      "response": "{\n    \"thought\": \"The user's post contains repetitive and unclear sentences, with an abundance of filler words such as 'th', 'o', 'ovv', 'coyuxoy'. The content appears to be about anxiety and a sense of losing control. The user mentions having written and posted letters about it, but the tone seems to be more focused on the anxiety itself than the act of writing. The mention of 'Neutraliiiity Net' and 'nor co.ncert am' could be indicative of a confused or disorganized thought process.\",\n    \"result\": \"Anxiety\"\n}"
    },
    {
      "index": 3,
      "label": "Anxiety",
      "response": "{\n    \"thought\": \"The user mentions that alcohol is a depressant and they feel unhappy when they finish drinking, indicating a possible link between their consumption of alcohol and their emotional state. They also mention a train arriving, which could be a metaphor for their emotional journey or a representation of their inner turmoil.\",\n    \"result\": \"Depression\"\n}"
    },
    {
      "index": 4,
      "label": "Anxiety",
      "response": "{\n    \"thought\": \"The user's post expresses a struggle with organization and categorization, indicating a possible difficulty with categorization of thoughts, which is a characteristic often seen in Autism Spectrum Disorder. The user's use of phrases such as 'extreme dorganizatioq' and 'fovhygs' suggests a unique way of thinking and organizing information.\",\n    \"result\": \"AutismSpectrum\"\n}"
    },
    {
      "index": 5,
      "label": "Anxiety",
      "response": "{\n    \"thought\": \"The user expresses a sense of being under control of anxiety, describing it as frustrating and hellish. They mention quitting drinking presumably to deal with it. The use of 'Ho' and 'ug' suggests a sense of unease and possibly a bit of self-deprecation. The user also mentions 'it's' which could imply they are referring to the anxiety itself. This could be indicative of a struggle with anxiety, but without more context, it's difficult to make a definitive conclusion.\",\n    \"result\": \"Anxiety\"\n}"
    },
    {
      "index": 6,
      "label": "Anxiety",
      "response": "{\n    \"thought\": \"The user expresses high levels of stress and anxiety that are significantly impacting their daily life. They mention being unable to sleep for the past week and experiencing racing thoughts at night. These symptoms are likely causing a significant amount of distress.\",\n    \"result\": \"Anxiety\"\n}"
    },
    {
      "index": 7,
      "label": "Anxiety",
      "response": "{\n    \"thought\": \"The user's post suggests a sense of disconnection and isolation, with phrases such as's no through' and 'I'm nobody'. The use of 'chy.est' instead of 'cheapest' implies a distortion in the user's perception of reality, which may be a sign of a mental health condition.\",\n    \"result\": \"Bipolar\"\n}"
    },
    {
      "index": 8,
      "label": "Anxiety",
      "response": "{\n    \"thought\": \"The user's post contains a mix of coherent and incoherent phrases, suggesting a possible struggle with organizing thoughts. The use of all capital letters and multiple repetitions of words may be an attempt to convey enthusiasm or emphasis. However, the mention of 'fer nowhere to Be feared' and 'enlighteninG' may indicate a level of intensity or obsession with the topic.\",\n    \"result\": \"Anxiety\"\n}"
    },
    {
      "index": 9,
      "label": "Anxiety",
      "response": "{\n    \"thought\": \"The user expresses a fear of disappointing others and themselves due to high expectations, leading to anxiety about academic performance. They seem to have a strong need to meet these expectations and are worried about their capability to do so.\",\n    \"result\": \"Anxiety\"\n}"
    },
    {
      "index": 10,
      "label": "Anxiety",
      "response": "{\n    \"thought\": \"The user's post reveals a high level of distress related to anxiety and panic disorders, with frequent episodes of hyper-vigilance to bodily sensations, such as digestive issues, and a fear of losing control. The user's descriptions of these episodes are intense and intrusive, indicating a significant impact on daily life.\",\n    \"result\": \"Anxiety\"\n}"
    },
    {
      "index": 11,
      "label": "Anxiety",
      "response": "{\n    \"thought\": \"The user's post suggests they are experiencing distress due to their girlfriend's recent behavior, which has caused them to be uncertain and anxious. The user is attempting to understand their girlfriend's actions and feelings, indicating they are invested in the relationship.\",\n    \"result\": \"Anxiety\"\n}"
    },
    {
      "index": 12,
      "label": "Anxiety",
      "response": "{\n  \"thought\": \"The user expresses a mix of anxiety and depression related to separation from their partner. They mention intrusive thoughts and a desire to be with their partner at all times, indicating a strong emotional dependence. The user's mental health has been impacted by their partner's frequent absences, and they fear being left alone.\",\n  \"result\": \"Anxiety\"\n}"
    },
    {
      "index": 13,
      "label": "Anxiety",
      "response": "{\n    \"thought\": \"The user is experiencing a significant emotional distress and is overwhelmed by obsessive thoughts of herpes transmission and its potential consequences. They are in a state of high anxiety, which is causing them to become fixated on the idea of informing their bf about their concerns before it's too late. The user's mind is racing, and they feel they are running out of time, leading to a sense of urgency and desperation.\",\n    \"result\": \"Anxiety\"\n}"
    },
    {
      "index": 14,
      "label": "Anxiety",
      "response": "{\n    \"thought\": \"The user appears to be expressing frustration and helplessness in the face of technological advancements, which is causing them significant distress. They seem to be overwhelmed by the rapid pace of change and its impact on their ability to cope.\",\n    \"result\": \"Anxiety\"\n}"
    },
    {
      "index": 15,
      "label": "Anxiety",
      "response": "{\n    \"thought\": \"The user expresses frustration and disappointment due to receiving the wrong package and the inconvenience it has caused them. They seem to be upset about the customer service experience and the fact that their day has been affected.\",\n    \"result\": \"Anxiety\"\n}"
    },
    {
      "index": 16,
      "label": "Anxiety",
      "response": "{\n    \"thought\": \"The user's post suggests a high level of emotional intensity and a struggle with internal pain. They describe a sense of anxiety that is palpable and affects their daily life, as well as a deep empathy for the person who shared their story. The user also expresses a desire to create a safe space for themselves and indicates an intention to adopt self-care strategies like meditation. The post hints at a sense of hope and a wish to move beyond the pain.\",\n    \"result\": \"Depression\"\n}"
    },
    {
      "index": 17,
      "label": "Anxiety",
      "response": "{\n    \"thought\": \"The user expresses concerns about taking Zoloft and its potential side effects, which indicates a level of self-awareness and a desire to understand their medication's impact. They also mention feeling down and having a fever, which could be related to their medication or an underlying health condition. The user's writing style is informal and fragmented, which may suggest some cognitive disorganization. Additionally, the user's concerns about their health and the medication they are taking could be indicative of anxiety.\",\n    \"result\": \"Anxiety\"\n}"
    },
    {
      "index": 18,
      "label": "Anxiety",
      "response": "{\n    \"thought\": \"The user is expressing a need for help with anxiety and is asking for suggestions on herbal remedies. They also mention the absence of sounds like birdsong and stars in the sky, which could be metaphors for the emotional numbness they may be experiencing. They mention a 12-hour workday, which might be contributing to their anxiety.\",\n    \"result\": \"Anxiety\"\n}"
    },
    {
      "index": 19,
      "label": "Anxiety",
      "response": "{\n    \"thought\": \"The user seems to be sharing their understanding of anxiety and its potential causes, referencing a past event or trauma as a possible trigger. They also mention a therapist and the importance of listening to others' experiences. The user's tone is reflective and inquiring, indicating a willingness to learn and understand.\",\n    \"result\": \"Anxiety\"\n}"
    },
    {
      "index": 20,
      "label": "Bipolar",
      "response": "{\n    \"thought\": \"The user's post reflects a journey of overcoming mental health challenges and seeking help. They have been on medication and has also mentioned a recent increase in dosage. The user's tone is generally positive, indicating a progress in their mental health treatment.\",\n    \"result\": \"Depression\"\n}"
    },
    {
      "index": 21,
      "label": "Bipolar",
      "response": "{\n    \"thought\": \"The user expresses significant emotional distress and frustration due to the husband's inability to contribute to household responsibilities, which is affecting the user's mental health. The user's language is highly fragmented and contains numerous typos, suggesting a possible emotional state of being on the verge of a breakdown.\",\n    \"result\": \"Depression\"\n}"
    },
    {
      "index": 22,
      "label": "Bipolar",
      "response": "{\n    \"thought\": \"The user's post mentions two medications, Cymbalta and Zyprexa, which are commonly used to treat depression and bipolar disorder. The user expresses a significant amount of weight gain and diabetes concerns associated with these medications, indicating they may be experiencing side effects. Furthermore, the user's use of 'prevEnt' and 'deVil' suggests a sense of dread and possibly a feeling of being overwhelmed. The mention of swimming as a great escape indicates the user may be looking for a way to cope with their current emotional state.\",\n    \"result\": \"Depression\"\n}"
    },
    {
      "index": 23,
      "label": "Bipolar",
      "response": "{\n  \"thought\": \"The user's mother has been experiencing a significant amount of stress and emotional distress due to her medical conditions and the changes in her medication. The user is deeply concerned about her mother's well-being and has been trying to support her. The mother's inability to communicate effectively and her withdrawal from social interactions are causing the user distress.\",\n  \"result\": \"Depression\"\n}"
    },
    {
      "index": 24,
      "label": "Bipolar",
      "response": "{\n    \"thought\": \"The user mentions a previous diagnosis of bipolar disorder and expresses uncertainty about what to expect. They also mention a concert and a deleted expectation, suggesting a mix of anxiety and confusion.\",\n    \"result\": \"Anxiety\"\n}"
    },
    {
      "index": 25,
      "label": "Bipolar",
      "response": "{\n    \"thought\": \"The user is inquiring about Buspar as a potential treatment option for anxiety, indicating they are actively seeking help and are open to exploring different pharmacological interventions. They also mention having bipolar disorder II and rapid cycling OCD, which suggests they have a complex mental health profile. Their writing style is informal and contains grammatical errors, which may indicate a lack of attention to detail due to their mental health condition. The user's train of thought is clear, but the content is fragmented and difficult to follow.\",\n    \"result\": \"Anxiety\"\n}"
    },
    {
      "index": 26,
      "label": "Bipolar",
      "response": "{\n  \"thought\": \"The user's posts reveal a significant amount of financial and time management issues, impulsive decisions, and a general sense of overwhelm. The user's impulsive nature is demonstrated through the acquisition of two tattoos and a camera, followed by a realization of the financial implications. The user's awareness of their impulsive spending habits and desire to manage their finances better suggest a need to improve their financial management skills. The user's mention of being behind on tuition payments and having credit issues further indicates the severity of their financial situation. Additionally, the user's tone suggests a sense of desperation and a need for immediate financial relief.\",\n  \"result\": \"Anxiety\"\n}"
    },
    {
      "index": 27,
      "label": "Bipolar",
      "response": "{\n    \"thought\": \"The user describes a series of unfortunate events at the pharmacy, including a confrontation with an assistant which left them feeling stressed and anxious. The use of words like 'hoRrible', 'Nstressfubl', and 'diefensiyve' suggests a heightened emotional state. The user also expresses frustration with the CVS system and the pharmacy assistant's behavior.\",\n    \"result\": \"Anxiety\"\n}"
    },
    {
      "index": 28,
      "label": "Bipolar",
      "response": "{\n    \"thought\": \"The user is experiencing episodes of memory loss, which can be a symptom of various conditions including narcolepsy and seizures. The user's fear and anxiety about driving and working due to these episodes indicate a significant impact on daily functioning.\",\n    \"result\": \"Anxiety\"\n}"
    },
    {
      "index": 29,
      "label": "Bipolar",
      "response": "{\n    \"thought\": \"The user's post reveals a struggle with managing emotions, with mentions of intense anger and the need to 'destroy' things, as well as a history of hospitalization and a current prescription for medication. The user also expresses a desire to understand their diagnosis and its implications, as well as a sense of being misunderstood by others. These elements suggest a complex emotional state and a need for support.\",\n    \"result\": \"Bipolar\"\n}"
    },
    {
      "index": 30,
      "label": "Bipolar",
      "response": "{\n    \"thought\": \"The user's post contains fragmented sentences and unclear thoughts, which may indicate a disturbance in their mental processing. The mention of 'cope with terribly holidays' suggests that the user is experiencing some form of emotional distress.\",\n    \"result\": \"Depression\"\n}"
    },
    {
      "index": 31,
      "label": "Bipolar",
      "response": "{\n    \"thought\": \"The user is describing a series of unusual and seemingly disconnected events that have occurred during episodes of mania. The mention of 'epodes' and 'Synchr9onicities' suggests a possible disconnection from reality and a focus on internal experiences. The use of 'bubble z' and 'ltxxkb' appears to be a form of coded or encrypted language, which may indicate a desire to express complex emotions or thoughts in a unique way. The user also mentions a pen and writing, which could be a metaphor for communication or self-expression.\",\n    \"result\": \"Bipolar\"\n}"
    },
    {
      "index": 32,
      "label": "Bipolar",
      "response": "{\n    \"thought\": \"The user is describing a correlation between seasonal changes and their mood patterns, specifically noting a manic episode in late winter/early spring. They are inquiring if others have observed similar patterns, suggesting an awareness of the potential link between external environmental factors and internal emotional states.\",\n    \"result\": \"Bipolar\"\n}"
    },
    {
      "index": 33,
      "label": "Bipolar",
      "response": "{\n    \"thought\": \"The user is expressing anxiety about an impending job loss and the process of applying for disability. They seem uncertain and insecure about their future and the possibility of receiving disability benefits. The user's stream-of-consciousness style and frequent use of abbreviations suggest a sense of urgency and disorganization.\",\n    \"result\": \"Anxiety\"\n}"
    },
    {
      "index": 34,
      "label": "Bipolar",
      "response": "{\n    \"thought\": \"The user is experiencing frustration due to their medication refill issue and the difficulty in communicating with their doctor's office, which is affecting their mental state. They seem to be concerned about running out of their medication and are worried about their condition.\",\n    \"result\": \"Anxiety\"\n}"
    },
    {
      "index": 35,
      "label": "Bipolar",
      "response": "{\n  \"thought\": \"The user's post reveals a high level of self-criticism, a pattern of self-hatred, and a desperate need for self-compassion. They express frustration and hopelessness, indicating a possible depressive state.\",\n  \"result\": \"Depression\"\n}"
    },
    {
      "index": 36,
      "label": "Bipolar",
      "response": "{\n    \"thought\": \"The user has been experiencing anxiety and has a history of seeking help from different sources, including various treatments and medications. They express a sense of urgency and frustration in their post, highlighting their quest for improvement. They also demonstrate a strong desire to manage their condition and improve their life.\",\n    \"result\": \"Anxiety\"\n}"
    },
    {
      "index": 37,
      "label": "Bipolar",
      "response": "{\n    \"thought\": \"The user had a crash and began taking Wellbutrin a few months back, which initially helped them feel okay for the first time in a long while. They mention a suicidal thought and a consuming mind, indicating a possible struggle with mental health. Additionally, they express difficulty enjoying their favorite video games, which could be a sign of emotional distress. The user also mentions relationships with relatives and friends.\",\n    \"result\": \"Depression\"\n}"
    },
    {
      "index": 38,
      "label": "Bipolar",
      "response": "{\n    \"thought\": \"The user mentions a significant change in their emotional state due to a first winter without medication and the impact of technology on their mental health. The user's writing style is fragmented and uses abbreviations, which could be a reflection of their emotional state.\",\n    \"result\": \"Depression\"\n}"
    },
    {
      "index": 39,
      "label": "Bipolar",
      "response": "{\n    \"thought\": \"The user expresses a mix of curiosity and confusion about their family history of ADHD and depression, as well as their own interest in bipolar disorder. They seem to be exploring their family's medical history and its potential impact on their own mental health. The user's use of abbreviations and incomplete sentences may indicate a difficulty with organization and expression of thoughts. They also express a sense of disconnection and isolation, which could be indicative of underlying emotional distress.\",\n    \"result\": \"Depression\"\n}"
    },
    {
      "index": 40,
      "label": "Depression",
      "response": "{\n    \"thought\": \"The user's post conveys a sense of melancholy and a seemingly carefree attitude towards life's pleasures, but beneath the surface, there's a hint of desperation and possibly even a touch of nihilism. The user talks about getting 'bound' to become depressed when happiness is taken away, which suggests an underlying fear of losing the high they're on. This indicates an anxiety about the future and a fear of being'sober' without the external validation of pleasures. The tone is somewhat nonsensical and may be a coping mechanism to hide the pain.\",\n    \"result\": \"Anxiety\"\n}"
    },
    {
      "index": 41,
      "label": "Depression",
      "response": "{\n    \"thought\": \"The user's post reveals a series of significant life events, including multiple surgeries, hospitalizations, and personal losses. These events have led to feelings of depression, anxiety, and a sense of being overwhelmed. The user has been dealing with these emotions for a while and has been trying to find ways to cope with them. They have been working hard to take care of their family and have been involved in online business to support them. However, recent events have caused them significant emotional distress, including the loss of a close relationship and ongoing health issues. The user's writing style suggests a deep sense of despair and hopelessness, but also an unyielding determination to carry on.\",\n    \"result\": \"Depression\"\n}"
    },
    {
      "index": 42,
      "label": "Depression",
      "response": "{\n    \"thought\": \"The user's post reveals a struggle with depression and anxiety, as they express a fear of burdening their friends with their emotional state and describe a sense of being overwhelmed by small tasks. The user also mentions volunteering and joining community groups, indicating a desire to make a positive change in their life. However, the tone of the post suggests that they are struggling to find the right balance between self-improvement and social connections.\",\n    \"result\": \"Depression\"\n}"
    },
    {
      "index": 43,
      "label": "Depression",
      "response": "{\n    \"thought\": \"The user's post contains fragmented sentences and unclear expressions, which may indicate difficulty in organizing thoughts. The use of 'nor' instead of 'not' and 'by' at the end of the sentence could be a sign of language processing difficulties.\",\n    \"result\": \"Offmychest\"\n}"
    },
    {
      "index": 44,
      "label": "Depression",
      "response": "{\n    \"thought\": \"The user describes a condition known as emotional contagion, where they feel a strong impact from the emotions expressed by others. They also report intense emotional responses to both positive and negative comments, which suggests a high level of emotional sensitivity. Furthermore, they mention feeling numb and tired, which may indicate emotional exhaustion.\",\n    \"result\": \"Anxiety\"\n}"
    },
    {
      "index": 45,
      "label": "Depression",
      "response": "{\n    \"thought\": \"The user expresses severe anxiety about an upcoming therapy session and leaving their comfort zone, indicating a strong attachment to their home and a high level of unease when facing new or unfamiliar situations.\",\n    \"result\": \"Anxiety\"\n}"
    },
    {
      "index": 46,
      "label": "Depression",
      "response": "{\n    \"thought\": \"The user's post reveals a deep sense of hopelessness and desperation, with repeated mentions of suicidal thoughts and feelings of being trapped in a never-ending cycle of suffering. The user's use of strong language and metaphors such as'movie that doesn't end' and 'final curtain' suggests a profound emotional pain. Additionally, the user's statement about knowing how they will 'do' themselves in the next 2 weeks implies a high level of intent.\",\n    \"result\": \"SuicideWatch\"\n}"
    },
    {
      "index": 47,
      "label": "Depression",
      "response": "{\n    \"thought\": \"The user is expressing difficulties in making friends at a new school due to depression, and is experiencing feelings of loneliness and desperation. The user's posts are characterized by the use of multiple exclamation marks and the repetition of the phrase 'old 5ee friends my because anymoreee', which may indicate a sense of urgency and frustration.\",\n    \"result\": \"Depression\"\n}"
    },
    {
      "index": 48,
      "label": "Depression",
      "response": "{\n    \"thought\": \"The user describes a lack of emotional connection and a sense of detachment from the world around them. They express a loss of interest in activities they once enjoyed and a decrease in emotional responses to events. This is accompanied by a loss of appetite and changes in sleep patterns. These symptoms have been ongoing for an extended period, and the user feels a deep sense of numbness and isolation.\",\n    \"result\": \"Depression\"\n}"
    },
    {
      "index": 49,
      "label": "Depression",
      "response": "{\n    \"thought\": \"The user's post describes a pattern of struggles with motivation, energy, and involvement in daily activities, as well as a sense of emptiness and dissatisfaction with life. These symptoms have been present for a considerable period, affecting the user's academic performance and overall well-being. The user's narrative suggests a cycle of hopelessness and despair, particularly in relation to their academic and personal life.\",\n    \"result\": \"Depression\"\n}"
    },
    {
      "index": 50,
      "label": "Depression",
      "response": "{\n    \"thought\": \"The user seems to be expressing a sense of guilt and anxiety about sharing their problems with friends, indicating a need to offload emotional burdens, but also worried about the potential negative impact on their friends. The use of'surprisingly' and 'little feel' suggests a mix of emotions, from being relieved to being concerned. The tone is informal and conversational, with a touch of self-deprecation.\",\n    \"result\": \"Anxiety\"\n}"
    },
    {
      "index": 51,
      "label": "Depression",
      "response": "{\n    \"thought\": \"The user's post displays a contrast between their former enthusiasm and current emotional state. They express a sense of being drained and empty, which suggests a possible emotional void. The mention of 'who drive passion and obviously and I motivation' suggests a yearning for something more. The use of 'ashell' could imply feeling hollow or depleted. Overall, this suggests a state of emotional numbness.\",\n    \"result\": \"Depression\"\n}"
    },
    {
      "index": 52,
      "label": "Depression",
      "response": "{\n    \"thought\": \"The user is facing a difficult decision regarding their relationship with friend A and HLP, due to the revelation of a disturbing incident involving friend B. The user is torn between cutting ties with friend A and damaging their relationship with HLP. This has caused them significant emotional distress and anxiety.\",\n    \"result\": \"Anxiety\"\n}"
    },
    {
      "index": 53,
      "label": "Depression",
      "response": "{\n    \"thought\": \"The user's post conveys a deep sense of isolation and terror, with phrases such as'shout out in thorugh darkness' and 'kept bay' suggesting a desperate need for connection and protection. The mention of 'wife simply and kids' as the only things keeping them safe implies that these individuals are the user's lifeline. The user also expresses a sense of longing and sympathy for others who may be going through similar experiences.\",\n    \"result\": \"Anxiety\"\n}"
    },
    {
      "index": 54,
      "label": "Depression",
      "response": "{\n    \"thought\": \"The user expresses feelings of worthlessness, has a history of trauma, and mentions lashing out at loved ones and boyfriend. She also talks about her academic struggles and emotional distress.\",\n    \"result\": \"Depression\"\n}"
    },
    {
      "index": 55,
      "label": "Depression",
      "response": "{\n    \"thought\": \"Based on the content of the posts, I can see that the user is concerned about a friend who is experiencing severe depression. The user has been supporting their friend from a distance and is worried about his condition. The friend has a history of depression and has been recently spiraling down. The user is trying to offer support but feels limited in their ability to do so due to the distance between them.\",\n    \"result\": \"Depression\"\n}"
    },
    {
      "index": 56,
      "label": "Depression",
      "response": "{\n    \"thought\": \"The user describes a general feeling of tiredness, constant yawning, and dozing off, which could be indicative of a lack of motivation and energy. They also express a sense of wandering through life without direction or purpose, and seem to be struggling with criticism from others. Furthermore, they appear to be questioning their own value and worth. These symptoms can be associated with depression, which often involves feelings of low self-esteem and a lack of energy.\",\n    \"result\": \"Depression\"\n}"
    },
    {
      "index": 57,
      "label": "Depression",
      "response": "{\n    \"thought\": \"The user is experiencing a significant amount of stress and anxiety due to academic and social pressures. They express a lack of motivation, which affects their academic performance and social interactions. Their description of themselves as'shy' and having 'no motivation' suggests they may be struggling to connect with others and find their place in college life.\",\n    \"result\": \"Anxiety\"\n}"
    },
    {
      "index": 58,
      "label": "Depression",
      "response": "{\n    \"thought\": \"The user expresses a sense of being stuck and exhausted with life, mentioning suicidal thoughts and feelings of disappointment in their personal relationships and career opportunities. They also talk about having only a few true friends and experiencing the end of a close relationship.\",\n    \"result\": \"Depression\"\n}"
    },
    {
      "index": 59,
      "label": "Depression",
      "response": "{\n    \"thought\": \"The user expresses a sense of isolation and disconnection from the world around them, with feelings of inadequacy and hopelessness. They mention their recent internship termination and difficulties with self-esteem, which are all significant life events that can impact one's mental health. The user also indicates a lack of physical activity, which can further exacerbate feelings of despair.\",\n    \"result\": \"Depression\"\n}"
    },
    {
      "index": 60,
      "label": "Offmychest",
      "response": "{\n    \"thought\": \"The user describes a seemingly perfect life with many achievements, but also mentions feelings of depression and self-harm. They express a sense of not deserving their current state of happiness and feel overwhelmed by the pressure to maintain their perfect image. The user's tone is reflective and slightly melancholic, with a sense of detachment from their feelings and experiences.\",\n    \"result\": \"Depression\"\n}"
    },
    {
      "index": 61,
      "label": "Offmychest",
      "response": "{\n    \"thought\": \"The user appears to have a pattern of quickly becoming infatuated with new people, only to rapidly lose interest. This infatuation is often accompanied by a sense of mental exhaustion and a belief that people are either 'idiots' or 'losers' who cannot control their emotions. The user also exhibits a tendency to idealize individuals, as seen in their description of the junior high school girl. Furthermore, there is a lack of follow-through in relationships, with the user often apologizing and making excuses. The user's perception of relationships seems to be heavily influenced by their own emotional state and may be struggling with emotional regulation.\",\n    \"result\": \"Bipolar\"\n}"
    },
    {
      "index": 62,
      "label": "Offmychest",
      "response": "{\n    \"thought\": \"The user appears to be a high school student who is concerned about a friend's self-centered behavior and its impact on their relationship. The user describes their friend as only caring about herself and not reciprocating their efforts in their friendship. This has led the user to feel unappreciated and uncertain about their friendship. The user also expresses frustration and disappointment towards their friend's lack of interest in their own problems and happiness.\",\n    \"result\": \"Anxiety\"\n}"
    },
    {
      "index": 63,
      "label": "Offmychest",
      "response": "{\n    \"thought\": \"The user's post indicates a rollercoaster year with highs and lows, including substance use and social isolation. The tone shifts from carefree to melancholic, with a sense of disconnection from others. The user's language is playful and creative, but also reveals a deep-seated need for authenticity and connection.\",\n    \"result\": \"Offmychest\"\n}"
    },
    {
      "index": 64,
      "label": "Offmychest",
      "response": "{\n    \"thought\": \"The user is experiencing financial and emotional distress due to their boyfriend's health issues and their own work constraints. The mention of 'can't stop crying' and the description of their boyfriend's crying fits suggest a high level of emotional burden. The user's concern for their boyfriend's health and their own feelings of helplessness are apparent.\",\n    \"result\": \"Depression\"\n}"
    },
    {
      "index": 65,
      "label": "Offmychest",
      "response": "{\n    \"thought\": \"The user expresses frustration and disillusionment with the government and societal issues, such as poverty and infrastructure decay. The mention of 'I have lost faith in this country' indicates a sense of hopelessness and despair.\",\n    \"result\": \"Depression\"\n}"
    },
    {
      "index": 66,
      "label": "Offmychest",
      "response": "{\n    \"thought\": \"The user's post contains a series of disconnected and rambling thoughts that appear to be a mix of observations about online behavior, ethnic violence, and mental health. The text includes several grammatical errors and seems to lack a clear structure. The user's language is characterized by a repetitive use of 'wh' and 'whe' which could indicate a difficulty with executive function or language processing. Additionally, the post touches on themes of violence and ethnicity, which may be a reflection of the user's own anxieties or observations.\",\n    \"result\": \"Anxiety\"\n}"
    },
    {
      "index": 67,
      "label": "Offmychest",
      "response": "{\n    \"thought\": \"The user is expressing concern about their mother's breast cancer diagnosis and upcoming surgery, and their own anxiety and sleep deprivation are apparent. They are also worried about their husband's initial reaction and the food's taste.\",\n    \"result\": \"Anxiety\"\n}"
    },
    {
      "index": 68,
      "label": "Offmychest",
      "response": "{\n    \"thought\": \"The user's post reveals a deep concern for someone they care about, who is suffering from mental illness and is involved in a potentially abusive relationship. The user's narrative indicates they are worried about the person's well-being and are trying to find a way to help, but also feel a sense of powerlessness and guilt.\",\n    \"result\": \"Anxiety\"\n}"
    },
    {
      "index": 69,
      "label": "Offmychest",
      "response": "{\n    \"thought\": \"The user's post expresses feelings of frustration and sadness in their relationship, with a sense of disconnection and drifting apart from their partner. They mention a desire for intimacy and closeness, but also a need for individuality and excitement in their life. The user's emotional state seems to be influenced by their partner's differences and the pressure to conform, leading to feelings of guilt, hate, and loneliness.\",\n    \"result\": \"Depression\"\n}"
    },
    {
      "index": 70,
      "label": "Offmychest",
      "response": "{\n    \"thought\": \"The user is going through a complex web of emotions and relationships, with multiple instances of distress and frustration. She is concerned about her family's well-being, her marriage, and her own emotional state. Her language and thought process reveal a sense of desperation and a need for control.\",\n    \"result\": \"Anxiety\"\n}"
    },
    {
      "index": 71,
      "label": "Offmychest",
      "response": "{\n    \"thought\": \"The user's post describes a history of sexual abuse starting at a young age, which has caused them significant emotional distress and led to a sense of hopelessness. The user's narrative is marked by feelings of shame, confusion, and an inability to cope with the memories of the abuse. They also express a sense of being 'ruined' and having an 'unconquerable' illness.\",\n    \"result\": \"Depression\"\n}"
    },
    {
      "index": 72,
      "label": "Offmychest",
      "response": "{\n    \"thought\": \"The user's post seems to indicate a lack of specificity and clarity, which could be a sign of disorganized thinking. Additionally, the user mentions 'commit' and 'd.eeeleted' which could be indicative of a suicidal ideation.\",\n    \"result\": \"SuicideWatch\"\n}"
    },
    {
      "index": 73,
      "label": "Offmychest",
      "response": "{\n    \"thought\": \"The user expresses frustration and anxiety about preparing the holiday meal, particularly with regards to their grandmother's criticism and the pressure to perform. The user feels micromanaged and lacks autonomy in the kitchen, which may be causing them significant stress.\",\n    \"result\": \"Anxiety\"\n}"
    },
    {
      "index": 74,
      "label": "Offmychest",
      "response": "{\n    \"thought\": \"The user is describing a series of events that led to a significant emotional burden, including the loss of a loved one, a relationship's end, and a new beginning. The user's narrative is characterized by a mix of grief, uncertainty, and introspection. He is reflecting on his capacity to love, his place in the world, and his ability to care for himself and those around him. The user's emotional state is complex and multifaceted.\",\n    \"result\": \"Depression\"\n}"
    },
    {
      "index": 75,
      "label": "Offmychest",
      "response": "{\n    \"thought\": \"The user's narrative indicates a high level of alertness and quick thinking in a tense situation, as well as a sense of responsibility for ensuring the safety of themselves and others. The user's actions demonstrate a capacity for decisive and heroic behavior, despite the initial shock and chaos.\",\n    \"result\": \"Offmychest\"\n}"
    },
    {
      "index": 76,
      "label": "Offmychest",
      "response": "{\n    \"thought\": \"The user expresses a mix of positive and negative emotions regarding their relationship and self-image. They describe moments of happiness and love, but also experience anxiety, self-doubt, and overthinking. The user mentions their high standards and difficulty in making friends. They also discuss their weight loss and its impact on their mental health. Furthermore, they mention a possible diagnosis of autism or Asperger's syndrome and a false positive result for depression. The user's writing style is characterized by typos, grammatical errors, and abrupt transitions between ideas.\",\n    \"result\": \"Depression\"\n}"
    },
    {
      "index": 77,
      "label": "Offmychest",
      "response": "{\n    \"thought\": \"The user's post conveys a sense of hopelessness and despair, describing a series of unfortunate events including homelessness, family rejection, and unemployment. The user also expresses a lack of energy to function daily and a sense of guilt over eating food.\",\n    \"result\": \"Depression\"\n}"
    },
    {
      "index": 78,
      "label": "Offmychest",
      "response": "{\n    \"thought\": \"The user's post suggests they are contemplating the importance of certain individuals in their life and the impact of losing them, which may indicate a level of emotional depth and potentially vulnerability to emotional pain.\",\n    \"result\": \"Depression\"\n}"
    },
    {
      "index": 79,
      "label": "Offmychest",
      "response": "{\n    \"thought\": \"The user's post appears to be a jumbled mix of words and phrases, with a focus on the theme of love and beauty. The user seems to be expressing a sense of awe and admiration for someone or something, but the language is unclear and disjointed. The use of multiple exclamation marks and ellipses suggests a frantic or enthusiastic tone.\",\n    \"result\": \"Offmychest\"\n}"
    },
    {
      "index": 80,
      "label": "SuicideWatch",
      "response": "{\n    \"thought\": \"The user expresses a profound sense of desperation and hopelessness through their posts, describing a long history of emotional pain and suicidal ideation. They mention having a younger brother whose thoughts they can relate to, indicating a sense of kinship and understanding in their emotional struggles. The use of the word 'neither' in the last sentence is intriguing, as it suggests a complete emotional numbness. The user's writing is fragmented and somewhat difficult to decipher, but the overall message conveys a deep emotional distress.\",\n    \"result\": \"SuicideWatch\"\n}"
    },
    {
      "index": 81,
      "label": "SuicideWatch",
      "response": "{\n    \"thought\": \"The user's post is filled with a mix of love, apology, and desperation. The user is struggling with the idea of leaving a significant other and is clearly emotional about it. They express a sense of guilt and responsibility for the other person's happiness. The post also touches on themes of depression, burden, and a sense of obligation. The user's tone is inconsistent, veering between urgency and calmness. They seem to be in a state of conflict, wanting to do the right thing but being pulled in different directions.\",\n    \"result\": \"Depression\"\n}"
    },
    {
      "index": 82,
      "label": "SuicideWatch",
      "response": "{\n    \"thought\": \"The user expresses a deep sense of loss and desperation due to their mother's illness and impending death, which is a heavy emotional burden to carry. They also indicate feelings of isolation, with no one to turn to. Their age and the fact they are in college may make them feel they have to be strong for others, but this post reveals a need for support.\",\n    \"result\": \"Depression\"\n}"
    },
    {
      "index": 83,
      "label": "SuicideWatch",
      "response": "{\n    \"thought\": \"The user is expressing extreme emotional distress and has been going through a series of challenging events, including family abuse and financial struggles. They have lost their job and are having trouble making ends meet. The user is also struggling with the loss of a loved one and the holidays are approaching, which is adding to their emotional burden. Despite these challenges, the user is showing resilience and a will to continue moving forward.\",\n    \"result\": \"Depression\"\n}"
    },
    {
      "index": 84,
      "label": "SuicideWatch",
      "response": "{\n    \"thought\": \"The user's post reveals a sense of despair and frustration with their current life situation, including feelings of isolation and a strong desire to escape the monotony of their daily routine through creative expression. They express a sense of hopelessness, mentioning the impossibility of achieving their goals and the strain on their mental health. They also hint at a desire to break free from the constraints of their mundane life, which may be contributing to their emotional distress.\",\n    \"result\": \"Depression\"\n}"
    },
    {
      "index": 85,
      "label": "SuicideWatch",
      "response": "{\n    \"thought\": \"The user's post indicates a deep sense of loss and longing, as well as a preoccupation with mortality and the passing of time. They express a sense of being haunted by memories and the weight of years, suggesting a reflective and melancholic state.\",\n    \"result\": \"Depression\"\n}"
    },
    {
      "index": 86,
      "label": "SuicideWatch",
      "response": "{\n    \"thought\": \"The user has been involved in helping others through a website, indicating a high level of empathy and selflessness. However, they now find themselves in need of support and are struggling to reach out for help due to the damage they suffered. This paradoxical situation highlights their strong sense of duty towards others, but also their current state of vulnerability and desperation.\",\n    \"result\": \"Anxiety\"\n}"
    },
    {
      "index": 87,
      "label": "SuicideWatch",
      "response": "{\n    \"thought\": \"The user is expressing concern about a friend's mental health and safety, as the friend has been expressing suicidal thoughts and behaviors. The user is seeking help on how to report this situation to the appropriate authorities, indicating they are taking an active role in trying to ensure their friend's safety.\",\n    \"result\": \"SuicideWatch\"\n}"
    },
    {
      "index": 88,
      "label": "SuicideWatch",
      "response": "{\n    \"thought\": \"The user expresses a sense of hopelessness and despair, mentioning a lack of reason to carry on living, which could indicate a severe emotional distress. The mention of 'worthless' and 'coward' could suggest a negative self-image.\",\n    \"result\": \"Depression\"\n}"
    },
    {
      "index": 89,
      "label": "SuicideWatch",
      "response": "{\n    \"thought\": \"The user's post reveals a complex emotional state with feelings of frustration, helplessness, and despair. The user has been diagnosed with multiple disorders and is struggling to receive support from family members. The user's sister has been accused of ignoring their abuse and has a complicated relationship with the user's father. The user expresses a desire for their sister to talk to them and understand their situation. The user's narrative is disjointed and difficult to follow, which may indicate cognitive impairments.\",\n    \"result\": \"Depression\"\n}"
    },
    {
      "index": 90,
      "label": "SuicideWatch",
      "response": "{\n    \"thought\": \"The user expresses feelings of depression, isolation, and financial struggles, indicating a possible mental health issue. The content suggests a lack of support from family and friends, which may exacerbate these feelings. The user's writing style is rambling and difficult to follow, indicating a possible lack of clarity in their thoughts.\",\n    \"result\": \"Depression\"\n}"
    },
    {
      "index": 91,
      "label": "SuicideWatch",
      "response": "{\n    \"thought\": \"The user's post suggests a sense of introspection and regret over a past decision, accompanied by a sense of hopelessness. They express gratitude for the opportunity to speak and be heard, which could indicate a desire for connection and understanding. However, the tone also reveals a sense of detachment and numbness towards their own feelings and experiences.\",\n    \"result\": \"Depression\"\n}"
    },
    {
      "index": 92,
      "label": "SuicideWatch",
      "response": "{\n    \"thought\": \"The user appears to be struggling with procrastination and its consequences, such as debt and time wastage. They seem to acknowledge the issue but are unsure of its origin and have tried various methods to address it, including changing their environment and using willpower. Despite some success in the past, they are currently facing challenges and are uncertain about their ability to tackle the problem. They also mention sleep and reading as ways to cope.\",\n    \"result\": \"Depression\"\n}"
    },
    {
      "index": 93,
      "label": "SuicideWatch",
      "response": "{\n    \"thought\": \"The user expresses a sense of desperation and hopelessness, mentioning that they're 'tired of everything' and have 'had no joy in life'. They also mention being scared of the unknown. These statements suggest a lack of positive outlook and a significant amount of emotional pain.\",\n    \"result\": \"Depression\"\n}"
    },
    {
      "index": 94,
      "label": "SuicideWatch",
      "response": "{\n    \"thought\": \"The user's post indicates a high level of frustration and desperation due to academic and communication challenges. They are facing an upcoming project deadline and are struggling with a professor's unresponsiveness. Despite the lack of clear structure in the post, the content reveals a sense of hopelessness and a strong desire for things to be 'easy' and 'normal'. This sentiment is reflected in their use of phrases like 'jhfi how fucking have dumb bee' and 'os sick e'erÑthing of hard so when has.e'eryone e'erything on eays mode', suggesting a strong reaction to the current difficulties they are facing.\",\n    \"result\": \"Anxiety\"\n}"
    },
    {
      "index": 95,
      "label": "SuicideWatch",
      "response": "{\n    \"thought\": \"Based on the user's post, it appears they have been experiencing a long history of mental health issues, including depression, suicidal thoughts, and anxiety. They have also had difficulties in forming close relationships and have a history of self-destructive behaviors. The user's writing style and content suggest a deep sense of emotional pain and struggle.\",\n    \"result\": \"Depression\"\n}"
    },
    {
      "index": 96,
      "label": "SuicideWatch",
      "response": "{\n    \"thought\": \"The user's post is a stream-of-consciousness expression of a deep sense of hopelessness and despair, as they struggle to find answers and feel disconnected from others. The presence of suicidal ideation and feelings of isolation are concerning indicators.\",\n    \"result\": \"SuicideWatch\"\n}"
    },
    {
      "index": 97,
      "label": "SuicideWatch",
      "response": "{\n    \"thought\": \"The user's post indicates a state of emotional numbness and desensitization towards their own emotional state, which could be a coping mechanism to deal with chronic emotional pain. They seem to be struggling with intense emotional turmoil, expressed through the use of all capital letters and fragmented sentences. The user also mentions being 'drained' and 'building' energy from others, suggesting a need for emotional support and a possible difficulty in regulating their own emotions.\",\n    \"result\": \"Depression\"\n}"
    },
    {
      "index": 98,
      "label": "SuicideWatch",
      "response": "{\n    \"thought\": \"The user's post seems to be a jumbled mix of words and phrases that do not form coherent sentences. The content expresses a sense of hopelessness and despair, indicating a need for immediate attention.\",\n    \"result\": \"SuicideWatch\"\n}"
    },
    {
      "index": 99,
      "label": "SuicideWatch",
      "response": "{\n    \"thought\": \"The user's post reveals a sense of hurt and anger towards someone they perceive as toxic. The user's language is laced with emotional intensity, indicating a significant emotional disturbance. The use of phrases like'mhP rid of' suggests a desire for separation or elimination of the toxic person. The user also expresses a sense of isolation as they state 'I'm nobody spending time with by..'.\",\n    \"result\": \"Anxiety\"\n}"
    }
  ]
}