{
  "SWMH_Medium": [
    {
      "index": 0,
      "label": "Anxiety",
      "response": "<answer>\n{\n    \"thought\": \"The individual describes experiencing anxiety and dissociation, which are symptoms commonly associated with anxiety disorders. The mention of feeling scared and wrong, as well as difficulty explaining their experiences, further supports the likelihood of anxiety. Additionally, the individual mentions suffering from depersonalization and derealization, which are also symptoms of anxiety disorders. Therefore, the assigned label is Anxiety.\"\n}\n</answer>"
    },
    {
      "index": 1,
      "label": "Anxiety",
      "response": "<answer>\n{\n\"thought\": \"The reasoning process for the mental disorder assessment is based on the individual's description of experiencing extreme stress before crashing, which suggests anxiety. The mention of chronic fatigue and questioning whether it could be due to stress/anxiety also indicates the presence of anxiety. The individual expresses improvement in their sleeping pattern and physical ability to do more without crashing, which could be attributed to anxiety treatment or management strategies. The overall content of the post revolves around the individual's anxiety-related symptoms and concerns, leading to the conclusion of anxiety as the assigned label.\",\n\"result\": \"Anxiety\"\n}\n</answer>"
    },
    {
      "index": 2,
      "label": "Anxiety",
      "response": "Based on the content of the posts, the assigned label is Anxiety.\n\nReasoning:\n\nThe posts mention experiencing anxiety and feeling overwhelmed by it. The individual expresses difficulty in controlling their anxiety and seeking help for it. The mention of writing letters and posting about it suggests that the person has already taken steps to address their anxiety. Overall, the posts indicate a significant presence of anxiety and the individual's struggle to cope with it."
    },
    {
      "index": 3,
      "label": "Anxiety",
      "response": "Based on the provided posts, the assigned label would be \"Depression\".\n\nReasoning:\n\nThe posts contain several indicators of depression. The person mentions feeling the need to write to themselves at least 1000 words, which suggests a desire for self-expression or a coping mechanism. They also mention alcohol being a depressant and feeling unhappy after finishing drinking, indicating a potential reliance on alcohol as a means of self-medication. The person expresses a lack of desire to be at home, which could be a reflection of social withdrawal or isolation, another common symptom of depression. Overall, the content of the posts suggests a low mood, negative thoughts, and potential self-destructive behaviors, all of which are indicative of depression."
    },
    {
      "index": 4,
      "label": "Anxiety",
      "response": "<answer>\n{\n\"thought\": \"The post suggests extreme organizational skills and a desire to be organized, but also mentions feeling overwhelmed and not being able to control messiness. This could indicate a potential anxiety disorder, as the individual expresses distress and a need for order. However, the post does not provide enough information to definitively assign a label, so the result is not clear-cut and could be either Anxiety or Offmychest.\",\n\"result\": \"Anxiety\"\n}\n</answer>\n\nReasoning: The post mentions extreme organizational skills and a desire to be organized, but also expresses feeling overwhelmed and not being able to control messiness. These conflicting feelings and the need for order could be indicative of anxiety, as the individual may be experiencing anxiety related to their organizational habits. However, without further information, it is difficult to determine if this is solely related to anxiety or if there may be other factors contributing to their distress. Therefore, the assigned label is Anxiety, but with some uncertainty as to whether it is the primary mental disorder being experienced."
    },
    {
      "index": 5,
      "label": "Anxiety",
      "response": "Based on the content of the posts, the assigned label would be Anxiety. Reasoning: The posts mention experiencing anxiety and feeling frustrated with it. The individual expresses a desire to have control over their anxiety and mentions going to doctors for medication. The mention of \"opcuhrnm etting pdycu and ik eani idot\" suggests difficulty with thoughts and potentially intrusive thoughts, which are common symptoms of anxiety disorders."
    },
    {
      "index": 6,
      "label": "Anxiety",
      "response": "<answer>\n{\n\"thought\": \"The individual mentions feeling stressed and anxious, having difficulty sleeping, and experiencing racing thoughts. These are common symptoms associated with anxiety. Additionally, the mention of feeling overwhelmed and unsure if anyone else has the same struggles suggests a possible underlying anxiety disorder.\",\n\"result\": \"Anxiety\"\n}\n</answer>"
    },
    {
      "index": 7,
      "label": "Anxiety",
      "response": "Based on the provided posts, the assigned label is \"Depression\".\n\nReasoning:\nThe posts contain statements that suggest feelings of worthlessness, self-doubt, and a lack of self-identity. The mention of physical pains and the question of whether the poster may think they are nobody indicate a negative self-perception. These are common symptoms associated with depression, such as low self-esteem and feelings of hopelessness."
    },
    {
      "index": 8,
      "label": "Anxiety",
      "response": "Based on the content of the posts, the assigned label would be:\n\n{\n\"thought\": \"The posts consist of nonsensical and disorganized text, suggesting a possible cognitive impairment or disorganization. The mention of wanting to share ideas from an article on psychology suggests a possible interest in mental health, but the overall disorganized nature of the posts makes it difficult to determine a specific mental disorder. Therefore, the assigned label is Offmychest, as it is a platform for individuals to share their thoughts and feelings without a specific mental disorder label.\"\n\"result\": \"Offmychest\"\n}"
    },
    {
      "index": 9,
      "label": "Anxiety",
      "response": "Based on the content of the posts, the assigned label would be Anxiety. The reasoning process for this assessment is as follows:\n\n1. The posts mention feeling anxious and afraid of disappointing others. This suggests that the individual may be experiencing anxiety related to their performance and the expectations placed on them.\n2. The posts also mention feeling anxious about being complimented and being afraid that others will not see them as good as they expect. This indicates a fear of judgment and a need for validation, which are common symptoms of anxiety.\n3. The individual expresses uncertainty about their abilities and worries about how others perceive them, further suggesting anxiety and self-doubt.\n\nOverall, the content of the posts indicates that the individual is experiencing anxiety related to their performance, expectations, and self-perception."
    },
    {
      "index": 10,
      "label": "Anxiety",
      "response": "Based on the content of the post, the assigned label is Anxiety. Reasoning: The post describes symptoms of anxiety, such as hyper-sensitivity to bodily sensations, fear of certain foods causing discomfort, and experiencing panic attacks. The individual also expresses a fear of seeking help and feeling misunderstood by others. These symptoms and experiences align with anxiety disorder."
    },
    {
      "index": 11,
      "label": "Anxiety",
      "response": "Based on the content of the posts, the assigned label would be \"Depression\". Reasoning: The posts express feelings of sadness, loneliness, and a sense of being unwanted or rejected by the girlfriend. The use of phrases like \"I'm neither l.earning by ..\" and \"I not foun.d by my ..\" suggest a low self-esteem and a negative perception of oneself. These are common symptoms associated with depression."
    },
    {
      "index": 12,
      "label": "Anxiety",
      "response": "Based on the content of the post, the assigned label is Anxiety. The individual describes experiencing separation anxiety, which is a specific type of anxiety disorder. They mention symptoms such as feeling anxious and depressed when their partner leaves, having intrusive thoughts, and wanting to be with their partner all the time. These symptoms align with the criteria for an anxiety disorder, specifically separation anxiety."
    },
    {
      "index": 13,
      "label": "Anxiety",
      "response": "Based on the content of the posts, the assigned label would be Anxiety. Reasoning:\n\nThe post mentions having OCD and describes symptoms commonly associated with anxiety disorders, such as obsessive thoughts, compulsions, and seeking reassurance from others. The individual expresses fear and worry about health concerns, specifically related to herpes, and their relationship with their boyfriend. The mention of crying a lot and feeling like they are going to die further suggests anxiety and high levels of distress."
    },
    {
      "index": 14,
      "label": "Anxiety",
      "response": "Based on the posts provided, the assigned label would be \"Depression\".\n\nReasoning:\n\nThe posts contain fragmented and unclear sentences, indicating difficulty in expressing thoughts and emotions. The mention of not being able to deal with things and the repetition of the word \"don't\" suggests a lack of motivation or feelings of overwhelming sadness. The mention of changes in technology and the negative perception of computers also suggests a possible lack of interest or enjoyment in activities, which are common symptoms of depression."
    },
    {
      "index": 15,
      "label": "Anxiety",
      "response": "Based on the content of the posts, the assigned label is: Anxiety.\n\nReasoning: The posts indicate a high level of anxiety and distress. The individual expresses feeling upset, let down, and having a sense of being overwhelmed. They also mention feeling anxious about their situation and the potential impact it may have on their daily life. These symptoms align with anxiety, as the individual is experiencing excessive worry and fear in response to their circumstances."
    },
    {
      "index": 16,
      "label": "Anxiety",
      "response": "Based on the content of the posts, the assigned label would be Anxiety. The reasoning process for this label is as follows:\n\n1. The post mentions feeling anxious throughout the day and describes it as a constant presence in their life. This suggests that the individual is experiencing chronic anxiety.\n2. The post also mentions having thoughts of being more precise about their own death, indicating a preoccupation with negative thoughts and potentially suicidal ideation.\n3. The individual expresses a desire to make space in their life to focus on themselves and mentions trying anti-anxiety meditation to calm their body. This suggests that they are actively seeking ways to manage their anxiety.\n\nOverall, the combination of chronic anxiety, preoccupation with negative thoughts, and active efforts to manage anxiety indicate that the assigned label should be Anxiety."
    },
    {
      "index": 17,
      "label": "Anxiety",
      "response": "<answer>\n{\n\"thought\": \"The reasoning process for analyzing the mental disorder is based on the content of the posts. The mention of feeling doPh and taking Zoloft for depression suggests that the individual is experiencing symptoms of depression. The mention of potential side effects and feeling like they are coming down with a fever may indicate anxiety or heightened sensitivity to physical symptoms. Overall, the content of the posts suggests a combination of depression and anxiety, with depression being the most prominent mental disorder.\"\n,\n\"result\": \"Depression\"\n}\n</answer>"
    },
    {
      "index": 18,
      "label": "Anxiety",
      "response": "<answer>\n{\n\"thought\": \"The reasoning process for the mental disorder analysis involves identifying symptoms and experiences mentioned in the post that align with the assigned label. In this case, the assigned label is Anxiety. The reasoning process includes recognizing the mention of anxiety-related symptoms such as feeling overwhelmed and seeking advice for anxiety reduction techniques. The post also mentions difficulties with work, which can be a common source of anxiety. Overall, the content of the post suggests that the individual is experiencing anxiety.\"\n\"result\": \"Anxiety\"\n}\n</answer>"
    },
    {
      "index": 19,
      "label": "Anxiety",
      "response": "<answer>\n{\n\"thought\": \"The reasoning process of the mental disorder analyze suggests that the individual is experiencing anxiety. The post mentions anxiety failing and being caused by a past failure or trauma. The individual also mentions that many people would agree that their anxiety is triggered by memories of a trauma. This suggests that the individual is dealing with anxiety related to past events or experiences.\",\n\"result\": \"Anxiety\"\n}\n</answer>"
    },
    {
      "index": 20,
      "label": "Bipolar",
      "response": "Based on the content of the posts, the assigned label would be Depression. Reasoning:\n\nThe posts mention experiencing depression, such as feeling like a failure, having low self-esteem, and being scared of seeking help due to stigma. The individual also mentions having a history of depression, bipolar disorder, and ADHD, which suggests a pre-existing mental health condition. The mention of medication (lamictal) and therapy (full evaluation psych) further supports the presence of depression. The overall tone of the posts is negative and reflects a struggle with mental health, indicating a potential diagnosis of depression."
    },
    {
      "index": 21,
      "label": "Bipolar",
      "response": "<answer>\n{\n\"thought\": \"The individual is expressing feelings of stress, being overwhelmed, and having difficulties with their spouse. They also mention having a hard time concentrating and feeling on the verge of a breakdown. These symptoms suggest a high level of anxiety and emotional distress, which may indicate the presence of anxiety as the underlying mental disorder.\",\n\"result\": \"Anxiety\"\n}\n</answer>"
    },
    {
      "index": 22,
      "label": "Bipolar",
      "response": "Based on the given posts, the assigned label would be \"Depression\".\n\nReasoning:\nThe posts mention being prescribed medications for depression and expressing frustration with the side effects and the lack of effectiveness in preventing depressive episodes. The mention of swimming being no great and art nowhere being very suggests a lack of enjoyment or fulfillment in activities, which can be indicative of depression. Overall, the content of the posts suggests a focus on depressive symptoms and the impact of medication, leading to the assigned label of \"Depression\"."
    },
    {
      "index": 23,
      "label": "Bipolar",
      "response": "Based on the content of the posts, the assigned label would be Bipolar. Reasoning: The post mentions the individual's mother being diagnosed with bipolar disorder and experiencing symptoms of anxiety, such as panic attacks. It also describes the individual's own experiences with medications and hospitalizations related to their mental health. These factors suggest that the individual may be struggling with bipolar disorder themselves."
    },
    {
      "index": 24,
      "label": "Bipolar",
      "response": "Based on the provided posts, the assigned label would be Bipolar. Reasoning: The post mentions being previously diagnosed with bipolar disorder and experiencing symptoms such as feeling pr.. The mention of bipolar disorder and the description of symptoms align with the assigned label of Bipolar."
    },
    {
      "index": 25,
      "label": "Bipolar",
      "response": "Based on the provided posts, the assigned label would be Bipolar. The reasoning process is as follows:\n\nThe first post mentions having bipolar disorder and seeking pharmacological relief for anxiety. This suggests that the individual is already diagnosed with bipolar disorder and is experiencing anxiety as a comorbid condition. The mention of trying different medications and therapies indicates a familiarity with the treatment options for bipolar disorder and anxiety. Therefore, the assigned label would be Bipolar."
    },
    {
      "index": 26,
      "label": "Bipolar",
      "response": "Based on the content of the posts, the assigned label would be Depression. Reasoning: The posts mention struggling with financial difficulties, impulsive spending, and feeling overwhelmed by responsibilities such as tuition. These are common symptoms associated with depression, such as feelings of hopelessness, low self-esteem, and difficulty managing finances."
    },
    {
      "index": 27,
      "label": "Bipolar",
      "response": "<answer>\n{\n\"thought\": \"The post indicates a struggle with bipolar disorder. The individual mentions their experience with confrontation and crying, which can be symptoms associated with bipolar disorder. Additionally, the mention of needing medication for stabilization further supports the assessment of bipolar disorder.\",\n\"result\": \"Bipolar\"\n}\n</answer>\n\nReasoning:\n\nThe post mentions struggling with confrontation, crying, and needing medication for stabilization. These symptoms are commonly associated with bipolar disorder. The individual also expresses frustration and irritation towards the assistant, which can be indicative of mood swings and difficulty regulating emotions, further supporting the assessment of bipolar disorder."
    },
    {
      "index": 28,
      "label": "Bipolar",
      "response": "Based on the provided posts, the assigned label would be Anxiety. Reasoning:\n\nThe post mentions experiencing episodes where the individual loses time and has violent and outburst episodes. They express fear and confusion during these episodes and worry about their mental state, including the possibility of seizure absence or narcolepsy. These symptoms and concerns align with anxiety, as the individual is experiencing heightened fear and uncertainty about their health and mental well-being."
    },
    {
      "index": 29,
      "label": "Bipolar",
      "response": "Based on the content of the posts, the assigned label is Bipolar. Reasoning:\n\nThe post mentions experiencing hypomanic episodes, such as impulsive behavior (punching walls) and racing thoughts. The individual also expresses feelings of anger and frustration, as well as experiencing flashbacks. These symptoms align with the characteristics commonly associated with bipolar disorder. Additionally, the individual mentions being diagnosed with bipolar disorder by a psychiatrist and expresses concerns about their stability and identity."
    },
    {
      "index": 30,
      "label": "Bipolar",
      "response": "Based on the provided posts, the assigned label would be Anxiety.\n\nThe reasoning process for this label is as follows:\n\nThe posts mention feeling stressed and coping with holidays, indicating potential anxiety related to these events. The individual also asks about others' coping mechanisms, suggesting a concern about their own mood. These are common experiences associated with anxiety, particularly in relation to specific situations or events."
    },
    {
      "index": 31,
      "label": "Bipolar",
      "response": "Based on the provided posts, the assigned label is: Bipolar.\n\nReasoning:\n\nThe posts mention experiencing episodes of psychosis and mania, which are symptoms commonly associated with bipolar disorder. The use of terms like \"epodes\" and \"mania\" indicate a potential mental health condition. Additionally, the posts mention experiencing weird events during these episodes, which further aligns with symptoms of bipolar disorder."
    },
    {
      "index": 32,
      "label": "Bipolar",
      "response": "<answer>\n{\n\"thought\": \"The post mentions experiencing manic episodes and strange behavior during specific times of the year, suggesting a potential pattern of seasonal affective disorder. The individual also mentions working on a project related to these patterns, indicating a potential interest or focus on this topic. However, the post does not provide enough information to conclusively assign a label of Bipolar or Depression. Therefore, the most appropriate label in this case would be Offmychest, as the individual is discussing their thoughts and experiences related to these patterns without explicitly mentioning a specific mental disorder.\",\n\"result\": \"Offmychest\"\n}\n</answer>\n\nReasoning:\n\nThe post mentions experiencing manic episodes and strange behavior during specific times of the year, suggesting a potential pattern of seasonal affective disorder. This is an important consideration for mental health assessment, as seasonal affective disorder is a recognized condition that can cause changes in mood and behavior based on the time of year.\n\nHowever, the post does not provide enough information to conclusively assign a label of Bipolar or Depression. It does not mention specific symptoms or experiences commonly associated with these disorders. Therefore, the most appropriate label in this case would be Offmychest, as the individual is discussing their thoughts and experiences related to these patterns without explicitly mentioning a specific mental disorder."
    },
    {
      "index": 33,
      "label": "Bipolar",
      "response": "{\n\"thought\": \"The post mentions losing a job and applying for disability, suggesting potential financial stress and uncertainty. The individual also expresses feelings of being lost and not knowing what to do, indicating a sense of helplessness. These factors, along with the mention of anxiety and depression, suggest that the assigned label should be Anxiety.\"\n\n\"result\": \"Anxiety\"\n}"
    },
    {
      "index": 34,
      "label": "Bipolar",
      "response": "Based on the provided posts, the assigned label is Bipolar.\n\nReasoning:\n\nThe post mentions being prescribed both duloxetine and lamotrigine, which are medications commonly used to treat bipolar disorder. The post also mentions having a doctor and scheduling appointments, indicating that the individual is actively managing their bipolar disorder. Additionally, the post mentions experiencing difficulties with obtaining refills and frustration with the doctor's office, which could be indicative of the challenges often faced by individuals with bipolar disorder in managing their medication."
    },
    {
      "index": 35,
      "label": "Bipolar",
      "response": "<answer>\n{\n\"thought\": \"The individual expresses feelings of self-hatred, loneliness, and the need for anonymous online support. They mention having a hard day and criticizing themselves. These thoughts and emotions suggest a possible presence of depression, as they align with symptoms commonly associated with the disorder, such as negative self-perception and seeking validation from others.\",\n\"result\": \"Depression\"\n}\n</answer>"
    },
    {
      "index": 36,
      "label": "Bipolar",
      "response": "Based on the given post, the assigned label would be Anxiety.\n\nThe reasoning process for this label is as follows:\n\n1. The post mentions feeling anxious and foggy before seeing a psychiatrist, indicating a high level of anxiety in anticipation of the appointment.\n2. The individual expresses uncertainty about what they should have said during the appointment, suggesting anxiety and self-doubt.\n3. The post also mentions having anxiety about what others think of them, indicating a fear of judgment and a desire for validation.\n4. The individual mentions having anxiety about their medication and its potential side effects, indicating a preoccupation with their health and well-being.\n\nOverall, the post demonstrates multiple instances of anxiety and anxiety-related thoughts and concerns, which align with the label of Anxiety."
    },
    {
      "index": 37,
      "label": "Bipolar",
      "response": "<answer>\n{\n\"thought\": \"The individual mentions experiencing suicidal thoughts and feeling consumed by their mind. They also mention taking Wellbutrin, which is commonly used to treat depression and anxiety. These symptoms and experiences align with the potential mental disorders of anxiety and depression. However, since the post does not provide enough information to definitively assign a label, both anxiety and depression are listed as potential mental disorders in the \"result\" field.\",\n\"result\": [\"Anxiety\", \"Depression\"]\n}</answer>"
    },
    {
      "index": 38,
      "label": "Bipolar",
      "response": "Based on the provided posts, the assigned label would be \"Depression.\"\n\nReasoning:\n\nThe posts mention experiencing depression and being in a depressive state (\"First winter in depressssiOn burstin 2 yeeeear right medication, tHroug..\"). The individual also mentions taking medication for depression (\"First no winter in depressssiOn bursti.n 2 yeeeear right medication, tHroug..\"). These references indicate that the individual is struggling with depression."
    },
    {
      "index": 39,
      "label": "Bipolar",
      "response": "<answer>\n{\n\"thought\": \"The reasoning process of mental disorder analysis\",\n\"result\": \"Bipolar\"\n}\n</answer>\n\nReasoning:\n\nThe post mentions having a family history of ADHD and depression, and wonders about how bipolar works. This suggests that the individual may have a personal connection to bipolar disorder or is curious about it. The mention of being diagnosed with bipolar disorder and reading red markers also indicates that the individual has been diagnosed with this disorder. Therefore, the assigned label for this post is Bipolar."
    },
    {
      "index": 40,
      "label": "Depression",
      "response": "Based on the given posts, the assigned label would be Depression.\n\nReasoning:\n\nThe posts express a sense of unhappiness and feeling like one is drunk on life. The mention of thinking about all the off rapidly means and the potential to become depressed suggests a negative mindset and a lack of enjoyment in life. The mention of feeling like nobody and having a pen on by also indicates a sense of isolation and potential suicidal thoughts. These are common symptoms associated with depression."
    },
    {
      "index": 41,
      "label": "Depression",
      "response": "Based on the provided post, the assigned label would be \"Depression.\" Reasoning: The post contains several indications of depression, such as feelings of sadness, low self-esteem, and a sense of hopelessness. The individual also mentions experiencing multiple surgeries, health issues, and financial struggles, which can contribute to feelings of depression. The mention of medication for depression and the desire to be able to travel again also suggests a history of depression. Overall, the post demonstrates a significant level of distress and aligns with symptoms commonly associated with depression."
    },
    {
      "index": 42,
      "label": "Depression",
      "response": "Based on the content of the posts, the assigned label would be Depression. Reasoning:\n\nThe posts contain several indicators of depression. The individual expresses feelings of being better than their friends and not wanting them to meet them, which suggests a negative self-perception and low self-esteem. They also mention feeling scared and anxious, indicating a high level of distress. The individual discusses their depression and the potential negative impact of talking about it, which suggests that they are aware of their mental health struggles. They also mention engaging in self-improvement activities and seeking support from various groups, indicating a proactive approach to managing their depression. Overall, the content of the posts strongly suggests depression as the assigned label."
    },
    {
      "index": 43,
      "label": "Depression",
      "response": "Based on the provided posts, the assigned label would be \"Anxiety\". The reasoning process for this assessment is that the posts indicate a sense of uncertainty and confusion, with the individual unsure if they can reach out to someone or if they are looking for someone. This suggests a heightened level of anxiety and uncertainty, which aligns with symptoms commonly associated with anxiety disorders."
    },
    {
      "index": 44,
      "label": "Depression",
      "response": "<answer>\n{\n\"thought\": \"The individual describes feeling numb and unable to experience happiness, as well as being affected by negative comments. They also mention being an empath and feeling others' emotions acutely. These symptoms suggest a potential diagnosis of depression, as they align with common symptoms such as anhedonia (inability to experience pleasure), emotional numbness, and heightened sensitivity to others' emotions.\",\n\"result\": \"Depression\"\n}\n</answer>"
    },
    {
      "index": 45,
      "label": "Depression",
      "response": "<answer>\n{\n\"thought\": \"The individual is expressing anxiety and discomfort about attending therapy and leaving their house. They mention feeling anxious and shaking, indicating a high level of anxiety. The mention of therapy and the need to talk about their life also suggests that they may be struggling with their mental health and seeking professional help.\",\n\"result\": \"Anxiety\"\n}\n</answer>"
    },
    {
      "index": 46,
      "label": "Depression",
      "response": "<answer>\n{\n\"thought\": \"The individual is expressing thoughts of suicide and feelings of hopelessness, indicating a potential mental disorder related to depression. They mention taking pills and feeling tired of everyday life, as well as expressing a desire for it all to end. These thoughts and emotions align with symptoms commonly associated with depression, such as thoughts of self-harm or suicide, feelings of sadness or hopelessness, and a lack of motivation or enjoyment in activities.\"\n\n\"result\": \"Depression\"\n}\n</answer>"
    },
    {
      "index": 47,
      "label": "Depression",
      "response": "Based on the content of the posts, the assigned label would be Depression. Reasoning: The posts mention struggling to make friends and feeling lonely, as well as specifically mentioning depression. This suggests that the individual is experiencing symptoms of depression, such as social isolation, negative self-perception, and a sense of hopelessness."
    },
    {
      "index": 48,
      "label": "Depression",
      "response": "Based on the provided posts, the assigned label would be Depression. Reasoning:\n\nThe posts contain multiple indicators of depression. The individual expresses feelings of emptiness, sadness, and a lack of interest in things they used to enjoy. They also mention a loss of motivation and difficulty in caring about what happens around them. The mention of wanting to feel deeply and genuinely, as well as wanting to cry, suggests a longing for emotional release and connection. Overall, the content of the posts aligns with symptoms commonly associated with depression."
    },
    {
      "index": 49,
      "label": "Depression",
      "response": "<answer>\n{\n\"thought\": \"The individual expresses feelings of struggle, emptiness, and dissatisfaction with their current academic performance. They mention struggling with tasks, having difficulty sleeping, and feeling disconnected from their friends. These symptoms align with the label of Depression, indicating a potential mental disorder of Depression. However, it is important to note that a formal diagnosis cannot be made based solely on online posts and it is recommended to seek professional help for a comprehensive assessment.\",\n\"result\": \"Depression\"\n}\n</answer>\n\nReasoning:\n\nThe post includes multiple indicators of depression, such as feelings of struggle, emptiness, and dissatisfaction with academic performance. The individual mentions having difficulty with tasks, sleeping issues, and feeling disconnected from friends. These are common symptoms associated with depression, suggesting that the individual may be experiencing this mental disorder. However, it is important to note that a formal diagnosis cannot be made based solely on online posts and it is recommended to seek professional help for a comprehensive assessment."
    },
    {
      "index": 50,
      "label": "Depression",
      "response": "<answer>\n{\n\"thought\": \"The reasoning process for the mental disorder analysis is not clear from the posts. The content seems to be a venting session about personal problems and feeling like a burden to friends. While there are mentions of feeling worse and making others' days worse, it is not possible to determine a specific mental disorder based on these posts alone. Therefore, the assigned label is None.\"\n\n\"result\": \"None\"\n\n</answer>\n\nReasoning: The reasoning process for the mental disorder analysis is not clear from the posts. The content primarily focuses on venting and feeling like a burden to friends, without specific mentions of symptoms or experiences associated with mental disorders. Therefore, it is not possible to assign a specific label based on the information provided."
    },
    {
      "index": 51,
      "label": "Depression",
      "response": "<answer>\n{\n    \"thought\": \"The reasoning process for the mental disorder analysis\",\n    \"result\": \"Depression\"\n}\n</answer>\n\nReasoning:\n\nThe reasoning process for the mental disorder analysis involves examining the content and context of the posts. The posts mention feeling unmotivated and lacking passion, which are common symptoms of depression. Additionally, the use of language indicating a sense of hopelessness and a decrease in enjoyment of activities suggests a depressive state. The overall tone of the posts also conveys a sense of sadness and despair. Therefore, the assigned label is Depression."
    },
    {
      "index": 52,
      "label": "Depression",
      "response": "Based on the content of the posts, the assigned label would be Anxiety. The poster expresses feelings of anxiety and distress in various situations, such as being accused of rape and experiencing sexual harassment/rape. They also mention feeling paralyzed and unable to take action due to anxiety. These symptoms and experiences align with anxiety-related mental disorders."
    },
    {
      "index": 53,
      "label": "Depression",
      "response": "Based on the content of the posts, the assigned label would be Depression.\n\nReasoning:\n\nThe posts contain expressions of feelings of loneliness, despair, and a sense of being trapped in their current state. The mention of living in \"dceades\" and the desire for a different reality suggest a deep sense of hopelessness and a lack of motivation. These are common symptoms associated with depression, such as feelings of worthlessness and a negative outlook on life."
    },
    {
      "index": 54,
      "label": "Depression",
      "response": "<answer>\n{\n\"thought\": \"The post indicates feelings of worthlessness, low self-esteem, and a history of emotional trauma. The individual also mentions struggling with health issues and feeling overwhelmed. These are common symptoms associated with depression. Additionally, the mention of lashing out and having a history of trauma suggests a potential underlying anxiety disorder. Therefore, the assigned label would be Depression and Anxiety.\"\n\n\"result\": \"Depression and Anxiety\"\n\n</answer>"
    },
    {
      "index": 55,
      "label": "Depression",
      "response": "Based on the content of the posts, the assigned label would be \"Depression\". Reasoning: The post includes several indicators of depression, such as mentions of feeling depressed, experiencing weight loss and lack of care, and expressing concern for a friend who is also experiencing depression. The individual also mentions their friend's history of depression and the impact of a recent event on their mental health. Overall, the content of the post suggests that the individual is dealing with depression themselves and is seeking advice on how to support their friend who is also experiencing depression."
    },
    {
      "index": 56,
      "label": "Depression",
      "response": "Based on the content of the posts, the assigned label would be Depression.\n\nReasoning:\n\nThe posts contain several indicators of depression. The individual expresses feelings of worthlessness, low self-esteem, and a lack of motivation. They also mention constant tiredness, yawning, and a desire to sleep all day, which could be symptoms of depression. The individual also mentions lying to themselves about their achievements and not having enough energy to do anything. They express a sense of isolation and feeling horrible to others, which could be indicative of depressive thoughts and beliefs. Overall, the content of the posts suggests a significant level of depressive symptoms and thoughts."
    },
    {
      "index": 57,
      "label": "Depression",
      "response": "Based on the content of the post, the assigned label would be Anxiety. Reasoning:\n\nThe post mentions having no motivation, struggling with bad grades, and feeling stressed and overwhelmed. These are common symptoms of anxiety, as anxiety often leads to a lack of motivation and difficulty in completing tasks. The individual also mentions feeling nervous about not knowing anyone and having trouble making friends, which can be indicative of social anxiety. Overall, the content of the post suggests that the individual is experiencing anxiety."
    },
    {
      "index": 58,
      "label": "Depression",
      "response": "<answer>\n{\n\"thought\": \"The individual expresses feelings of being stuck and exhausted with life, as well as a desire to die. They also mention their disappointment in relationships and career opportunities. These thoughts and emotions suggest a potential struggle with depression and suicidal ideation.\",\n\"result\": \"Depression\"\n}\n</answer>\n\nReasoning:\n\nThe post contains multiple statements indicating feelings of being stuck, exhaustion with life, and a desire to die. The individual also expresses disappointment in relationships and career opportunities. These are all common symptoms associated with depression, such as feelings of hopelessness, low mood, and suicidal thoughts. Therefore, the assigned label is depression."
    },
    {
      "index": 59,
      "label": "Depression",
      "response": "Based on the content of the posts, the assigned label is Depression. Reasoning: The posts express feelings of sadness, worthlessness, and failure. The individual mentions seeing a psychologist and experiencing self-esteem issues that make it difficult for them to function. They also mention feeling isolated, disconnected from others, and having thoughts of being a burden to people. These are common symptoms associated with depression, such as low mood, low self-esteem, and social withdrawal."
    },
    {
      "index": 60,
      "label": "Offmychest",
      "response": "Based on the content of the post, the assigned label is \"Depression\". Reasoning:\n\nThe post contains multiple indicators of depression. The individual expresses feelings of sadness, emptiness, and a lack of enjoyment in life despite having what appears to be a perfect life. They mention cutting themselves and feeling like they don't deserve happiness. They also mention suicidal thoughts and feeling like their life is perfect but still wanting to cut. These thoughts and behaviors align with symptoms commonly associated with depression, such as low mood, self-harm, and suicidal ideation."
    },
    {
      "index": 61,
      "label": "Offmychest",
      "response": "Based on the content of the posts, the assigned label would be Depression. Reasoning:\n\nThe posts indicate a pattern of negative thoughts and emotions, such as feeling hopeless, believing that people are idiots and can't control their emotions, and having difficulty in relationships. The individual also expresses feelings of mental exhaustion and confusion. These are common symptoms associated with depression, such as negative thinking patterns, relationship difficulties, and emotional exhaustion. Therefore, the assigned label for this post is Depression."
    },
    {
      "index": 62,
      "label": "Offmychest",
      "response": "Based on the content of the post, the assigned label is Depression. Reasoning:\n\nThe post contains multiple indicators of depression. The individual expresses feelings of loneliness and isolation, mentioning that they don't have or want friends. They also mention feeling like they are being used and not being appreciated by the girl they are hanging out with. The individual describes feeling ignored and unappreciated, which are common symptoms of depression. Additionally, the post includes statements about feeling sad and not knowing what to do, which further suggests a depressive state."
    },
    {
      "index": 63,
      "label": "Offmychest",
      "response": "Based on the provided posts, the assigned label would be \"Depression\".\n\nThe reasoning process for this assessment is as follows:\n\n1. The post mentions feelings of loneliness and isolation, indicating a lack of social connection and potential symptoms of depression.\n2. The individual describes engaging in self-destructive behaviors, such as excessive drug and alcohol use, which can be common coping mechanisms for individuals with depression.\n3. The mention of a rollercoaster year and a desire for change suggests a fluctuating mood and potential depressive symptoms.\n4. The individual expresses a sense of emptiness and dissatisfaction with their current life, indicating a potential lack of fulfillment and depressive thoughts.\n\nOverall, the combination of social isolation, self-destructive behaviors, fluctuating mood, and dissatisfaction with life suggest that the individual may be struggling with depression."
    },
    {
      "index": 64,
      "label": "Offmychest",
      "response": "Based on the content of the post, the assigned label would be Anxiety. Reasoning:\n\nThe post includes multiple indications of anxiety and stress. The poster mentions being in a lot of debt and struggling to pay bills, which can be a significant source of anxiety. They also express feelings of guilt and mention their parents potentially taking their cat. These factors, combined with the mention of financial difficulties and the need to move, suggest that the poster is experiencing anxiety related to their current financial situation."
    },
    {
      "index": 65,
      "label": "Offmychest",
      "response": "Based on the given posts, the assigned label is:\n\n{\n\"thought\": \"The reasoning process for the mental disorder assessment is not clear from the given posts. The posts contain rambling and incoherent statements, making it difficult to determine any specific mental disorder. The content appears to be more focused on political and societal issues rather than personal struggles or symptoms of a mental disorder. Therefore, the assigned label is None.\"\n}"
    },
    {
      "index": 66,
      "label": "Offmychest",
      "response": "<answer>\n{\n\"thought\": \"The reasoning process for the mental disorder analysis involves examining the content of the posts and identifying patterns and indicators of mental disorders. In this case, the posts contain disjointed and incoherent sentences, which may indicate a cognitive impairment or difficulty with communication. The mention of \"mental healtchrae\" and \"disamnttle such fortunately ssafety in nets\" suggests a focus on mental health and potential safety concerns. The overall tone of the posts appears to be negative and distressing, which could be indicative of depression or another mental disorder. Therefore, the assigned label is Depression.\"\n\"result\": \"Depression\"\n}\n</answer>"
    },
    {
      "index": 67,
      "label": "Offmychest",
      "response": "<answer>\n{\n\"thought\": \"The individual expresses concern and anxiety about their mother's breast cancer diagnosis and upcoming surgeries. They also mention difficulties sleeping and being unable to think clearly. These symptoms and experiences suggest anxiety as the most likely mental disorder label for this post.\",\n\"result\": \"Anxiety\"\n}\n</answer>"
    },
    {
      "index": 68,
      "label": "Offmychest",
      "response": "Based on the content of the posts, the assigned label would be Anxiety. Reasoning: The posts indicate a high level of worry and concern about the well-being of the poster's ex and their girlfriend. The poster expresses anxiety about the potential abuse and their inability to do anything to help. The language used suggests a preoccupation with the situation and a sense of helplessness. These symptoms align with anxiety, as the poster is experiencing excessive worry and fear about a specific situation."
    },
    {
      "index": 69,
      "label": "Offmychest",
      "response": "Based on the content of the posts, the assigned label would be \"Anxiety\". The reasoning behind this is that the posts contain expressions of frustration, resentment, and feelings of being misunderstood and disconnected from the partner. These emotions are indicative of anxiety, as they suggest a high level of worry and distress in the relationship. Additionally, the individual expresses a desire to escape the relationship and a lack of control over their emotions, which are common symptoms of anxiety."
    },
    {
      "index": 70,
      "label": "Offmychest",
      "response": "Based on the given post, the assigned label would be Bipolar. Reasoning: The post mentions the individual's wife's behavior, such as divorcing her ex, having custody issues, and being on medication for bipolar disorder. These details suggest that the individual's wife may have bipolar disorder, which could be a contributing factor to the individual's decision to divorce and move away."
    },
    {
      "index": 71,
      "label": "Offmychest",
      "response": "Based on the content of the post, the assigned label would be Depression. The post includes descriptions of past traumatic experiences, feelings of guilt and shame, and a sense of being unable to cope with the emotional pain. These are all common symptoms associated with depression, such as intrusive thoughts, low self-esteem, and a sense of hopelessness. The individual also expresses a desire to escape from their pain and mentions suicidal thoughts, indicating a potential risk for self-harm."
    },
    {
      "index": 72,
      "label": "Offmychest",
      "response": "Based on the given posts, the assigned label would be:\n\n{\n\"thought\": \"The content of the posts seems to be fragmented and lacking coherence. The repetition of phrases and the use of deleted text could indicate a cognitive impairment or difficulty in organizing thoughts, which is commonly associated with depression. However, without further information, it is difficult to definitively assign a label. Therefore, the most appropriate label in this case would be Depression.\"\n\n\"result\": \"Depression\"\n\n}"
    },
    {
      "index": 73,
      "label": "Offmychest",
      "response": "Based on the content of the posts, the assigned label would be Anxiety. The reasoning behind this is that the post expresses a sense of dread and stress surrounding the holiday season and the pressure to cook a meal. The individual also mentions their grandmother criticizing their cooking and questioning their actions, which could contribute to feelings of anxiety and pressure. Additionally, the post mentions the individual's lack of mobility, dexterity, eyesight, and short-term memory, which could further contribute to anxiety and difficulty in completing tasks."
    },
    {
      "index": 74,
      "label": "Offmychest",
      "response": "Based on the content of the post, the assigned label is Anxiety. Reasoning: The post contains several indicators of anxiety. The individual expresses feelings of uncertainty and fear about their current relationship, questioning their partner's intentions and whether they are being played. They also mention feeling unsure about how to handle the situation and seeking advice. These thoughts and emotions align with symptoms commonly associated with anxiety, particularly in the context of relationships."
    },
    {
      "index": 75,
      "label": "Offmychest",
      "response": "Based on the given posts, the assigned label would be Anxiety. Reasoning: The posts suggest a high level of anxiety and panic. The individual describes feeling overwhelmed and in a state of panic, with their heart racing and feeling pain in their body. These are common symptoms of anxiety, particularly in situations of high stress or danger. The individual also mentions feeling unable to do anything and being restrained by guards, indicating a high level of distress and potentially an anxiety attack."
    },
    {
      "index": 76,
      "label": "Offmychest",
      "response": "Based on the content of the posts, the assigned label would be Anxiety. Reasoning:\n\nThe posts express feelings of anxiety and worry, such as feeling anxious no matter what the situation is and constantly overthinking. The individual also mentions feeling anxious about their weight and appearance, as well as their relationship with their boyfriend. These concerns and anxieties are common symptoms of anxiety disorders. Additionally, the individual mentions having thought about breaking up with their boyfriend and having anxiety about whether someone else would love them more, indicating a preoccupation with thoughts of being replaced or unloved, which can also be indicative of anxiety."
    },
    {
      "index": 77,
      "label": "Offmychest",
      "response": "Based on the content of the post, the assigned label would be \"Depression\". Reasoning:\n\nThe post includes several indicators of depression. The individual expresses feelings of worthlessness, hopelessness, and guilt, as well as a lack of energy and motivation to function on a daily basis. They also mention experiencing homelessness and feeling like a burden to others. These are all common symptoms associated with depression, indicating that the individual may be struggling with this mental disorder."
    },
    {
      "index": 78,
      "label": "Offmychest",
      "response": "Based on the given posts, the assigned label would be Depression. Reasoning:\n\nThe posts mention feeling unimportant and not being able to see the stars or twinkling in the sky. This could suggest a lack of joy or pleasure in activities that were once enjoyable, which is a common symptom of depression. Additionally, the posts express a sense of hopelessness and not being able to see the importance of others, which can also be indicative of depression. Overall, the content of the posts aligns with symptoms commonly associated with depression."
    },
    {
      "index": 79,
      "label": "Offmychest",
      "response": "Based on the provided posts, the assigned label would be \"Depression\". Reasoning:\n\nThe posts contain repetitive and nonsensical statements, as well as a lack of coherence and clarity. This could indicate a cognitive impairment or difficulty in organizing thoughts, which is commonly associated with depression. The mention of being a \"be.autiful Armenian princess\" and the repetition of \"I not yet you! love You're a be.autiful Armenian princess, I and wa..\" could also suggest a disconnection from reality or a distorted perception of oneself, which is another symptom of depression."
    },
    {
      "index": 80,
      "label": "SuicideWatch",
      "response": "<answer>\n{\n\"thought\": \"The content of the posts suggests a high level of distress and feelings of hopelessness, as well as thoughts of self-harm and suicide. The individual also mentions experiencing anxiety and struggling with their mental health. These symptoms and thoughts align with the symptoms commonly associated with depression and suicidal ideation, suggesting that the assigned label would be Depression and SuicideWatch.\",\n\"result\": \"Depression and SuicideWatch\"\n}\n</answer>\n\nReasoning: The posts include statements suggesting a lack of purpose and meaning in life, feelings of worthlessness, and a desire to die. The individual also mentions experiencing anxiety and struggling with their mental health. These are common symptoms associated with depression and suicidal ideation. Therefore, the assigned label is Depression and SuicideWatch."
    },
    {
      "index": 81,
      "label": "SuicideWatch",
      "response": "Based on the content of the posts, the assigned label would be \"Depression\". Reasoning:\n\nThe posts contain several indicators of depression. The poster expresses feelings of sadness, loneliness, and low self-esteem. They mention having depression and feeling like a burden to their family. They also mention wanting to be genuine and happy but feeling like they can't achieve that. The overall tone of the posts suggests a deep sense of despair and a lack of hope for the future, which are common symptoms of depression."
    },
    {
      "index": 82,
      "label": "SuicideWatch",
      "response": "Based on the content of the posts, the assigned label would be \"Depression\". Reasoning: The posts contain multiple indications of depression, such as feelings of sadness, hopelessness, and thoughts of suicide. The mention of being depressed and unsure of how to cope with the impending loss of a parent also suggests a significant emotional burden. Overall, the content of the posts aligns with symptoms commonly associated with depression."
    },
    {
      "index": 83,
      "label": "SuicideWatch",
      "response": "Based on the provided posts, the assigned label is \"Depression\". Reasoning:\n\nThe posts indicate a deep sense of despair and hopelessness, as well as a history of emotional abuse and traumatic experiences. The individual expresses feelings of being overwhelmed, struggling with health issues, and contemplating suicide. These are all common symptoms associated with depression, such as feelings of worthlessness, suicidal thoughts, and a loss of interest in activities."
    },
    {
      "index": 84,
      "label": "SuicideWatch",
      "response": "<answer>\n{\n\"thought\": \"The individual expresses feelings of despair, disconnection from reality, and a desire to end their life. These are common symptoms associated with depression and suicidal ideation. Additionally, the individual mentions feeling unrealistic about their goals and having a lifestyle that lacks passion. These thoughts and emotions align with the label of Depression.\"\n\n\"result\": \"Depression\"\n}\n</answer>\n\nReasoning:\n\nThe post includes several indicators of depression, such as feelings of despair, disconnection from reality, and a desire to end one's life. The individual also mentions feeling unrealistic about their goals and having a lifestyle that lacks passion, which are common experiences associated with depression. Overall, the content of the post suggests that the individual is struggling with depressive symptoms."
    },
    {
      "index": 85,
      "label": "SuicideWatch",
      "response": "Based on the provided posts, the assigned label would be \"Depression\".\n\nReasoning: The posts contain several indicators of depression. The individual expresses feelings of hopelessness and mentions thoughts of self-harm or dying. They also mention feeling unloved and uncared for by their parents, which can contribute to depressive feelings. The overall tone of the posts is one of sadness and despair, suggesting a significant level of depression."
    },
    {
      "index": 86,
      "label": "SuicideWatch",
      "response": "Based on the content of the posts, the assigned label would be \"Depression\".\n\nReasoning: The posts express a deep sense of despair, self-blame, and a feeling of being drained by supporting others. The mention of reaching out for help and not receiving it suggests a lack of support and potential feelings of isolation. These are common symptoms associated with depression, such as feelings of hopelessness, low self-worth, and a lack of social support."
    },
    {
      "index": 87,
      "label": "SuicideWatch",
      "response": "Based on the provided posts, the assigned label would be SuicideWatch. The reasoning behind this is that the posts contain multiple mentions of suicide, such as \"Child ktwqpiownir suicideH on SkQpe\" and \"riIend son's suicide is always hasw abusvi.\" These statements indicate that the individual is struggling with thoughts of suicide, which aligns with the label of SuicideWatch."
    },
    {
      "index": 88,
      "label": "SuicideWatch",
      "response": "<answer>\n{\n\"thought\": \"The reasoning process of the mental disorder analyze is not clear from the given posts. The content appears to be a jumbled mess and does not provide any coherent or meaningful information. Therefore, it is not possible to assign a specific mental disorder label based on these posts.\",\n\"result\": null,\n}\n</answer>"
    },
    {
      "index": 89,
      "label": "SuicideWatch",
      "response": "Based on the content of the posts, the assigned label would be \"Depression\". Reasoning:\n\nThe posts include multiple statements indicating a negative self-perception, feelings of worthlessness, and a desire for revenge against others. The individual also mentions being diagnosed with multiple disorders, including anxiety, learning disabilities, and severe anxiety. They express a sense of isolation and being ignored by family members, as well as experiencing sexual abuse. These experiences and emotions align with symptoms commonly associated with depression, such as low self-esteem, feelings of hopelessness, and a lack of support from others."
    },
    {
      "index": 90,
      "label": "SuicideWatch",
      "response": "<answer>\n{\n\"thought\": \"The individual expresses feelings of depression and financial difficulties, as well as a lack of communication and strained relationships with their father and mother. They also mention engaging in unhealthy behaviors such as smoking and feeling scammed. These factors suggest that the individual may be experiencing depression and possibly other mental health issues, such as anxiety or bipolar disorder.\",\n\"result\": \"Depression\"\n}\n</answer>\n\nReasoning: The individual's post includes multiple statements indicating feelings of depression, such as not having fun in life, feeling loved by anyone, and experiencing financial difficulties. They also mention strained relationships with their father and mother and engaging in unhealthy behaviors. These symptoms and experiences align with the diagnosis of depression. While there may be other potential mental disorders mentioned, such as anxiety and bipolar disorder, the overall content of the post suggests that depression is the most appropriate label in this case."
    },
    {
      "index": 91,
      "label": "SuicideWatch",
      "response": "Based on the provided posts, the assigned label would be \"Depression.\"\n\nReasoning: The posts express feelings of sadness, loneliness, and a sense of worthlessness. The mention of \"my meanwhile are usually gone\" suggests a lack of motivation and enjoyment in life. The repeated mention of \"NOBODY\" and the plea to not let anyone stand in their way also indicate a sense of isolation and hopelessness, which are common symptoms of depression."
    },
    {
      "index": 92,
      "label": "SuicideWatch",
      "response": "Based on the content of the posts, the assigned label would be \"Depression\". Reasoning:\n\nThe posts indicate a pattern of procrastination, feeling overwhelmed, and difficulty in completing tasks. The poster also expresses a lack of motivation, feelings of self-doubt, and a sense of being trapped in their own thoughts. These are common symptoms associated with depression, such as low energy, difficulty concentrating, and feelings of hopelessness. The overall tone of the posts suggests a significant level of distress and a negative self-perception, which aligns with the symptoms commonly associated with depression."
    },
    {
      "index": 93,
      "label": "SuicideWatch",
      "response": "Based on the content of the posts, the assigned label is \"SuicideWatch\". Reasoning: The posts contain multiple mentions of suicidal thoughts and a desire to jump to their death. The individual expresses feelings of being tired of everything and not knowing what to expect, indicating a high level of distress and potential risk for suicide."
    },
    {
      "index": 94,
      "label": "SuicideWatch",
      "response": "<answer>\n{\n\"thought\": \"The individual expresses feelings of frustration, exhaustion, and being overwhelmed with academic responsibilities. They also mention struggling with communication and feeling ignored by their professor. These symptoms align with anxiety, as the individual is experiencing stress and difficulty in managing their academic workload and seeking support from others.\",\n\"result\": \"Anxiety\"\n}\n</answer>"
    },
    {
      "index": 95,
      "label": "SuicideWatch",
      "response": "ly dddn'twant to much bother as she ubrdens azanflt zor her own so I finally to tend ac verything as ife is even if ormal nigt I beFore was in my Rom literally or rists leaving thhe house atttt fr 3am looking enough ahigh buuuuild I poffrmom."
    },
    {
      "index": 96,
      "label": "SuicideWatch",
      "response": "Based on the provided posts, the assigned label would be Depression. Reasoning:\n\nThe reasoning process involves analyzing the content of the posts and identifying the presence of symptoms commonly associated with depression. The post mentions feeling helpless, lonely, and hopeless, which are common symptoms of depression. The individual also expresses a desire to not take any actions that could lead to self-harm. Overall, the content of the posts suggests that the individual may be experiencing depression."
    },
    {
      "index": 97,
      "label": "SuicideWatch",
      "response": "<answer>\n{\n\"thought\": \"The reasoning process of the mental disorder analyze suggests that the individual is experiencing suicidal thoughts and emotional turmoil. They mention feeling oddly calm and contemplating suicide, indicating a high level of distress. They also express feeling drained and not caring about themselves, suggesting a potential lack of self-worth and hopelessness. These thoughts and emotions align with symptoms commonly associated with depression, particularly with a focus on suicidal ideation.\"\n\n\"result\": \"Depression\"\n}\n</answer>"
    },
    {
      "index": 98,
      "label": "SuicideWatch",
      "response": "Based on the given posts, the assigned label would be Depression.\n\nReasoning: The posts express feelings of hopelessness and despair, as well as a lack of motivation or interest in activities. The mention of \"getting your up Topes\" and the blowing up of the possible and worst things suggests a sense of overwhelming and negative emotions. These are common symptoms associated with depression, such as feelings of sadness, emptiness, and loss of interest in activities."
    },
    {
      "index": 99,
      "label": "SuicideWatch",
      "response": "<answer>\n{\n    \"thought\": \"The reasoning process of mental disorder analysis\",\n    \"result\": \"Depression\"\n}\n</answer>\n\nReasoning:\n\nThe post contains multiple statements suggesting a negative self-perception, feelings of hurt, and a desire to get rid of toxic people. These are common symptoms associated with depression, such as low self-esteem, negative emotions, and social withdrawal. Additionally, the mention of venting and the use of elliptical language (\"n'A life buut perfect didn't you LavEr to bashing go at about mE lif.e\") could indicate a difficulty in expressing thoughts and emotions clearly, which can also be a symptom of depression."
    }
  ]
}