{
  "SWMH_Medium": [
    {
      "index": 0,
      "label": "Anxiety",
      "response": "{\n    \"thought\": \"The user is describing their anxiety and the impact it has on their life. They mention feeling safe but also scared, and the difficulty in explaining their emotions. They also mention suffering from depersonalization and dissociation. Based on these symptoms, it is likely that the user is experiencing anxiety.\",\n    \"result\": \"Anxiety\"\n}"
    },
    {
      "index": 1,
      "label": "Anxiety",
      "response": "{\n    \"thought\": \"The user's post indicates symptoms of anxiety disorder due to excessive stress and difficulty sleeping. The user also mentions worsening physical symptoms and difficulty with work. These symptoms are consistent with anxiety disorder and chronic fatigue syndrome (CFS/ME).\",\n    \"result\": \"Anxiety/Chronic Fatigue\"\n}"
    },
    {
      "index": 2,
      "label": "Anxiety",
      "response": "{\n    \"thought\": \"The user is experiencing high levels of anxiety and difficulty controlling their emotions. They also mention a lack of control and difficulty with decision-making. These symptoms are consistent with anxiety disorder.\",\n    \"result\": \"Anxiety\"\n}"
    },
    {
      "index": 3,
      "label": "Anxiety",
      "response": "{\n    \"thought\": \"The user's post shows a pattern of self-destructive behavior and suicidal thoughts. They also mention alcohol as a depressant, which could be a contributing factor to their depressive state. Additionally, they express a desire to be at home, which could indicate a sense of isolation or loneliness. These factors together suggest a potential diagnosis of Depression.\",\n    \"result\": \"Depression\"\n}"
    },
    {
      "index": 4,
      "label": "Anxiety",
      "response": "{\n    \"thought\": \"The user expresses a desire for organization and structure, but also struggles with anxiety and feeling overwhelmed. This suggests a possible anxiety disorder, as the user is struggling with feelings of being out of control and overwhelmed.\",\n    \"result\": \"Anxiety\"\n}"
    },
    {
      "index": 5,
      "label": "Anxiety",
      "response": "{\n    \"thought\": \"The user is experiencing anxiety and frustration, which is impacting their daily life. They are also struggling with self-control and have been drinking excessively. The user may be experiencing symptoms of anxiety disorder.\",\n    \"result\": \"Anxiety\"\n}"
    },
    {
      "index": 6,
      "label": "Anxiety",
      "response": "{\n    \"thought\": \"The user is describing a high level of anxiety and stress that is affecting their ability to sleep and function in their daily life. They also mention feeling like they're on the verge of a breakdown and are struggling to cope with their emotions.\",\n    \"result\": \"Anxiety\"\n}"
    },
    {
      "index": 7,
      "label": "Anxiety",
      "response": "{\n    \"thought\": \"The user's post indicates feelings of pain and uncertainty about their future, which are common symptoms of depression. Additionally, the post suggests a sense of isolation and a lack of community, which can also be associated with depression. Therefore, the most appropriate mental disorder that this user may have is Depression.\",\n    \"result\": \"Depression\"\n}"
    },
    {
      "index": 8,
      "label": "Anxiety",
      "response": "<answer>\n{\n    \"thought\": \"The user appears to be experiencing anxiety as they mention feeling fearful and share a link to an article on psychologytoday about anxiety. They also mention feeling overwhelmed and having nowhere to be feared.\",\n    \"result\": \"Anxiety\"\n}\n</answer>"
    },
    {
      "index": 9,
      "label": "Anxiety",
      "response": "<answer>\n{\n    \"thought\": \"The user expresses anxiety about being complimented and not meeting expectations. They also express fear of disappointing others, which is a common symptom of anxiety disorders. Additionally, they mention being afraid of letting others down, which is a common trait in individuals with anxiety disorders. The user also mentions feeling perpetually afraid, which could indicate a long-standing anxiety disorder. The user's language also suggests they are concerned about meeting expectations and feeling pressure to perform well, which is another common symptom of anxiety disorders.\",\n    \"result\": \"Anxiety\"\n}\n</answer>"
    },
    {
      "index": 10,
      "label": "Anxiety",
      "response": "<answer>\n{\n    \"thought\": \"The user's post indicates a high level of anxiety and panic attacks, which are common symptoms of anxiety disorder. The user also expresses feelings of helplessness and hopelessness, which are associated with depression. However, the post does not indicate any specific symptoms of bipolar disorder, such as mood swings or manic episodes. Therefore, the best match for this user's mental disorder is Anxiety.\",\n    \"result\": \"Anxiety\"\n}\n</answer>"
    },
    {
      "index": 11,
      "label": "Anxiety",
      "response": "{\n    \"thought\": \"The user is experiencing a significant loss of interest in their girlfriend and is struggling to communicate with her. They also mention feeling 'off' and struggling to learn. These symptoms are indicative of depression.\",\n    \"result\": \"Depression\"\n}"
    },
    {
      "index": 12,
      "label": "Anxiety",
      "response": "{\n    \"thought\": \"The user seems to be suffering from separation anxiety due to the frequent separation from their partner. They are experiencing anxiety and depression when their partner is away and are struggling to cope with the feelings of loneliness and guilt. They are also expressing suicidal ideation which indicates a severe mental health issue. Based on these symptoms, the mental disorder that best matches the user is Anxiety.\",\n    \"result\": \"Anxiety\"\n}"
    },
    {
      "index": 13,
      "label": "Anxiety",
      "response": "<answer>\n{\n    \"thought\": \"The user is expressing anxiety and fear of herpes and breaking up with their boyfriend. They are also experiencing compulsions and emotional distress. The post suggests that they may be experiencing obsessive-compulsive disorder (OCD) and hypochondria.\",\n    \"result\": \"Anxiety\"\n}\n</answer>"
    },
    {
      "index": 14,
      "label": "Anxiety",
      "response": "{\n    \"thought\": \"The user is expressing feelings of hopelessness and despair, indicating possible depression.\",\n    \"result\": \"Depression\"\n}"
    },
    {
      "index": 15,
      "label": "Anxiety",
      "response": "<answer>\n{\n    \"thought\": \"The user's post indicates feelings of being upset and let down due to a mistake with their package delivery. This indicates potential anxiety as they may be experiencing worry and stress over the situation.\",\n    \"result\": \"Anxiety\"\n}\n</answer>"
    },
    {
      "index": 16,
      "label": "Anxiety",
      "response": "{\n    \"thought\": \"The user is describing feelings of anxiety and depression, as well as experiences with therapy. They mention feeling hopeless and struggling with mental health stigma. The user also mentions attempting to meditate to calm their anxiety.\",\n    \"result\": \"Depression\"\n}"
    },
    {
      "index": 17,
      "label": "Anxiety",
      "response": "{\n    \"thought\": \"Based on the user's post, there are indications of anxiety and depression. The user mentions feeling 'doPh' lately and taking Zoloft, which is a medication for depression. Additionally, the user expresses concern about coming down with fever and having no good walk. These symptoms suggest that the user is experiencing anxiety and depression.\",\n    \"result\": \"Depression\"\n}"
    },
    {
      "index": 18,
      "label": "Anxiety",
      "response": "{\n    \"thought\": \"The user is expressing anxiety and concern about their moderate work, suggesting they may be experiencing anxiety-related symptoms. They also mention reducing anxiety with herbal remedies, which could be a coping mechanism for anxiety.\",\n    \"result\": \"Anxiety\"\n}"
    },
    {
      "index": 19,
      "label": "Anxiety",
      "response": "{\n    \"thought\": \"The user is describing anxiety as a response to past events or current situations. The user is also mentioning a hidden event or trauma that is causing anxiety. This suggests a possible anxiety disorder.\",\n    \"result\": \"Anxiety\"\n}"
    },
    {
      "index": 20,
      "label": "Bipolar",
      "response": "{\n    \"thought\": \"Based on the user's posts, it seems that they have experienced depression and manic episodes in the past. They also mention being on medication for bipolar disorder and feeling like a new person after seeking help. Additionally, they express anxiety about seeking help due to stigma and fear of being labeled with a mental illness. Overall, the user's posts suggest a potential diagnosis of Bipolar Disorder.\",\n    \"result\": \"Bipolar\"\n}"
    },
    {
      "index": 21,
      "label": "Bipolar",
      "response": "{\n    \"thought\": \"The user seems to be experiencing anxiety and stress due to their husband's inability to deal with situations. They also mention feeling like a sacrifice for him and being on the verge of a breakdown. The mention of the t-boned incident and the feeling of dread also suggests anxiety. Additionally, the user's preference for tea over alcohol suggests that they may be experiencing depression or bipolar disorder.\",\n    \"result\": \"Anxiety\"\n}"
    },
    {
      "index": 22,
      "label": "Bipolar",
      "response": "{\n    \"thought\": \"The user's post talks about their struggles with medication and potential side effects, which could indicate anxiety or depression. However, there are also mentions of swimming and art, which could suggest a more positive outlook on life. The user also mentions their weight and diabetes, which could indicate a physical health issue rather than a mental health issue.\",\n    \"result\": \"Depression\"\n}"
    },
    {
      "index": 23,
      "label": "Bipolar",
      "response": "{\n    \"thought\": \"The user's post suggests that they are experiencing stress and anxiety due to their mother's bipolar disorder and medication changes. The user also mentions feeling overwhelmed and having difficulty communicating with their mother. The post indicates a need for support and guidance in managing the situation.\",\n    \"result\": \"Anxiety\"\n}"
    },
    {
      "index": 24,
      "label": "Bipolar",
      "response": "<answer>\n{\n    \"thought\": \"The user has a history of bipolar diagnosis, mentions the need to expect something and experiences slight paranoia. The user also mentions traveling and the concert, which could be related to anxiety. However, the user's mention of bipolar diagnosis and paranoia makes bipolar disorder a better match.\",\n    \"result\": \"Bipolar\",\n}\n</answer>"
    },
    {
      "index": 25,
      "label": "Bipolar",
      "response": "{\n    \"thought\": \"Based on the user's posts, it seems like they are experiencing anxiety and are looking for pharmacological relief. They mention having bipolar disorder II and rapid cycling, which is a characteristic of bipolar disorder. They also mention having OCD and taking medication for anxiety, which suggests that they may be experiencing symptoms of anxiety. Additionally, they mention not being able to take SSRI's and Gabapentin, which are commonly used medications for anxiety. Therefore, the best mental disorder that matches the user's posts is Anxiety.\",\n    \"result\": \"Anxiety\"\n}"
    },
    {
      "index": 26,
      "label": "Bipolar",
      "response": "{\n    \"thought\": \"The user's posts show a pattern of impulsivity, lack of financial management, and anxiety about their financial situation. They also express a lack of control over their life and financial decisions. These symptoms are indicative of bipolar disorder, which is characterized by mood swings and difficulty in managing finances.\",\n    \"result\": \"Bipolar\"\n}"
    },
    {
      "index": 27,
      "label": "Bipolar",
      "response": "<answer>\n{\n    \"thought\": \"The user is expressing anxiety about getting their medication and is also struggling with confrontation, indicating a possible anxiety disorder. However, the user is also mentioning their bipolar disorder, which is a significant factor in their mental health. The user is also expressing stress and difficulty in getting their medication, which could also indicate anxiety. Ultimately, the user's bipolar disorder is the most prominent factor in their mental health, and thus, the result should be Bipolar.\",\n    \"result\": \"Bipolar\"\n}\n</answer>"
    },
    {
      "index": 28,
      "label": "Bipolar",
      "response": "<answer>\n{\n    \"thought\": \"The user describes experiencing episodes of losing time and not knowing what happened during those episodes. They also mention feeling scared and worried about what could be happening to them. The user describes having a long history of psychological issues and feeling scared while driving. The user also mentions being upset about their job and feeling anxious about what could be happening to them. These symptoms could be indicative of a bipolar disorder, as the user describes experiencing episodes of losing time and feeling scared about what could be happening to them.\",\n    \"result\": \"Bipolar\"\n}\n</answer>"
    },
    {
      "index": 29,
      "label": "Bipolar",
      "response": "{\n    \"thought\": \"The user describes a pattern of emotional instability, with mood swings and intense feelings of anger and self-harm. They also mention a history of manic episodes and the possibility of being misdiagnosed as bipolar. The user's self-image has been negatively affected by their diagnosis and they feel like they are being judged by others. This suggests that the user may be experiencing symptoms of bipolar disorder.\",\n    \"result\": \"Bipolar\"\n}"
    },
    {
      "index": 30,
      "label": "Bipolar",
      "response": "<answer>\n{\n    \"thought\": \"The user is expressing anxiety about the stress caused by holidays and coping with it. They are also expressing concern about their mood and the impact of stress on others. The language used suggests a tendency towards negative thoughts and feelings, which is characteristic of anxiety disorders.\",\n    \"result\": \"Anxiety\"\n}\n</answer>"
    },
    {
      "index": 31,
      "label": "Bipolar",
      "response": "{\n    \"thought\": \"The user's posts indicate a history of psychotic episodes, which could be indicative of bipolar disorder. The user also mentions experiencing weird events and having difficulty controlling their emotions, which are common symptoms of bipolar disorder. Additionally, the user mentions having not had anything to drink, which could suggest a lack of interest in daily activities, another common symptom of bipolar disorder.\",\n    \"result\": \"Bipolar\"\n}"
    },
    {
      "index": 32,
      "label": "Bipolar",
      "response": "{\n    \"thought\": \"The user is discussing a manic episode during the late winter and early spring seasons, indicating a possible bipolar disorder. They also mention changes in mood with the seasons, which may be related to seasonal affective disorder (SAD) or other mood disorders.\",\n    \"result\": \"Bipolar\"\n}"
    },
    {
      "index": 33,
      "label": "Bipolar",
      "response": "{\n    \"thought\": \"The user is expressing anxiety and uncertainty about their job and disability status. They are also mentioning their inability to focus on other things and feeling left out. These symptoms are indicative of anxiety disorder.\",\n    \"result\": \"Anxiety\"\n}"
    },
    {
      "index": 34,
      "label": "Bipolar",
      "response": "{\n    \"thought\": \"The user is experiencing difficulty in getting their prescription medication refilled, which is causing anxiety and stress. They also mention a bone infection, which could be a physical health issue that is affecting their mental health. Additionally, they mention a draining bank, which could be a metaphor for financial stress or other stressors in their life. The user also mentions a project, which could be a source of stress or anxiety.\",\n    \"result\": \"Anxiety\"\n}"
    },
    {
      "index": 35,
      "label": "Bipolar",
      "response": "{\n    \"thought\": \"The user is experiencing feelings of anxiety and self-criticism. They also mention feeling isolated and unable to talk to anyone about their feelings. The user also seems to be struggling with insecurity and self-doubt.\",\n    \"result\": \"Anxiety\"\n}"
    },
    {
      "index": 36,
      "label": "Bipolar",
      "response": "{\n    \"thought\": \"The user's post shows signs of anxiety and bipolar disorder, but the most prominent mental disorder is anxiety. The user mentions feeling anxious and foggy, and they also mention having bipolar disorder but do not seem to be experiencing any symptoms of it at the moment. The user also mentions having a lot of anxiety and dealing with it well all day. The user's post does not mention any suicidal thoughts or depression, so the most appropriate mental disorder to identify is anxiety.\",\n    \"result\": \"Anxiety\"\n}"
    },
    {
      "index": 37,
      "label": "Bipolar",
      "response": "{\n    \"thought\": \"The user is experiencing a depressive episode, as indicated by their suicidal thoughts and difficulty finding enjoyment in activities they used to enjoy. They also mention taking Wellbutrin, which is commonly used to treat depression and anxiety. The user's language is also indicative of their mental state, with fragmented sentences and use of slang. This suggests a potential diagnosis of Depression.\",\n    \"result\": \"Depression\"\n}"
    },
    {
      "index": 38,
      "label": "Bipolar",
      "response": "{\n    \"thought\": \"The user's post indicates a possible depressive disorder. They mention winter, which could indicate Seasonal Affective Disorder (SAD), and mention depression in their post. They also mention medication, which could be a treatment for depression.\",\n    \"result\": \"Depression\"\n}"
    },
    {
      "index": 39,
      "label": "Bipolar",
      "response": "{\n    \"thought\": \"The user's post shows signs of depression and bipolar disorder. They mention family history of ADHD and depression, and they are curious about how bipolar disorder works. They also mention wondering about red markers and testing, which could indicate some confusion or uncertainty. However, the post also includes positive language about appreciating simplicity and not feeling alone, which suggests some resilience and positivity. Overall, the post suggests a complex emotional state with both positive and negative elements.\",\n    \"result\": \"Bipolar\"\n}"
    },
    {
      "index": 40,
      "label": "Depression",
      "response": "{\n    \"thought\": \"The user is describing a state of happiness and joy, but also mentions becoming depressed if they start thinking about things too much. They also mention feeling like happiness is being drunk on life, which suggests a lack of control or balance. These are all signs of depression.\",\n    \"result\": \"Depression\"\n}"
    },
    {
      "index": 41,
      "label": "Depression",
      "response": "{\n    \"thought\": \"The user talks about having a deep feeling of depression and being put down by others. They also mention struggling with financial issues and having a difficult relationship with their girlfriend. The user seems to be experiencing mood swings and losing love for their life. This suggests that the user may be experiencing depression.\",\n    \"result\": \"Depression\"\n}"
    },
    {
      "index": 42,
      "label": "Depression",
      "response": "{\n    \"thought\": \"The user is expressing feelings of inadequacy and self-doubt, along with anxiety about meeting friends and fear of being judged. They also mention struggling with depression and feeling like they're not making progress. They have been volunteering and joining groups, which suggests some level of motivation and initiative. However, they also mention feeling scared and hopeless, which could indicate a more severe mental health issue.\",\n    \"result\": \"Depression\"\n}"
    },
    {
      "index": 43,
      "label": "Depression",
      "response": "{\n    \"thought\": \"The user is expressing a sense of uncertainty and isolation. They mention not being able to reach out to someone and not looking for a friend. This could indicate feelings of depression or anxiety.\",\n    \"result\": \"Offmychest\"\n}"
    },
    {
      "index": 44,
      "label": "Depression",
      "response": "{\n    \"thought\": \"The user seems to be experiencing a depressive state, where they feel numb and tired. They also mention feeling negative emotions and having a hard time feeling happiness or joy. Additionally, they mention feeling overwhelmed by the emotions of others. These symptoms are consistent with depression, which is characterized by persistent feelings of sadness, hopelessness, and a lack of interest in activities that were once enjoyable.\",\n    \"result\": \"Depression\"\n}"
    },
    {
      "index": 45,
      "label": "Depression",
      "response": "{\n    \"thought\": \"Based on the content of the post, the user is experiencing anxiety and is scheduled for therapy. The post also mentions the user's shaking and anxiousness when leaving their house. This suggests that the user may be experiencing a mental disorder related to anxiety.\",\n    \"result\": \"Anxiety\"\n}"
    },
    {
      "index": 46,
      "label": "Depression",
      "response": "{\n    \"thought\": \"The user's posts indicate a strong desire to end their life and a feeling of hopelessness and despair. They mention feeling like they have no purpose and that life is meaningless. They also mention feeling like they are trapped and cannot escape their current situation. These symptoms are consistent with depression.\",\n    \"result\": \"Depression\"\n}"
    },
    {
      "index": 47,
      "label": "Depression",
      "response": "{\n    \"thought\": \"The user is describing difficulty making friends and feeling depressed. These symptoms are common in individuals with anxiety disorders, which can cause social anxiety and feelings of isolation. Additionally, the user's mention of difficulty making friends could be indicative of social anxiety disorder.\",\n    \"result\": \"Anxiety\"\n}"
    },
    {
      "index": 48,
      "label": "Depression",
      "response": "<answer>\n{\n    \"thought\": \"The user's post shows signs of depression as they mention feeling heartless and being unable to enjoy their favorite foods. They also express sadness and a lack of interest in things happening around them. Additionally, they mention feeling like their body is on auto-pilot and unable to react to things in a normal way.\",\n    \"result\": \"Depression\",\n}\n</answer>"
    },
    {
      "index": 49,
      "label": "Depression",
      "response": "{\n    \"thought\": \"The user is describing feelings of hopelessness, low self-esteem, and a struggle to complete daily tasks. They are also struggling with sleep and a lack of motivation to attend classes or study for exams. They express a desire to take a break from school but are afraid of their parents' disapproval. The user's tone is somewhat negative and they express a sense of emptiness.\",\n    \"result\": \"Depression\"\n}"
    },
    {
      "index": 50,
      "label": "Depression",
      "response": "{\n    \"thought\": \"The user is expressing feelings of anxiety and depression, as they mention bringing their friends down and feeling worse after venting their problems. They also mention not feeling good about themselves and feeling like they're not studying enough. These feelings are indicative of anxiety and depression. Additionally, the user mentions feeling better after talking to friends, which could indicate a need for social support, but they also feel worse after venting their problems, which could indicate a lack of coping skills or a tendency to ruminate on negative thoughts. These factors also contribute to anxiety and depression.\",\n    \"result\": \"Depression\"\n}"
    },
    {
      "index": 51,
      "label": "Depression",
      "response": "<answer>\n{\n    \"thought\": \"The user's post contains statements about being motivated but also feeling like ashell. They also mention not being able to pay by some people, which could indicate financial stress. These factors could contribute to depression, as individuals experiencing depression may feel a loss of motivation or energy, as well as financial stress.\",\n    \"result\": \"Depression\"\n}\n</answer>"
    },
    {
      "index": 52,
      "label": "Depression",
      "response": "{\n    \"thought\": \"The user's post reveals a disturbing situation involving a friend's sexual harassment/rape and the user's dilemma of cutting ties with their friend or hurting their relationship with their other friend. The user also mentions anxiety and feeling overwhelmed with their friend group thinning out.\",\n    \"result\": \"Anxiety\"\n}"
    },
    {
      "index": 53,
      "label": "Depression",
      "response": "{\n    \"thought\": \"The user's post expresses a feeling of being alone and in terror, with thoughts of wanting to reach out but being unable to do so. This suggests potential anxiety or depression.\",\n    \"result\": \"Depression\"\n}"
    },
    {
      "index": 54,
      "label": "Depression",
      "response": "<answer>\n{\n    \"thought\": \"The user is expressing feelings of worthlessness, anxiety, and trauma. They mention struggling with mental health issues and having trouble in school. They also express lashing out at people, which could indicate some anger issues. Overall, the user seems to be struggling with a lot of emotional pain and may be dealing with depression.\",\n    \"result\": \"Depression\"\n}\n</answer>"
    },
    {
      "index": 55,
      "label": "Depression",
      "response": "{\n    \"thought\": \"The user is expressing concern for a friend who is going through a divorce and has a history of depression. The user is also expressing their own feelings of depression and anxiety about how to support their friend from afar. The user is showing signs of anxiety and depression themselves, as well as concern for a friend's mental health. The user is also expressing feelings of helplessness and uncertainty about how to support their friend. The user is showing signs of emotional instability and struggle with mental health.\",\n    \"result\": \"Depression\"\n}"
    },
    {
      "index": 56,
      "label": "Depression",
      "response": "{\n    \"thought\": \"The user's posts indicate symptoms of depression such as a lack of motivation, feeling tired and sleepy all the time, difficulty concentrating, and a sense of emptiness. They also express feelings of self-doubt and criticism towards themselves. They mention feeling like they're wandering through life like a cloud, which suggests a lack of direction or purpose. The user also expresses a desire to achieve something but struggles to do so. There is also a mention of criticism towards others, which could be a defense mechanism to avoid self-reflection. The user expresses a sense of being misunderstood and criticized by others, which is common in depression. The mention of forests and nature could indicate a desire for solitude or a need to escape from the pressures of daily life.\",\n    \"result\": \"Depression\"\n}"
    },
    {
      "index": 57,
      "label": "Depression",
      "response": "{\n    \"thought\": \"The user is experiencing lack of motivation, stress, and social anxiety. They are also struggling with academic performance and have a history of being shy and socially isolated. The user's thoughts and behaviors align with symptoms of depression.\",\n    \"result\": \"Depression\"\n}"
    },
    {
      "index": 58,
      "label": "Depression",
      "response": "{\n    \"thought\": \"The user's post indicates a sense of hopelessness and helplessness, with feelings of being stuck in life and suicidal. There is also a mention of disappointment and exhaustion with life. The user also expresses a desire to have meaningful relationships and a career, but feels stuck and unable to move forward. These symptoms are consistent with depression, as the user is experiencing feelings of sadness, hopelessness, and a lack of motivation. Additionally, the user mentions having few close friends, which is also a common symptom of depression. Therefore, the mental disorder that best matches the user's post is Depression.\",\n    \"result\": \"Depression\"\n}"
    },
    {
      "index": 59,
      "label": "Depression",
      "response": "<answer>\n{\n    \"thought\": \"The user is expressing feelings of failure, isolation, and hopelessness. They also mention having a self-esteem issue that makes it difficult for them to function normally. They have recently been fired from their internship and are struggling to find a sense of purpose. They are seeking help from a psychologist and feel like a burden to others. They also mention feeling like a failure and that their future is collapsed. They are not sure how to move forward and are seeking other answers.\",\n    \"result\": \"Depression\"\n}\n</answer>"
    },
    {
      "index": 60,
      "label": "Offmychest",
      "response": "{\n    \"thought\": \"Based on the user's post, they are describing a life that seems perfect on the surface but they still feel depressed and cut themselves. They also mention a hard upbringing and feeling like they don't deserve happiness. These are all signs of depression. Additionally, the user mentions feeling like they have to work hard to achieve their goals, which is also a common theme in depression. Overall, the post suggests that the user may be experiencing depression.\",\n    \"result\": \"Depression\"\n}"
    },
    {
      "index": 61,
      "label": "Offmychest",
      "response": "<answer>\n{\n    \"thought\": \"Based on the post, the user seems to have a history of struggling with relationships and may have difficulty controlling their emotions. They mention not being able to get close to people and feeling like they are not good enough for relationships. This could indicate symptoms of depression or anxiety.\",\n    \"result\": \"Depression\"\n}\n</answer>"
    },
    {
      "index": 62,
      "label": "Offmychest",
      "response": "<answer>\n{\n    \"thought\": \"The user seems to be experiencing difficulty in forming and maintaining friendships, feeling ignored and unappreciated, and feeling frustrated with the lack of reciprocation from their friend. The user also seems to be experiencing difficulty in expressing themselves and feeling anxious about their relationships. These symptoms are consistent with anxiety disorder. \",\n    \"result\": \"Anxiety\"\n}\n</answer>"
    },
    {
      "index": 63,
      "label": "Offmychest",
      "response": "{\n    \"thought\": \"The user seems to be expressing feelings of loneliness and lack of fulfillment in their life. They mention spending money on drugs and alcohol and not having any drama or synchronization with others. They also express a desire to start the new year with authenticity.\",\n    \"result\": \"Anxiety\"\n}"
    },
    {
      "index": 64,
      "label": "Offmychest",
      "response": "{\n    \"thought\": \"The user is experiencing anxiety and stress due to financial problems and is also going through a difficult time with their cat's health. They are also struggling with the idea of moving back in with their family. The user's boyfriend is also experiencing urinary tract issues and is showing signs of depression and anxiety.\",\n    \"result\": \"Anxiety\"\n}"
    },
    {
      "index": 65,
      "label": "Offmychest",
      "response": "<answer>\n{\n    \"thought\": \"The user's post displays a sense of frustration and dissatisfaction with the government and its policies. The user also expresses a lack of faith in the country and its ability to provide for its citizens. These feelings of frustration and disillusionment are common among individuals with anxiety disorders.\",\n    \"result\": \"Anxiety\"\n}\n</answer>"
    },
    {
      "index": 66,
      "label": "Offmychest",
      "response": "{\n    \"thought\": \"The user is discussing racial tensions and the potential for violence and unrest. They seem to be concerned about the safety and well-being of minorities and Muslims. They also mention the potential for semi-automatic weaponry to be used in such situations. The user's tone is somewhat anxious and concerned.\",\n    \"result\": \"Anxiety\"\n}"
    },
    {
      "index": 67,
      "label": "Offmychest",
      "response": "<answer>\n{\n    \"thought\": \"The user is expressing anxiety about their mother's breast cancer diagnosis and upcoming surgery. They are also expressing fear and uncertainty about their husband's health.\",\n    \"result\": \"Anxiety\"\n}\n</answer>"
    },
    {
      "index": 68,
      "label": "Offmychest",
      "response": "{\n    \"thought\": \"The user is describing abusive behavior and expressing worry for someone else's well-being, but also admitting to feeling guilty about not doing more to help. This suggests a potential mental disorder such as Depression or Offmychest, as the user is expressing negative feelings about themselves and their ability to help others.\",\n    \"result\": \"Offmychest\"\n}"
    },
    {
      "index": 69,
      "label": "Offmychest",
      "response": "{\n    \"thought\": \"The user is expressing frustration and resentment in their relationship, feeling like they are drifting apart. They also mention feeling guilty and struggling with their own desires and needs. These are all common signs of depression.\",\n    \"result\": \"Depression\"\n}"
    },
    {
      "index": 70,
      "label": "Offmychest",
      "response": "{\n    \"thought\": \"The user's posts suggest that they are experiencing anxiety and depression due to their troubled family life and relationship issues. They also mention suicidal thoughts and feelings of worthlessness. The user's posts reveal a pattern of negative thinking and self-blame, which are common symptoms of depression. The user's posts also indicate that they are struggling with communication issues in their relationship and feel like they are not being heard or understood by their partner. These symptoms are consistent with anxiety and depression, and the user may be experiencing both mental health conditions simultaneously. Based on the content of the posts, the user's mental health condition is most likely Anxiety.\",\n    \"result\": \"Anxiety\"\n}"
    },
    {
      "index": 71,
      "label": "Offmychest",
      "response": "{\n    \"thought\": \"The user is describing a traumatic experience from their childhood involving sexual abuse. They are struggling to come to terms with this experience and the impact it has had on their life. They are feeling embarrassed and are struggling to deal with the emotions and trauma. They are also questioning their ability to cope with mental illness and the inability to move on from this experience.\",\n    \"result\": \"Depression\"\n}"
    },
    {
      "index": 72,
      "label": "Offmychest",
      "response": "{\n    \"thought\": \"The user's post contains vague and nonsensical phrases, which can be indicative of disorganized thinking and speech, a symptom of schizophrenia. However, the user's post also contains references to specific events and experiences, which can be indicative of anxiety or depression. The user's post also contains references to food, which can be indicative of obsessive-compulsive disorder. Considering all these factors, I believe the user is experiencing anxiety.\",\n    \"result\": \"Anxiety\"\n}"
    },
    {
      "index": 73,
      "label": "Offmychest",
      "response": "<answer>\n{\n    \"thought\": \"The user is showing signs of anxiety and depression due to the holiday season and the pressure of cooking for their family. They are feeling overwhelmed and anxious about the upcoming holidays and the responsibility of cooking for their family. They are also showing signs of depression due to the lack of mobility, dexterity, eyesight, and short-term memory which makes it difficult for them to cook and remember things.\",\n    \"result\": \"Depression\"\n}\n</answer>"
    },
    {
      "index": 74,
      "label": "Offmychest",
      "response": "{\n    \"thought\": \"Based on the user's post, they seem to be dealing with emotional distress and a lack of direction in their life. They mention being scared to commit to a relationship and unsure of their future. The post also references a traumatic event involving the death of someone close to them. The user seems to be struggling with mental health issues and may benefit from seeking professional help.\",\n    \"result\": \"Anxiety\"\n}"
    },
    {
      "index": 75,
      "label": "Offmychest",
      "response": "{\n    \"thought\": \"The user's post describes a traumatic experience where they were chased by a thief and had to stay at home. They also mention a gardening hobby which can be a coping mechanism for anxiety.\",\n    \"result\": \"Anxiety\"\n}"
    },
    {
      "index": 76,
      "label": "Offmychest",
      "response": "{\n    \"thought\": \"Based on the post, the user seems to be experiencing anxiety and depression. They mention feeling anxious and nervous, and having intrusive thoughts. They also express a desire to break up with their boyfriend, but feel that he is the only person who cares about them. The user also talks about their weight and how they feel like they are not capable of being happy. They mention feeling like they are the only one who cares about their standards being high. They also talk about how they are almost left with no one and feel like they are not happy. Based on these symptoms, it appears that the user may be experiencing anxiety and depression.\",\n    \"result\": \"Depression\"\n}"
    },
    {
      "index": 77,
      "label": "Offmychest",
      "response": "<answer>\n{\n    \"thought\": \"The user is experiencing anxiety and depression, with thoughts of homelessness and feeling unworthy. They are struggling to find a job and are feeling guilty about eating too much. The user is also experiencing feelings of hopelessness and despair.\",\n    \"result\": \"Depression\"\n}\n</answer>"
    },
    {
      "index": 78,
      "label": "Offmychest",
      "response": "<answer>\n{\n    \"thought\": \"The user's posts are expressing feelings of sadness and loneliness, indicating a potential depressive disorder. They also mention not being able to find stars or twinkle in the sky, which could be interpreted as a lack of hope or joy in their life.\",\n    \"result\": \"Depression\"\n}\n</answer>"
    },
    {
      "index": 79,
      "label": "Offmychest",
      "response": "{\n    \"thought\": \"The user appears to be expressing feelings of love and admiration towards someone, but also seems to be struggling with the changes brought about by technology. Additionally, the user mentions that they are not yet enjoying their life, which may indicate a sense of dissatisfaction or unhappiness.\",\n    \"result\": \"Depression\"\n}"
    },
    {
      "index": 80,
      "label": "SuicideWatch",
      "response": "{\n    \"thought\": \"The user has suicidal thoughts and is struggling with depression due to the loss of their family and the weight of their younger brother's death.\",\n    \"result\": \"Depression\"\n}"
    },
    {
      "index": 81,
      "label": "SuicideWatch",
      "response": "{\n    \"thought\": \"The user seems to be experiencing depression based on their post. They express feeling a burden on their girlfriend and family, and also mention depression. They also express regret for not being able to support their girlfriend properly.\",\n    \"result\": \"Depression\"\n}"
    },
    {
      "index": 82,
      "label": "SuicideWatch",
      "response": "{\n    \"thought\": \"The user's post shows signs of depression and suicidal thoughts. They mention a family member who died, and their own thoughts of suicide. They also mention being depressed and unsure of how to deal with it. This suggests that they may be experiencing symptoms of depression.\",\n    \"result\": \"Depression\"\n}"
    },
    {
      "index": 83,
      "label": "SuicideWatch",
      "response": "<answer>\n{\n    \"thought\": \"Based on the content of the posts, the user is experiencing a lot of emotional pain and distress due to various life events such as financial problems, family split, and death of a pet. The user also expresses a sense of hopelessness and helplessness in their situation. These symptoms are commonly associated with depression. Additionally, the user's use of phrases like \"barely holding together\" and \"absolutely debilitating\" suggest a significant impact on their mental health and emotional well-being. Therefore, the most appropriate mental disorder to match the user's situation is Depression.\",\n    \"result\": \"Depression\"\n}\n</answer>"
    },
    {
      "index": 84,
      "label": "SuicideWatch",
      "response": "{\n    \"thought\": \"The user mentions feeling despair, unrealistic goals, and suicide as an option, indicating potential depression and anxiety. However, the user also talks about writing and drawing, indicating creativity and potential bipolar disorder. The user also mentions socializing, indicating potential anxiety and depression. The user's language and tone are unclear and may require further analysis. Based on the available information, the mental disorder that best matches this user's posts is Depression.\",\n    \"result\": \"Depression\"\n}"
    },
    {
      "index": 85,
      "label": "SuicideWatch",
      "response": "<answer>\n{\n    \"thought\": \"The user's post shows signs of suicidal thoughts and depression. They mention that it would hurt their loved ones if they died and express a desire to end their life. They also mention feeling alone and having no one to turn to.\",\n    \"result\": \"SuicideWatch\"\n}\n</answer>"
    },
    {
      "index": 86,
      "label": "SuicideWatch",
      "response": "{\n    \"thought\": \"The user's post shows a history of helping others with suicidal thoughts and feelings of guilt and responsibility for their deaths. They also express feelings of inadequacy and self-blame. These behaviors and feelings are characteristic of individuals with depression.\",\n    \"result\": \"Depression\"\n}"
    },
    {
      "index": 87,
      "label": "SuicideWatch",
      "response": "{\n    \"thought\": \"The user seems to be concerned about a friend's son who is threatening suicide and needs help. The user is looking for ways to report this situation. The user also mentions a history of abuse in the friend's family. The user is struggling to learn a new language.\",\n    \"result\": \"Depression\"\n}"
    },
    {
      "index": 88,
      "label": "SuicideWatch",
      "response": "{\n    \"thought\": \"The user's post suggests feelings of hopelessness, self-harm, and suicidal thoughts. The user also mentions feeling worthless and a coward, which are common symptoms of depression. The user's post also indicates a lack of interest in living, which is another symptom of depression. The user's post does not indicate any specific thoughts or behaviors that would suggest anxiety, bipolar disorder, or offmychest. However, the user does mention a lack of reason to carry on, which could suggest suicidal thoughts. Therefore, the best match for this user's post is Depression.\",\n    \"result\": \"Depression\"\n}"
    },
    {
      "index": 89,
      "label": "SuicideWatch",
      "response": "{\n    \"thought\": \"Based on the content of the posts, the user seems to be experiencing severe anxiety and depression. They have been diagnosed with disorders and are undergoing therapy, but still feel neglected and ignored by their family members. They also mention being abused sexually, which could be contributing to their mental health issues. The user's writing style is erratic and difficult to understand, indicating potential cognitive difficulties. Additionally, the user's posts seem to be focused on revenge and negative emotions, which could be indicative of a mental disorder.\",\n    \"result\": \"Depression\"\n}"
    },
    {
      "index": 90,
      "label": "SuicideWatch",
      "response": "{\n    \"thought\": \"The user's post indicates feelings of depression, frustration, and isolation. They also mention money problems and a strained relationship with their father. These factors may contribute to feelings of anxiety and depression.\",\n    \"result\": \"Depression\"\n}"
    },
    {
      "index": 91,
      "label": "SuicideWatch",
      "response": "{\n    \"thought\": \"The user seems to be experiencing anxiety due to the fear of being judged by others and the pressure to maintain a perfect image on social media. The user also seems to be struggling with the past and the inability to change it, which can lead to depression. However, the user's tone is mostly focused on anxiety and the fear of being judged, so the best match for this user's mental disorder is Anxiety.\",\n    \"result\": \"Anxiety\"\n}"
    },
    {
      "index": 92,
      "label": "SuicideWatch",
      "response": "{\n    \"thought\": \"The user's posts show signs of procrastination and depression. They mention that they have a procrastination problem and that they are putting their family in debt due to their college expenses. They also mention that they don't know where this issue came from or how it started. They also mention that they find it hard to enjoy things and that they don't know what to do about it. These symptoms are consistent with depression, which is characterized by feelings of sadness, hopelessness, and lack of interest in activities that were once enjoyable.\",\n    \"result\": \"Depression\"\n}"
    },
    {
      "index": 93,
      "label": "SuicideWatch",
      "response": "<answer>\n{\n    \"thought\": \"The user's post suggests a high level of anxiety and depression, as they express a desire to end their life and are experiencing a lack of joy in their life. The user also expresses feelings of fear and uncertainty about what the future holds. Based on these symptoms, the most appropriate mental disorder to assess is depression.\",\n    \"result\": \"Depression\"\n}\n</answer>"
    },
    {
      "index": 94,
      "label": "SuicideWatch",
      "response": "{\n    \"thought\": \"The user seems to be experiencing a high level of stress and anxiety due to academic pressures and feeling overwhelmed. They also seem to be struggling with feelings of inadequacy and frustration with their situation. This could potentially lead to depression if not addressed.\",\n    \"result\": \"Depression\"\n}"
    },
    {
      "index": 95,
      "label": "SuicideWatch",
      "response": "<answer>\n{\n    \"thought\": \"The user seems to be experiencing anxiety and depression, as they mention feeling socially awkward, being bullied, and having suicidal thoughts. They also mention feeling unwelcome and having a hard time bonding with their siblings. Additionally, they mention feeling unimportant and unworthy, and feeling like they can't get help because of their social anxiety. This could indicate a possible anxiety disorder and depression.\",\n    \"result\": \"Depression\"\n}\n</answer>"
    },
    {
      "index": 96,
      "label": "SuicideWatch",
      "response": "{\n    \"thought\": \"The user is expressing feelings of loneliness and helplessness, and is considering taking their own life. This indicates a potential risk of suicide. However, there are also indications of hopelessness and despair, which are common symptoms of depression. The user also mentions being unable to find answers to their problems, which can also be associated with anxiety. Overall, the user's posts suggest a complex mental state with potential risks of suicide and depression.\",\n    \"result\": \"SuicideWatch\"\n}"
    },
    {
      "index": 97,
      "label": "SuicideWatch",
      "response": "{\n    \"thought\": \"The user is contemplating suicide and expressing feelings of emotional turmoil and desensitization to self-harm. They also mention feeling drained and struggling with individual care, indicating a potential depressive state. However, the user's focus on suicide and emotional turmoil makes suicide watch the most appropriate choice.\",\n    \"result\": \"SuicideWatch\"\n}"
    },
    {
      "index": 98,
      "label": "SuicideWatch",
      "response": "{\n    \"thought\": \"Based on the content of the user's posts, the user is experiencing anxiety. The user is concerned about the future and is worried about what will happen. They are also experiencing stress and are not feeling good about themselves.\",\n    \"result\": \"Anxiety\"\n}"
    },
    {
      "index": 99,
      "label": "SuicideWatch",
      "response": "{\n    \"thought\": \"The user seems to be experiencing feelings of hurt and anger towards someone, possibly a toxic person in their life. They also mention that they are not spending time with anyone, which could be indicative of depression or social isolation. However, the overall tone of the post is more focused on anger and hurt towards someone, rather than feelings of sadness or despair.\",\n    \"result\": \"Offmychest\"\n}"
    }
  ]
}