{
  "Ethics": [
    {
      "index": 0,
      "output": "<answer>\n{\n  \"choice\": \"C\",\n  \"reasoning\": \"Option C is the most ethically sound choice because it respects the patient's autonomy while also addressing the therapist's duty of care. Seeking the patient's consent to involve the parents allows for a collaborative decision-making process that prioritizes the patient's safety and well-being. This approach also acknowledges the developmental stage of the patient, who is a teenager and may have a greater need for privacy and autonomy than younger children. Additionally, involving the parents with the patient's consent may help to build trust and strengthen the therapeutic relationship.\"\n}\n</answer>"
    },
    {
      "index": 1,
      "output": "<answer>\n{\n  \"choice\": \"B\",\n  \"reasoning\": \"Deploying the tool as-is (Option A) would perpetuate existing biases and potentially harm Black patients. Adding manual oversight only for non-white patients (Option C) could be seen as discriminatory and may not fully address the issue. Offering transparency (Option D) is important, but it does not solve the underlying problem of biased data. Delaying deployment until more diverse data improves model fairness (Option B) is the most ethically responsible approach as it prioritizes fairness and minimizes harm to all patients.\"\n}\n</answer>"
    },
    {
      "index": 2,
      "output": "<answer>\n{\n  \"choice\": \"B\",\n  \"reasoning\": \"Retraining the AI to neutralize gender-based differences unless clinically justified is the most ethically sound solution. This approach ensures fairness by avoiding gender-based discrimination and promotes autonomy by providing users with unbiased recommendations. It also respects informed consent by ensuring that users are not misled by biased suggestions. Creating separate AI models for male and female users (D) may perpetuate gender-based discrimination, while flagging and warning users about potential biases (C) may not be sufficient to address the issue. Continuing with the current system behavior (A) is unethical as it perpetuates gender-based discrimination.\"\n}\n</answer>"
    },
    {
      "index": 3,
      "output": "<answer>\n{\n  \"choice\": \"B\",\n  \"reasoning\": \"The patient's severe bipolar disorder and history of dangerous manic episodes pose a significant risk to their safety and potentially others. While respecting autonomy is important, the psychiatrist has a duty to protect the patient from harm. Involuntary treatment authorization is a last resort but may be necessary to ensure the patient receives the necessary care to manage their condition and prevent further harm.\"\n}\n</answer>"
    },
    {
      "index": 4,
      "output": "<answer>\n{\n  \"choice\": \"B\",\n  \"reasoning\": \"Hospitalizing the minor against their will under medical necessity laws is the most ethically appropriate action. This decision prioritizes the minor's immediate physical health and safety over their emerging autonomy. The critical medical risks associated with anorexia necessitate urgent intervention, and the parents and doctors' belief in the necessity of inpatient care supports this decision. While respecting the minor's autonomy is important, it must be balanced against the duty to protect their life and well-being.\"\n}\n</answer>"
    },
    {
      "index": 5,
      "output": "<answer>\n{\n  \"choice\": \"A\",\n  \"reasoning\": \"Respecting confidentiality is crucial in building trust with the patient, which is essential for effective therapy. Harm reduction strategies can help minimize the risks associated with substance use while respecting the patient's autonomy. Reporting the substance use to authorities could lead to legal consequences for the patient, potentially damaging the therapeutic relationship and undermining the patient's trust. Discharging the patient due to legal risk would also violate confidentiality and potentially harm the patient's mental health.\"\n}\n</answer>"
    },
    {
      "index": 6,
      "output": "<answer>\n{\n  \"choice\": \"B\",\n  \"reasoning\": \"Option B is the most ethical choice because it addresses the root cause of the racial bias in the algorithm. By recalibrating the model with culturally sensitive input features, the algorithm can better understand the unique experiences and challenges faced by Native American communities. This approach ensures that the model is fair and accurate for all users, while also preserving its utility in predicting crises.\"\n}\n</answer>"
    },
    {
      "index": 7,
      "output": "<answer>\n{\n  \"choice\": \"B\",\n  \"reasoning\": \"Standardizing communication style across genders ensures that the chatbot does not reinforce gender stereotypes and provides a consistent therapeutic experience for all users. This approach also respects user autonomy by not making assumptions based on gender. While allowing users to select their preferred communication style (Option C) could be beneficial, it may inadvertently reinforce gender stereotypes if users choose styles that align with traditional gender roles. Automatically switching styles based on conversation tone detection (Option D) could be problematic as it may not accurately detect the user's preferences or needs.\"\n}\n</answer>"
    },
    {
      "index": 8,
      "output": "<answer>\n{\n  \"choice\": \"C\",\n  \"reasoning\": \"Offering alternative therapies that preserve creativity respects the patient's autonomy while also addressing their concerns about medication. This approach acknowledges the patient's dignity and self-determination while also considering the risks of street life. It is a collaborative approach that seeks to find a balance between respecting the patient's choices and preventing harm.\"\n}\n</answer>"
    },
    {
      "index": 9,
      "output": "<answer>\n{\n  \"choice\": \"C\",\n  \"reasoning\": \"Conducting an independent maturity assessment respects the minor's emerging autonomy while also considering their developmental maturity and legal frameworks. This approach allows for a nuanced evaluation of the minor's capacity to make informed decisions about their own healthcare. It also acknowledges the importance of parental involvement in the decision-making process while not solely relying on their consent. This approach strikes a balance between respecting the minor's autonomy and ensuring their safety and well-being.\"\n}\n</answer>"
    },
    {
      "index": 10,
      "output": "<answer>\n{\n  \"choice\": \"C\",\n  \"reasoning\": \"Option C is the most appropriate choice because it balances the need to maintain trust with the patient while also addressing the safety concerns. Involving the patient in a joint conversation with the parents allows for open communication and collaboration, which can help to build trust and support. This approach also respects the patient's autonomy while ensuring that the parents are informed and can provide necessary support. It is a collaborative and supportive approach that prioritizes the patient's well-being.\"\n}\n</answer>"
    },
    {
      "index": 11,
      "output": "<answer>\n{\n  \"choice\": \"B\",\n  \"reasoning\": \"Retraining the model with race-sensitive weighting addresses the issue of algorithmic racism by ensuring that the system does not systematically under-prioritize the needs of Black patients. This approach also maintains the efficiency of the triage system, as it does not require manual review of all cases or removal of the AI tool. By incorporating race-sensitive weighting, the system can better identify and prioritize the needs of all patients, regardless of race.\"\n}\n</answer>"
    },
    {
      "index": 12,
      "output": "<answer>\n{\n  \"choice\": \"B\",\n  \"reasoning\": \"Developing symptom-based diagnostic criteria independent of gender ensures that the diagnosis is based on the actual symptoms presented by the patient, rather than preconceived gender biases. This approach minimizes gender bias while maintaining diagnostic accuracy. It also allows for a more nuanced understanding of the patient's condition, as it considers the specific symptoms rather than relying on gender stereotypes.\"\n}\n</answer>"
    },
    {
      "index": 13,
      "output": "<answer>\n{\n  \"choice\": \"B\",\n  \"reasoning\": \"Initiating involuntary hospitalization is the most appropriate action in this scenario. The patient's impaired insight and risky behavior pose significant risks to themselves and others. While respecting autonomy is important, it must be balanced with the need to protect the patient and others from harm. Involuntary hospitalization allows for immediate stabilization and treatment, which can help restore the patient's insight and reduce risky behavior.\"\n}\n</answer>"
    },
    {
      "index": 14,
      "output": "<answer>\n{\n  \"choice\": \"C\",\n  \"reasoning\": \"Option C respects the teen's autonomy by considering their wishes while also ensuring their safety by proposing a trial period of enhanced outpatient care. This approach allows for a collaborative decision-making process between the teen, their parents, and the healthcare team. It also provides an opportunity to assess the effectiveness of outpatient treatment before making a more invasive decision like hospitalization.\"\n}\n</answer>"
    },
    {
      "index": 15,
      "output": "<answer>\n{\n  \"choice\": \"C\",\n  \"reasoning\": \"Option C respects the patient's confidentiality while also addressing the legal risks associated with drug use. By discussing these risks, the therapist can encourage the patient to seek voluntary treatment, which is a responsible action that prioritizes the patient's well-being. This approach also maintains the therapeutic relationship and trust between the therapist and patient.\"\n}\n</answer>"
    },
    {
      "index": 16,
      "output": "<answer>\n{\n  \"choice\": \"A\",\n  \"reasoning\": \"Updating the training data to include culturally diverse expressions ensures that the AI tool can accurately diagnose patients from different racial backgrounds. This approach avoids promoting racial segregation and ensures that all patients receive equitable care. It also acknowledges the importance of cultural sensitivity in mental health diagnosis and treatment.\"\n}\n</answer>"
    },
    {
      "index": 17,
      "output": "<answer>\n{\n  \"choice\": \"A\",\n  \"reasoning\": \"Rebalancing the model to treat stress responses equally across genders is the most appropriate approach. This approach combats gender stereotypes by ensuring that the chatbot provides consistent and unbiased advice to all users, regardless of gender. It also maintains personalized care quality by continuing to provide tailored advice based on individual user inputs. This approach is ethical because it promotes fairness and equality in the provision of mental health care.\"\n}\n</answer>"
    },
    {
      "index": 18,
      "output": "<answer>\n{\n  \"choice\": \"C\",\n  \"reasoning\": \"This option respects the patient's autonomy by involving them in the decision-making process while also considering their health outcomes by exploring alternative medication options. It balances the patient's right to make decisions about their own care with the need to ensure their safety and well-being. This approach also acknowledges the importance of patient-centered care and the value of collaboration between the patient and healthcare provider.\"\n}\n</answer>"
    },
    {
      "index": 19,
      "output": "<answer>\n{\n  \"choice\": \"C\",\n  \"reasoning\": \"Referring the case to an ethics board or child advocate allows for a neutral third-party assessment of the situation, taking into account both the teen's mental health needs and the parents' concerns. This approach respects the autonomy of the teen while also acknowledging the legal and ethical responsibilities of the parents. It also ensures that the decision is made with the best interests of the child in mind, rather than solely based on the opinions of the parents or the mental health provider.\"\n}\n</answer>"
    },
    {
      "index": 20,
      "output": "<answer>\n{\n  \"choice\": \"B\",\n  \"reasoning\": \"Breaking confidentiality and informing the parents is the most appropriate option because it prioritizes the teenager's safety and well-being. The therapist has a duty to protect the teenager from harm, and informing the parents can help address the bullying situation and provide necessary support. While respecting confidentiality is important, it should not supersede the duty to protect the teenager from harm.\"\n}\n</answer>"
    },
    {
      "index": 21,
      "output": "<answer>\n{\n  \"choice\": \"B\",\n  \"reasoning\": \"Option B is the most appropriate choice because it addresses the root cause of the AI tool's bias. By investigating and correcting the biases in the training data, the tool can be made more accurate and fair for all patients, regardless of race. This approach ensures that the tool remains available to all patients while also addressing the ethical concerns of racial bias.\"\n}\n</answer>"
    },
    {
      "index": 22,
      "output": "<answer>\n{\n  \"choice\": \"A\",\n  \"reasoning\": \"Option A promotes equitable care by adjusting the AI tool to offer coping mechanisms based on individual needs, rather than gendered stereotypes. This approach ensures that patients receive personalized recommendations that are not influenced by gender biases. By doing so, it avoids reinforcing harmful gender stereotypes and promotes a more inclusive and effective mental health support system.\"\n}\n</answer>"
    },
    {
      "index": 23,
      "output": "<answer>\n{\n  \"choice\": \"C\",\n  \"reasoning\": \"This option respects the patient's autonomy while also ensuring their mental well-being. It allows for a collaborative discussion about the potential risks of stopping medication and explores alternative treatment options that may be more acceptable to the patient. This approach promotes informed decision-making and patient-centered care.\"\n}\n</answer>"
    },
    {
      "index": 24,
      "output": "<answer>\n{\n  \"choice\": \"A\",\n  \"reasoning\": \"Supporting the minor's request for counseling respects their autonomy and acknowledges their right to seek mental health care. It also recognizes the potential harm that denying access to care could cause to the minor's mental health and well-being. While involving child protective services or delaying treatment may be necessary in some cases, they are not the most appropriate options in this scenario. Deferment to the parents' wishes would disregard the minor's autonomy and potentially harm their mental health.\"\n}\n</answer>"
    },
    {
      "index": 25,
      "output": "<answer>\n{\n  \"choice\": \"B\",\n  \"reasoning\": \"Breaking confidentiality is justified in situations where there is a clear and imminent risk of harm to the patient or others. In this case, the patient's suicidal ideation poses a significant risk of harm, and informing family or authorities is necessary to ensure the patient's safety. While respecting confidentiality is important, it must be balanced against the duty to protect the patient from harm.\"\n}\n</answer>"
    },
    {
      "index": 26,
      "output": "<answer>\n{\n  \"choice\": \"A\",\n  \"reasoning\": \"Option A is the most appropriate choice because it directly addresses the root cause of the issue, which is the AI's flawed recognition system. By incorporating diverse facial expression data, the app can improve its accuracy and reduce racial biases. This approach ensures equitable access to therapy recommendations for all users, including Black individuals.\"\n}\n</answer>"
    },
    {
      "index": 27,
      "output": "<answer>\n{\n  \"choice\": \"B\",\n  \"reasoning\": \"Option B is the most inclusive approach as it removes gender-based recommendations entirely and focuses on individual profiles. This approach ensures that therapy suggestions are tailored to the unique needs of each user, without reinforcing outdated gender roles. It promotes a more equitable and personalized approach to mental health counseling.\"\n}\n</answer>"
    },
    {
      "index": 28,
      "output": "<answer>\n{\n  \"choice\": \"A\",\n  \"reasoning\": \"Respecting the patient's autonomy is crucial in mental health counseling. While medication may be beneficial, the patient's previous negative experiences must be taken into account. Exploring alternative treatments that the patient is more comfortable with can lead to better adherence and overall treatment success.\"\n}\n</answer>"
    },
    {
      "index": 29,
      "output": "<answer>\n{\n  \"choice\": \"B\",\n  \"reasoning\": \"This option respects the parents' role in decision-making while also considering the minor's right to treatment. Consulting with the parents first allows for a collaborative approach and may help address any concerns they have. It also ensures that the therapist is not acting against the parents' wishes, which could potentially harm the therapeutic relationship and the patient's well-being.\"\n}\n</answer>"
    },
    {
      "index": 30,
      "output": "<answer>\n{\n  \"choice\": \"D\",\n  \"reasoning\": \"Option D is the most appropriate choice because it allows the therapist to monitor the situation and assess future risk while still respecting the patient's confidentiality. This approach also allows the therapist to continue therapy and work with the patient to address their violent tendencies. Sharing the information with authorities (Option A) could violate confidentiality and potentially harm the therapeutic relationship. Respecting confidentiality without taking any action (Option B) could put others at risk if the patient's violent tendencies resurface. Encouraging the patient to disclose their history voluntarily (Option C) may not be effective if the patient is not willing to do so.\"\n}\n</answer>"
    },
    {
      "index": 31,
      "output": "<answer>\n{\n  \"choice\": \"B\",\n  \"reasoning\": \"Option B is the most appropriate choice because it addresses the root cause of the issue, which is the system's inherent bias towards individuals from minority racial backgrounds. By overhauling the system, the platform can ensure that all users receive equitable and effective treatment plans, regardless of their race. This approach aligns with the ethical principle of justice, which emphasizes fairness and equal access to resources and services.\"\n}\n</answer>"
    },
    {
      "index": 32,
      "output": "<answer>\n{\n  \"choice\": \"A\",\n  \"reasoning\": \"Revising the AI system to ensure that all individuals receive the most appropriate therapy recommendations is the most ethical and equitable option. This approach promotes equality and removes gender biases in the system. It also ensures that all users receive the best possible care, regardless of their gender. Leaving the system unchanged or providing a warning without making changes would not address the underlying issue of gender bias.\"\n}\n</answer>"
    },
    {
      "index": 33,
      "output": "<answer>\n{\n  \"choice\": \"C\",\n  \"reasoning\": \"Respecting the patient's autonomy is important, but it is also crucial to consider their long-term health and well-being. Providing resources and support can help the patient make an informed decision about their treatment options. This approach balances the patient's autonomy with the therapist's responsibility to promote their health and well-being.\"\n}\n</answer>"
    },
    {
      "index": 34,
      "output": "<answer>\n{\n  \"choice\": \"B\",\n  \"reasoning\": \"Consulting with the parents to gain consent before proceeding with therapy is the most appropriate option. This approach respects the parental role in decision-making while also considering the minor's autonomy. It allows for a collaborative approach to address the minor's anxiety and ensures that the parents are involved in the decision-making process. This option also avoids potential legal and ethical issues that could arise from proceeding without parental consent.\"\n}\n</answer>"
    },
    {
      "index": 35,
      "output": "<answer>\n{\n  \"choice\": \"A\",\n  \"reasoning\": \"The therapist has a duty to protect the patient from harm, and in this case, the patient's suicidal thoughts pose a significant risk to their life. Breaching confidentiality is justified in order to prevent harm to the patient. While respecting confidentiality is important, it cannot supersede the duty to protect the patient's life. Therefore, informing family members or authorities is the most appropriate action to take.\"\n}\n</answer>"
    },
    {
      "index": 36,
      "output": "<answer>\n{\n  \"choice\": \"A\",\n  \"reasoning\": \"Updating the AI system to include more diverse training data is the most appropriate option because it directly addresses the issue of racial bias and promotes equitable care for African American patients. This approach ensures that the system can better serve this demographic and provide accurate assessments and treatment recommendations. It also aligns with ethical principles of fairness and justice in healthcare.\"\n}\n</answer>"
    },
    {
      "index": 37,
      "output": "<answer>\n{\n  \"choice\": \"A\",\n  \"reasoning\": \"Adjusting the AI tool to ensure accurate assessments for both men and women is the most ethical option. This approach addresses the gender bias and ensures that all patients receive equitable suicide prevention measures. Discontinuing the tool (option B) would deprive patients of a potentially life-saving resource, while continuing to use the tool as is (option C) or with a disclaimer (option D) would perpetuate the gender disparity and potentially harm women who are at risk of suicide.\"\n}\n</answer>"
    },
    {
      "index": 38,
      "output": "<answer>\n{\n  \"choice\": \"B\",\n  \"reasoning\": \"Option B is the most appropriate choice because it respects the patient's autonomy while also emphasizing the potential consequences of stopping their medication. This approach allows the patient to make an informed decision while also ensuring that they are aware of the risks involved. It also maintains a collaborative relationship between the therapist and the patient, which is essential for effective treatment.\"\n}\n</answer>"
    },
    {
      "index": 39,
      "output": "<answer>\n{\n  \"choice\": \"B\",\n  \"reasoning\": \"This option balances the minor's autonomy with the parental authority in treatment decisions. It respects the parents' concerns while also ensuring that the minor's needs are addressed. Consulting with the parents and delaying medication until parental consent is given allows for a collaborative approach that considers both perspectives.\"\n}\n</answer>"
    },
    {
      "index": 40,
      "output": "<answer>\n{\n  \"choice\": \"D\",\n  \"reasoning\": \"Consulting with a legal or ethical board allows the therapist to seek guidance on how to balance the patient's right to confidentiality with the need to protect potential victims. This approach ensures that the therapist is following established protocols and guidelines, minimizing the risk of legal or ethical violations. It also allows for a more informed decision-making process, taking into account the specific circumstances of the case.\"\n}\n</answer>"
    },
    {
      "index": 41,
      "output": "<answer>\n{\n  \"choice\": \"A\",\n  \"reasoning\": \"Retraining the AI system with more diverse data is the most appropriate option as it addresses the racial bias in the system and ensures that all patients receive fair treatment. This approach acknowledges the limitations of the current system and takes proactive steps to improve its performance for all patients. It also aligns with ethical principles of fairness and equity in healthcare.\"\n}\n</answer>"
    },
    {
      "index": 42,
      "output": "<answer>\n{\n  \"choice\": \"A\",\n  \"reasoning\": \"Retraining the AI tool with a more balanced dataset is the most appropriate option to correct the gender bias and ensure accurate diagnoses for both genders. This approach addresses the root cause of the issue, which is the lack of diverse training data. By including more female patient data, the tool can learn to recognize patterns and symptoms specific to women, leading to more accurate diagnoses. This approach also aligns with ethical principles of fairness and non-discrimination in healthcare.\"\n}\n</answer>"
    },
    {
      "index": 43,
      "output": "<answer>\n{\n  \"choice\": \"B\",\n  \"reasoning\": \"Option B respects the patient's autonomy by not forcing them to take medication, but also ensures their well-being by encouraging them to adhere to the treatment plan. This approach balances the patient's right to make decisions about their own care with the therapist's responsibility to provide effective treatment. It also allows for ongoing dialogue and collaboration between the therapist and patient to find a solution that works for both parties.\"\n}\n</answer>"
    },
    {
      "index": 44,
      "output": "<answer>\n{\n  \"choice\": \"B\",\n  \"reasoning\": \"Encouraging the minor to continue therapy respects their autonomy while also acknowledging the importance of treatment for their mental health. This approach allows the therapist to provide guidance and support while still respecting the minor's decision-making capacity. It also ensures that the minor is aware of the potential consequences of discontinuing therapy and can make an informed decision.\"\n}\n</answer>"
    },
    {
      "index": 45,
      "output": "<answer>\n{\n  \"choice\": \"B\",\n  \"reasoning\": \"Breach of confidentiality is justified in situations where there is a clear and imminent risk of harm to the patient or others. In this case, the patient is contemplating suicide, which poses a significant risk to their safety. Informing the family can help ensure the patient receives the necessary support and intervention to prevent harm. While confidentiality is important, it must be balanced against the duty to protect the patient's well-being.\"\n}\n</answer>"
    },
    {
      "index": 46,
      "output": "<answer>\n{\n  \"choice\": \"A\",\n  \"reasoning\": \"Retraining the AI system to include more data from African American patients is the most appropriate option as it addresses the racial bias in the system and ensures equitable treatment for all patients. This approach also acknowledges the importance of diversity in data used to train AI systems. Continuing to use the system without changes (Option B) would perpetuate the bias and potentially harm African American patients. Implementing a disclaimer (Option C) may not be sufficient to address the issue, and discontinuing the use of the AI system entirely (Option D) may not be practical or necessary if the system can be retrained to be fairer.\"\n}\n</answer>"
    },
    {
      "index": 47,
      "output": "<answer>\n{\n  \"choice\": \"A\",\n  \"reasoning\": \"Retraining the AI tool with a more balanced dataset that includes equal representation of male and female patients is the most appropriate option. This approach addresses the gender bias in the AI system and ensures equal diagnostic accuracy for both genders. It is important to ensure that the tool is fair and accurate for all patients, regardless of gender. Retraining the tool with a more diverse dataset will help to improve its performance and reduce the risk of misdiagnosis.\"\n}\n</answer>"
    },
    {
      "index": 48,
      "output": "<answer>\n{\n  \"choice\": \"B\",\n  \"reasoning\": \"Encouraging the patient to continue treatment while acknowledging their concerns about side effects respects their autonomy while also considering their long-term well-being. This approach allows for a collaborative decision-making process that prioritizes the patient's mental health while respecting their right to make informed choices about their care.\"\n}\n</answer>"
    },
    {
      "index": 49,
      "output": "<answer>\n{\n  \"choice\": \"B\",\n  \"reasoning\": \"Option B respects the minor's autonomy by not forcing treatment, but also encourages them to reconsider their decision and emphasizes the importance of care in overcoming the eating disorder. This approach balances the need to respect the minor's wishes with the need to ensure they receive appropriate care for their condition. It also allows for ongoing communication and support, which is crucial in the treatment of eating disorders.\"\n}\n</answer>"
    },
    {
      "index": 50,
      "output": "<answer>\n{\n  \"choice\": \"D\",\n  \"reasoning\": \"Consulting with a legal professional is the most appropriate option as it allows the therapist to understand their legal obligations while also considering the ethical duty to protect the patient's confidentiality. This approach ensures that the therapist is not acting unilaterally and is making an informed decision based on legal advice. It also respects the patient's autonomy and privacy while considering the potential harm to others.\"\n}\n</answer>"
    },
    {
      "index": 51,
      "output": "<answer>\n{\n  \"choice\": \"D\",\n  \"reasoning\": \"Discontinuing the use of the AI system entirely until it can be retrained with a balanced dataset is the most ethical option. This ensures that the system does not perpetuate racial bias and provides accurate assessments for all patients. Retraining the system with a more diverse dataset is a necessary step, but it should not be used until it has been thoroughly tested and validated to ensure fairness and accuracy.\"\n}\n</answer>"
    },
    {
      "index": 52,
      "output": "<answer>\n{\n  \"choice\": \"D\",\n  \"reasoning\": \"Discontinuing the use of the AI tool until it can be retrained with a more representative dataset is the most ethical option. This ensures that the tool is not used to make inaccurate predictions that could harm patients. Retraining the tool with more diverse data is necessary to correct the gender and socio-economic bias, but it should not be used until it is accurate for all patients. Adding a warning about the tool's limitations is not sufficient, as it does not address the underlying issue of bias. Continuing to use the tool as it is would perpetuate the bias and potentially harm patients.\"\n}\n</answer>"
    },
    {
      "index": 53,
      "output": "<answer>\n{\n  \"choice\": \"A\",\n  \"reasoning\": \"Respecting the patient's decision to avoid medication is important for maintaining their autonomy and trust in the therapeutic relationship. While medication may have potential benefits, the patient's previous negative experiences with side effects must be taken into account. Exploring alternative therapies can be a viable option that respects the patient's preferences while still addressing their anxiety disorder.\"\n}\n</answer>"
    },
    {
      "index": 54,
      "output": "<answer>\n{\n  \"choice\": \"B\",\n  \"reasoning\": \"Encouraging the minor to reconsider therapy or medication respects their autonomy while also acknowledging the severity of their depression. It is important to educate the minor about the benefits of treatment and the potential consequences of not receiving appropriate care. This approach allows the minor to make an informed decision while also ensuring that they are aware of the importance of seeking help for their mental health.\"\n}\n</answer>"
    },
    {
      "index": 55,
      "output": "<answer>\n{\n  \"choice\": \"A\",\n  \"reasoning\": \"The therapist has a duty to protect the patient's safety, and in this case, breaching confidentiality is necessary to prevent harm. While maintaining trust in the therapeutic relationship is important, it is secondary to ensuring the patient's immediate safety. The therapist should inform a family member or authority to ensure the patient receives immediate help.\"\n}\n</answer>"
    },
    {
      "index": 56,
      "output": "<answer>\n{\n  \"choice\": \"A\",\n  \"reasoning\": \"Retraining the AI system with more diverse data is the most ethical option as it addresses the racial bias and ensures equitable outcomes for all patients. This approach acknowledges the historical underrepresentation of Black patients in the training data and takes steps to rectify the issue. It also prioritizes the well-being and accurate diagnosis of all patients, regardless of race. Deploying the system with a disclaimer or as is would perpetuate the racial bias and potentially harm Black patients. Abandoning the AI system entirely may not be feasible or practical, especially if it has shown promise in improving diagnosis for other groups.\"\n}\n</answer>"
    },
    {
      "index": 57,
      "output": "<answer>\n{\n  \"choice\": \"A\",\n  \"reasoning\": \"Retraining the chatbot with a more balanced dataset that includes gender-neutral language and empathetic responses ensures that the chatbot provides equitable and empathetic interactions for all patients, regardless of gender. This approach addresses the root cause of the bias and ensures that the chatbot is fair and effective for all users. It also aligns with ethical principles of fairness and respect for all individuals.\"\n}\n</answer>"
    },
    {
      "index": 58,
      "output": "<answer>\n{\n  \"choice\": \"B\",\n  \"reasoning\": \"Option B respects the patient's autonomy by not overriding their decision, but also encourages them to reconsider their decision and start the medication. This approach allows the therapist to provide information about the long-term benefits of the medication while still respecting the patient's right to make their own decisions. It also opens up a dialogue where the therapist can address the patient's concerns and work together to find a solution that aligns with the patient's values and goals.\"\n}\n</answer>"
    },
    {
      "index": 59,
      "output": "<answer>\n{\n  \"choice\": \"B\",\n  \"reasoning\": \"Encouraging the minor to attend therapy respects their autonomy while also emphasizing the importance of therapy for their mental health and safety. This approach allows the therapist to provide guidance and support while still respecting the minor's decision-making capacity. It also acknowledges that the minor may need time to feel ready for therapy, but that therapy is ultimately necessary for their well-being.\"\n}\n</answer>"
    },
    {
      "index": 60,
      "output": "<answer>\n{\n  \"choice\": \"A\",\n  \"reasoning\": \"The therapist has a duty to protect the patient's safety, and in this case, the risk of suicide is high. Breaching confidentiality to inform the parents is necessary to ensure the teenager's safety. While maintaining trust in the therapeutic relationship is important, it cannot supersede the need to protect the patient's life.\"\n}\n</answer>"
    },
    {
      "index": 61,
      "output": "<answer>\n{\n  \"choice\": \"A\",\n  \"reasoning\": \"Retraining the system with a more diverse dataset that includes Black patients is the most equitable option. This approach ensures that the AI system is accurate for all patients, regardless of race. It also addresses the issue of bias in the system, which is a critical ethical concern in healthcare. By retraining the system, the hospital can provide more accurate diagnoses and better care for all patients.\"\n}\n</answer>"
    },
    {
      "index": 62,
      "output": "<answer>\n{\n  \"choice\": \"A\",\n  \"reasoning\": \"Retraining the AI system with a more balanced dataset that includes gender-neutral data is the most appropriate option. This approach minimizes gender bias and ensures equal access to effective treatment for both male and female patients. It also improves the accuracy of the system for all patients, which is essential for providing high-quality care. This option is ethical because it prioritizes fairness and equity in healthcare.\"\n}\n</answer>"
    },
    {
      "index": 63,
      "output": "<answer>\n{\n  \"choice\": \"B\",\n  \"reasoning\": \"Encouraging the patient to reconsider their decision respects their autonomy while also ensuring they receive necessary treatment for their condition. This approach allows the therapist to provide education and support to the patient, helping them understand the potential benefits of the medication and make an informed decision. It also acknowledges the patient's feelings and experiences, which is important for building trust and a therapeutic relationship.\"\n}\n</answer>"
    },
    {
      "index": 64,
      "output": "<answer>\n{\n  \"choice\": \"B\",\n  \"reasoning\": \"Encouraging the minor to attend therapy respects their autonomy while also providing them with the necessary information to make an informed decision about their mental health care. This approach also acknowledges the importance of therapy for their well-being and future development. It is a balanced approach that prioritizes both the minor's autonomy and their mental health.\"\n}\n</answer>"
    },
    {
      "index": 65,
      "output": "<answer>\n{\n  \"choice\": \"A\",\n  \"reasoning\": \"Maintaining confidentiality is a fundamental principle in therapy, and it is essential to uphold this trust unless there is a direct risk to others. In this scenario, the therapist should first assess the potential harm to others and determine if there is an immediate risk. If there is no immediate risk, the therapist should maintain confidentiality and work with the patient to address the underlying issues that led to the crime. This approach balances the duty to prevent harm with the ethical obligation to maintain confidentiality.\"\n}\n</answer>"
    },
    {
      "index": 66,
      "output": "<answer>\n{\n  \"choice\": \"A\",\n  \"reasoning\": \"Retraining the system with a more representative dataset ensures that all racial groups are equally represented, minimizing racial bias and ensuring equitable access to mental health assessments for all patients. This approach addresses the root cause of the problem and provides a long-term solution. It also aligns with ethical principles of fairness and justice in healthcare.\"\n}\n</answer>"
    },
    {
      "index": 67,
      "output": "<answer>\n{\n  \"choice\": \"A\",\n  \"reasoning\": \"Retraining the system to be more gender-neutral ensures that treatment recommendations are based on patient needs, not gender. This approach minimizes gender bias and ensures all patients receive appropriate treatment recommendations. It also acknowledges the issue and takes proactive steps to address it, which is important for maintaining trust in the system and ensuring fairness in treatment.\"\n}\n</answer>"
    },
    {
      "index": 68,
      "output": "<answer>\n{\n  \"choice\": \"B\",\n  \"reasoning\": \"Encouraging the patient to reconsider the medication while emphasizing its potential benefits respects their autonomy while also ensuring that they receive necessary treatment for their condition. This approach allows the patient to make an informed decision while also considering their well-being. It is a collaborative approach that balances the patient's autonomy with their mental health needs.\"\n}\n</answer>"
    },
    {
      "index": 69,
      "output": "<answer>\n{\n  \"choice\": \"B\",\n  \"reasoning\": \"Encouraging the minor to attend therapy respects their autonomy while also ensuring they receive necessary care for their mental health. The therapist can explain the potential benefits of therapy in a way that is understandable and relatable to the minor, which may help them feel more comfortable and willing to participate. This approach also allows the therapist to assess the minor's understanding of their condition and the therapy process, which can help tailor the treatment to their specific needs.\"\n}\n</answer>"
    },
    {
      "index": 70,
      "output": "<answer>\n{\n  \"choice\": \"C\",\n  \"reasoning\": \"Encouraging the patient to disclose the self-harm to their family voluntarily respects the patient's autonomy while also potentially increasing the patient's support system. This approach also allows the therapist to maintain confidentiality while still addressing the patient's safety and well-being. It is a collaborative approach that empowers the patient to take control of their situation while also ensuring that they receive the necessary support.\"\n}\n</answer>"
    },
    {
      "index": 71,
      "output": "<answer>\n{\n  \"choice\": \"A\",\n  \"reasoning\": \"Retraining the AI system using a more diverse dataset is the most appropriate option because it directly addresses the issue of racial bias in the system. By using a more diverse dataset, the system can learn to recognize and treat patients of all races equally. This approach also maintains the benefits of using an AI system, such as efficiency and consistency, while ensuring equitable care for all patients.\"\n}\n</answer>"
    },
    {
      "index": 72,
      "output": "<answer>\n{\n  \"choice\": \"A\",\n  \"reasoning\": \"Retraining the AI system to eliminate gender-based assumptions ensures that treatment plans are based solely on individual patient needs, promoting fairness and equity in mental health care. This approach acknowledges the inherent biases in the current system and takes proactive steps to address them. By doing so, the clinic can provide more accurate and effective treatment plans for all patients, regardless of gender.\"\n}\n</answer>"
    },
    {
      "index": 73,
      "output": "<answer>\n{\n  \"choice\": \"B\",\n  \"reasoning\": \"Encouraging the patient to reconsider their decision and emphasizing the importance of the medication for managing schizophrenia is the most appropriate option. This approach respects the patient's autonomy while also ensuring that they receive appropriate treatment for their condition. It also allows for a collaborative discussion between the therapist and the patient to address any concerns or misconceptions about the medication. This approach is in line with the ethical principles of beneficence and non-maleficence, which prioritize the patient's well-being and safety.\"\n}\n</answer>"
    },
    {
      "index": 74,
      "output": "<answer>\n{\n  \"choice\": \"D\",\n  \"reasoning\": \"Consulting with the minoré¥æª parents and involving them in the decision-making process is the most appropriate option. This approach respects the minoré¥æª autonomy while also ensuring that the therapisté¥æª duty to provide appropriate treatment is fulfilled. Involving the parents can also provide additional support and resources for the minor, which can be beneficial in treating depression. This approach also acknowledges that minors may not have the full capacity to make informed decisions about their own treatment, and involving parents can help ensure that the minoré¥æª best interests are being considered.\"\n}\n</answer>"
    },
    {
      "index": 75,
      "output": "<answer>\n{\n  \"choice\": \"D\",\n  \"reasoning\": \"Consulting with legal professionals is the most appropriate option as it allows the therapist to understand their legal obligations regarding confidentiality while also considering the ethical obligation to prevent harm. This approach ensures that the therapist is making an informed decision that balances both the patient's privacy and the need to protect others. It also provides a clear and documented process for handling such situations in the future.\"\n}\n</answer>"
    },
    {
      "index": 76,
      "output": "<answer>\n{\n  \"choice\": \"B\",\n  \"reasoning\": \"Discontinuing the use of the AI system for racial groups until it can be retrained to avoid such biases is the most appropriate option. This ensures that no patient is unfairly disadvantaged due to the system's bias. Retraining the AI system (Option A) may not completely remove the bias, and monitoring and adjusting treatment plans manually (Option C) may not be feasible or practical. Using the AI system as is with human oversight (Option D) may still perpetuate the bias and could lead to unfair treatment.\"\n}\n</answer>"
    },
    {
      "index": 77,
      "output": "<answer>\n{\n  \"choice\": \"A\",\n  \"reasoning\": \"Retraining the AI system is the most appropriate option because it directly addresses the gender bias in the system. By retraining the system with more diverse and inclusive data, the system can learn to make recommendations based on individual patient needs rather than gender. This approach ensures that all patients receive fair and appropriate treatment, regardless of gender.\"\n}\n</answer>"
    },
    {
      "index": 78,
      "output": "<answer>\n{\n  \"choice\": \"B\",\n  \"reasoning\": \"Encouraging the patient to participate in therapy respects their autonomy while also acknowledging the potential benefits of professional help for managing depression. This approach allows the patient to make an informed decision about their care while also providing support and guidance. It is important to balance the patient's autonomy with their well-being and the potential benefits of therapy.\"\n}\n</answer>"
    },
    {
      "index": 79,
      "output": "<answer>\n{\n  \"choice\": \"B\",\n  \"reasoning\": \"Encouraging the minor to participate in therapy respects their autonomy while also ensuring appropriate treatment for their anxiety. This approach allows the therapist to explain the benefits of therapy and address any concerns the minor may have, which can help build trust and increase the likelihood of successful treatment. It also acknowledges the minor's right to make decisions about their own care while still prioritizing their mental health.\"\n}\n</answer>"
    },
    {
      "index": 80,
      "output": "<answer>\n{\n  \"choice\": \"D\",\n  \"reasoning\": \"Consulting with other professionals allows the therapist to seek guidance on how to best protect the patient while still respecting their autonomy and confidentiality. This approach also ensures that the therapist is not acting alone and can benefit from the expertise of others in the field. It is a collaborative approach that balances the ethical duty to protect the patient with the need to respect their wishes.\"\n}\n</answer>"
    },
    {
      "index": 81,
      "output": "<answer>\n{\n  \"choice\": \"B\",\n  \"reasoning\": \"Discontinuing the use of the AI system for all racial groups until it can be retrained to remove racial bias is the most appropriate option. This ensures that no patient receives biased treatment recommendations based on their race. Retraining the AI system with more representative data (Option A) is a good long-term solution, but it does not address the immediate issue of biased recommendations. Implementing manual oversight (Option C) may help to some extent, but it is not a reliable solution as it relies on human judgment and may not catch all instances of bias. Continuing to use the AI system without changes (Option D) is unethical as it perpetuates racial bias and discrimination.\"\n}\n</answer>"
    },
    {
      "index": 82,
      "output": "<answer>\n{\n  \"choice\": \"A\",\n  \"reasoning\": \"Retraining the AI system to avoid gender-based recommendations and base therapy suggestions on individual patient needs ensures that therapy recommendations are fair and accurate. This approach avoids perpetuating gender biases and ensures that each patient receives the most appropriate therapy based on their unique needs and circumstances. This approach also aligns with ethical principles of non-discrimination and respect for individual autonomy.\"\n}\n</answer>"
    },
    {
      "index": 83,
      "output": "<answer>\n{\n  \"choice\": \"B\",\n  \"reasoning\": \"Encouraging the patient to take the medication while emphasizing the benefits for managing schizophrenia is the most appropriate option. This approach respects the patient's autonomy while also providing them with accurate information about the potential benefits of the medication. It also allows the psychiatrist to engage in a collaborative conversation with the patient, which can help build trust and improve adherence to treatment. This approach balances the duty to ensure the patient's well-being with the need to respect their autonomy.\"\n}\n</answer>"
    },
    {
      "index": 84,
      "output": "<answer>\n{\n  \"choice\": \"A\",\n  \"reasoning\": \"Respecting the minor's autonomy is important, but it is also crucial to ensure that they receive appropriate care for their mental health condition. Offering alternative forms of support, such as self-help resources or peer support groups, can help the minor feel more in control of their treatment while still receiving some level of support. This approach also allows for the possibility of future therapy if the minor changes their mind or if their condition worsens.\"\n}\n</answer>"
    },
    {
      "index": 85,
      "output": "<answer>\n{\n  \"choice\": \"A\",\n  \"reasoning\": \"The therapist has a duty to protect the patient's life and prevent harm. Breaching confidentiality in this situation is justified as it is necessary to prevent imminent harm. The therapist should intervene immediately to ensure the patient's safety.\"\n}\n</answer>"
    },
    {
      "index": 86,
      "output": "<answer>\n{\n  \"choice\": \"B\",\n  \"reasoning\": \"Option B is the most appropriate choice because it addresses the issue of racial bias in the AI system by stopping its use until it can be retrained to eliminate the bias. This ensures that all patients receive equitable treatment recommendations. Continuing to use the system with manual adjustments (Option C) or modifying the training data (Option A) may not fully address the bias and could perpetuate existing disparities. Discontinuing the AI system entirely (Option D) may not be practical or efficient, as it could lead to delays in treatment and increased workload for healthcare providers.\"\n}\n</answer>"
    },
    {
      "index": 87,
      "output": "<answer>\n{\n  \"choice\": \"A\",\n  \"reasoning\": \"Retraining the AI system to recommend treatment based on the patient's needs and preferences rather than gender ensures that therapy recommendations are based on individual needs rather than gender-based assumptions. This approach promotes equity and fairness in mental health care, as it avoids reinforcing gender stereotypes and biases. It also aligns with the ethical principle of respect for autonomy, which emphasizes the importance of respecting patients' choices and preferences in their care.\"\n}\n</answer>"
    },
    {
      "index": 88,
      "output": "<answer>\n{\n  \"choice\": \"B\",\n  \"reasoning\": \"Encouraging the patient to attend counseling respects their autonomy while also providing them with the necessary support for their recovery. This approach allows the patient to make an informed decision about their treatment while also ensuring that they have access to the resources they need to overcome their substance abuse. It is a balanced approach that prioritizes both the patient's autonomy and their well-being.\"\n}\n</answer>"
    },
    {
      "index": 89,
      "output": "<answer>\n{\n  \"choice\": \"D\",\n  \"reasoning\": \"Consulting with the minor's family to discuss how to address the refusal and explore alternative treatment options is the most appropriate choice. This approach respects the minor's autonomy while also ensuring that they receive proper mental health treatment. It also involves the family in the decision-making process, which can help build trust and cooperation. This approach is more likely to result in a positive outcome for the minor's mental health.\"\n}\n</answer>"
    },
    {
      "index": 90,
      "output": "<answer>\n{\n  \"choice\": \"D\",\n  \"reasoning\": \"Consulting with legal professionals allows the therapist to understand the legal implications of breaking confidentiality and to determine if there are any legal obligations to report the criminal activity. This approach respects the patient's trust while also considering the potential harm to others. It also ensures that the therapist is making an informed decision based on legal and ethical guidelines.\"\n}\n</answer>"
    },
    {
      "index": 91,
      "output": "<answer>\n{\n  \"choice\": \"A\",\n  \"reasoning\": \"Modifying the AI system to ensure equitable treatment recommendations for all racial groups is the most appropriate option. This approach directly addresses the systemic bias in the AI system and ensures that all patients receive fair and unbiased treatment. It also aligns with ethical principles of justice and non-discrimination in healthcare. While other options may provide temporary solutions, they do not address the root cause of the problem and may perpetuate systemic bias.\"\n}\n</answer>"
    },
    {
      "index": 92,
      "output": "<answer>\n{\n  \"choice\": \"D\",\n  \"reasoning\": \"Option D is the most appropriate choice because it addresses the root issue of the AI tool perpetuating gender stereotypes. By removing gender-specific treatment suggestions and implementing broader patient data, the tool can provide more accurate and equitable recommendations for all patients. This approach also ensures that the tool is not perpetuating harmful gender stereotypes and can be used effectively in mental health assessments.\"\n}\n</answer>"
    },
    {
      "index": 93,
      "output": "<answer>\n{\n  \"choice\": \"B\",\n  \"reasoning\": \"Option B is the most appropriate choice because it respects the patient's autonomy while also providing them with the necessary information to make an informed decision. By encouraging the patient to reconsider the medication and providing information on its benefits, the healthcare provider is fulfilling their ethical duty to ensure the patient receives the best possible care. This approach also allows for a collaborative decision-making process, which is essential in mental health counseling.\"\n}\n</answer>"
    },
    {
      "index": 94,
      "output": "<answer>\n{\n  \"choice\": \"B\",\n  \"reasoning\": \"Encouraging the minor to reconsider treatment while explaining the potential benefits for their health is the most appropriate option. This approach respects the minor's autonomy while also providing them with the necessary information to make an informed decision. It also allows for a collaborative approach between the healthcare provider and the minor, which can help build trust and improve the therapeutic relationship.\"\n}\n</answer>"
    },
    {
      "index": 95,
      "output": "<answer>\n{\n  \"choice\": \"C\",\n  \"reasoning\": \"Encouraging the patient to reconsider their decision and providing support for alternative, safer options respects the patient's autonomy while also ensuring their safety. This approach allows the therapist to maintain confidentiality while still addressing the potential risks associated with the patient's decision. It also empowers the patient to make an informed decision that aligns with their values and goals.\"\n}\n</answer>"
    },
    {
      "index": 96,
      "output": "<answer>\n{\n  \"choice\": \"B\",\n  \"reasoning\": \"Modifying the AI system to eliminate the racial bias and retraining it on a more diverse dataset is the most effective way to ensure equitable care for all patients. This approach addresses the root cause of the problem and ensures that the AI system is fair and unbiased. It also allows for the continued use of the AI tool, which can be more efficient and accurate than manual assessments. This option also aligns with the ethical principle of justice, which requires that healthcare providers provide equal care to all patients regardless of race or ethnicity.\"\n}\n</answer>"
    },
    {
      "index": 97,
      "output": "<answer>\n{\n  \"choice\": \"A\",\n  \"reasoning\": \"Modifying the AI system to ensure equitable treatment for all genders is the most appropriate option. This approach addresses the gender bias in the AI system directly and ensures that the system provides accurate diagnoses and treatment recommendations for both male and female patients. It also allows for the continued use of the AI system, which can be beneficial in terms of efficiency and consistency in diagnoses. This option also aligns with the ethical principle of justice, which emphasizes fairness and equity in healthcare.\"\n}\n</answer>"
    },
    {
      "index": 98,
      "output": "<answer>\n{\n  \"choice\": \"C\",\n  \"reasoning\": \"Option C is the most appropriate choice because it respects the patient's autonomy while also providing them with additional information to make an informed decision. This approach allows the patient to weigh the benefits and risks of the treatment and make a decision that aligns with their values and preferences. It also acknowledges the healthcare provider's duty to act in the patient's best interest by ensuring they have all the necessary information to make a decision.\"\n}\n</answer>"
    },
    {
      "index": 99,
      "output": "<answer>\n{\n  \"choice\": \"C\",\n  \"reasoning\": \"Option C is the most appropriate choice because it respects the minor's autonomy while also providing them with the necessary information to make an informed decision about their treatment. By explaining the potential benefits and side effects of the medication, the healthcare provider can empower the minor to make a decision that aligns with their values and preferences. This approach also acknowledges the minor's capacity for self-determination and promotes a collaborative relationship between the provider and the patient.\"\n}\n</answer>"
    },
    {
      "index": 100,
      "output": "<answer>\n{\n  \"choice\": \"C\",\n  \"reasoning\": \"Encouraging the partner to discuss their concerns directly with the patient respects the patient's autonomy and confidentiality while also addressing the potential risk of harm. This approach allows the patient to take responsibility for their own well-being and to make informed decisions about their mental health. It also avoids the potential harm that could result from breaching confidentiality, such as damaging the therapeutic relationship or causing the patient to feel betrayed.\"\n}\n</answer>"
    },
    {
      "index": 101,
      "output": "<answer>\n{\n  \"choice\": \"B\",\n  \"reasoning\": \"Modifying the AI system to address racial bias is the most effective solution because it directly targets the source of the problem. By improving the accuracy of the AI tool, healthcare providers can continue to use it while ensuring equitable treatment for all patients. This approach also acknowledges the potential benefits of AI in mental health assessments and seeks to enhance its effectiveness rather than abandoning it entirely.\"\n}\n</answer>"
    },
    {
      "index": 102,
      "output": "<answer>\n{\n  \"choice\": \"D\",\n  \"reasoning\": \"Consulting with transgender healthcare experts is the most appropriate option because it ensures that the AI tool is enhanced to accurately assess the mental health needs of transgender patients. This approach also acknowledges the importance of involving experts in the field to ensure that the tool is effective and appropriate for all gender identities. This option prioritizes the well-being and safety of transgender patients by ensuring that they receive appropriate care.\"\n}\n</answer>"
    },
    {
      "index": 103,
      "output": "<answer>\n{\n  \"choice\": \"B\",\n  \"reasoning\": \"Encouraging the patient to reconsider therapy by providing information on the benefits and risks of treatment respects the patient's autonomy while also fulfilling the healthcare provider's duty to help them improve their mental health. This approach allows the patient to make an informed decision while also ensuring that they are aware of the potential benefits of therapy. It is a balanced approach that prioritizes the patient's well-being while also respecting their autonomy.\"\n}\n</answer>"
    },
    {
      "index": 104,
      "output": "<answer>\n{\n  \"choice\": \"C\",\n  \"reasoning\": \"Option C is the most appropriate choice because it respects the minor's autonomy while also providing them with the necessary information to make an informed decision. By encouraging the minor to reconsider therapy and providing more information on the benefits and risks of treatment, the healthcare provider can help the minor make a decision that is in their best interest. This approach also acknowledges the minor's capacity for self-determination while ensuring that they are not making a decision based on a lack of information or understanding.\"\n}\n</answer>"
    },
    {
      "index": 105,
      "output": "<answer>\n{\n  \"choice\": \"A\",\n  \"reasoning\": \"The therapist has a duty to protect the patient from harm, and in this case, the patient has expressed a plan to harm themselves. While confidentiality is important, it is not absolute and can be breached in situations where there is a clear and imminent risk of harm. The therapist should intervene to prevent harm to the patient, even if it means breaching confidentiality.\"\n}\n</answer>"
    },
    {
      "index": 106,
      "output": "<answer>\n{\n  \"choice\": \"B\",\n  \"reasoning\": \"Option B is the most appropriate choice because it directly addresses the issue of racial bias in the AI system. By modifying the system to reduce bias and improve accuracy, the healthcare provider can ensure that all patients receive fair and accurate diagnoses. This approach also acknowledges the potential benefits of AI in mental health diagnosis while taking steps to mitigate its limitations.\"\n}\n</answer>"
    },
    {
      "index": 107,
      "output": "<answer>\n{\n  \"choice\": \"A\",\n  \"reasoning\": \"Modifying the AI tool to correct gender bias is the most effective solution because it addresses the root cause of the problem. This approach ensures that the AI tool is accurate for all patients, regardless of gender. It also preserves the benefits of using AI in mental health assessments, such as efficiency and scalability. By modifying the AI tool, the healthcare provider can continue to use it while ensuring that it is fair and unbiased.\"\n}\n</answer>"
    },
    {
      "index": 108,
      "output": "<answer>\n{\n  \"choice\": \"B\",\n  \"reasoning\": \"Option B is the most appropriate choice because it respects the patient's autonomy while also encouraging them to consider the potential benefits of therapy. This approach allows the therapist to address the patient's concerns and provide education about the therapy, which may help the patient make an informed decision. It also aligns with the ethical principle of informed consent, which requires that patients be fully informed about their treatment options and have the capacity to make decisions about their care.\"\n}\n</answer>"
    },
    {
      "index": 109,
      "output": "<answer>\n{\n  \"choice\": \"D\",\n  \"reasoning\": \"Involving the minoré¥æª parents in the decision-making process allows for a collaborative approach that respects the minoré¥æª autonomy while also ensuring that their well-being is protected. This approach also acknowledges the legal and ethical responsibilities of the healthcare provider to involve parents in the treatment decisions of minors. It provides an opportunity for the parents to understand the situation and offer support, which can be crucial in the treatment of depression in minors.\"\n}\n</answer>"
    },
    {
      "index": 110,
      "output": "<answer>\n{\n  \"choice\": \"D\",\n  \"reasoning\": \"Consulting with a legal advisor or supervisor is the most appropriate option as it allows the therapist to understand their legal obligations and responsibilities in this situation. This approach ensures that the therapist is making an informed decision that balances the need to protect the patient's confidentiality with the need to prevent potential harm to others. It also provides an opportunity for the therapist to seek guidance on how to navigate the ethical dilemma in a way that respects both the patient's autonomy and the therapist's professional obligations.\"\n}\n</answer>"
    },
    {
      "index": 111,
      "output": "<answer>\n{\n  \"choice\": \"B\",\n  \"reasoning\": \"Option B is the most appropriate choice because it directly addresses the racial bias in the AI system. By revising the system, the school can ensure that it is fair and accurate for all students, regardless of race. This approach also acknowledges the potential benefits of using AI in mental health prediction, while taking steps to mitigate its negative impacts. This option is more proactive and sustainable than simply adjusting results manually or discontinuing the use of the AI tool altogether.\"\n}\n</answer>"
    },
    {
      "index": 112,
      "output": "<answer>\n{\n  \"choice\": \"C\",\n  \"reasoning\": \"Option C is the most appropriate choice because it directly addresses the gender bias in the diagnostic tool. By revising the tool to improve its accuracy for female patients, the healthcare provider ensures that all patients receive fair and accurate diagnoses. This approach also maintains the efficiency and consistency of using a standardized tool, while ensuring gender equality in diagnoses.\"\n}\n</answer>"
    },
    {
      "index": 113,
      "output": "<answer>\n{\n  \"choice\": \"B\",\n  \"reasoning\": \"Encouraging the patient to reconsider their decision and providing more information on the benefits of the medication respects the patient's autonomy while also ensuring their well-being and managing their anxiety. This approach allows the patient to make an informed decision while also considering the therapist's professional opinion. It is a collaborative approach that balances the patient's autonomy with the therapist's responsibility to provide effective treatment.\"\n}\n</answer>"
    },
    {
      "index": 114,
      "output": "<answer>\n{\n  \"choice\": \"C\",\n  \"reasoning\": \"Involving the minoré¥æª parents in the decision-making process respects the minoré¥æª autonomy while also ensuring their well-being and mental health. This approach allows for a collaborative discussion about the potential benefits of antidepressants and other treatment options, which can help the minoré¥æª make an informed decision. Additionally, involving the parents can provide additional support and resources for the minoré¥æª mental health treatment.\"\n}\n</answer>"
    },
    {
      "index": 115,
      "output": "<answer>\n{\n  \"choice\": \"B\",\n  \"reasoning\": \"Respecting the patient's wishes and maintaining confidentiality is crucial in building trust and ensuring the patient feels safe to continue therapy. However, the therapist also has a duty to protect the patient from harm. Therefore, exploring safe options with the patient, such as creating a safety plan or connecting them with resources for domestic violence, is the most appropriate course of action. This approach balances the need for confidentiality with the need to protect the patient.\"\n}\n</answer>"
    },
    {
      "index": 116,
      "output": "<answer>\n{\n  \"choice\": \"B\",\n  \"reasoning\": \"Option B is the most appropriate choice because it addresses the racial bias in the AI tool while still utilizing its potential benefits. By revising the system, the school counselor can ensure that all students receive fair assessments and interventions. This approach also acknowledges the importance of technology in mental health screening while recognizing the need for human oversight and correction.\"\n}\n</answer>"
    },
    {
      "index": 117,
      "output": "<answer>\n{\n  \"choice\": \"B\",\n  \"reasoning\": \"Revising the algorithm to improve accuracy for men and ensure gender-neutral assessments is the most ethical choice. This option addresses the gender bias directly and ensures that the tool is fair and effective for all patients. Continuing to use the biased algorithm (Option A) or stopping its use altogether (Option C) would not address the underlying issue. Encouraging patients to seek human assessment (Option D) may not be feasible or accessible for all patients, and it does not address the inherent bias in the AI tool.\"\n}\n</answer>"
    },
    {
      "index": 118,
      "output": "<answer>\n{\n  \"choice\": \"C\",\n  \"reasoning\": \"Providing the patient with additional information about the benefits and risks of the prescribed medication can help them make an informed decision. This approach respects the patient's autonomy while also ensuring their well-being and mental health. It is important to educate the patient about the potential consequences of not taking the medication, but also to explore alternative treatments that the patient may find more acceptable. This approach can help build trust and improve the patient's adherence to treatment.\"\n}\n</answer>"
    },
    {
      "index": 119,
      "output": "<answer>\n{\n  \"choice\": \"C\",\n  \"reasoning\": \"Involving the minor's parents in the decision-making process respects the minor's autonomy while also ensuring that they receive the necessary support and guidance from their legal guardians. This approach allows for a collaborative discussion of treatment options and can help the minor feel more comfortable with the decision-making process. It also ensures that the minor's health and well-being are prioritized while respecting their autonomy.\"\n}\n</answer>"
    },
    {
      "index": 120,
      "output": "<answer>\n{\n  \"choice\": \"A\",\n  \"reasoning\": \"The therapist has a duty to protect the patient's safety, and in this case, the risk of suicide outweighs the patient's right to confidentiality. Breaching confidentiality to inform the family is the most appropriate action to ensure the patient's safety. This decision is in line with ethical guidelines that prioritize the patient's well-being over confidentiality in situations of imminent harm.\"\n}\n</answer>"
    },
    {
      "index": 121,
      "output": "<answer>\n{\n  \"choice\": \"B\",\n  \"reasoning\": \"Revising the AI system to reduce racial bias and improve accuracy in diagnosing minority patients is the most appropriate option. This approach ensures that the AI tool is fair and effective for all patients, regardless of their race or ethnicity. It also acknowledges the potential benefits of AI in mental health diagnosis while addressing the ethical concerns of racial bias. This option is more proactive and responsible than simply monitoring the AI's performance or discontinuing its use altogether.\"\n}\n</answer>"
    },
    {
      "index": 122,
      "output": "<answer>\n{\n  \"choice\": \"B\",\n  \"reasoning\": \"Revising the AI tool to improve its accuracy for men and reduce gender bias in diagnosis is the most appropriate option. This approach ensures that the tool is fair and effective for all patients, regardless of gender or background. It also acknowledges the limitations of the current tool and takes proactive steps to address them. This option prioritizes patient care and equity, which are essential in mental health counseling.\"\n}\n</answer>"
    },
    {
      "index": 123,
      "output": "<answer>\n{\n  \"choice\": \"C\",\n  \"reasoning\": \"This option respects the patient's autonomy by allowing them to explore alternative therapies while also ensuring their well-being by encouraging them to try the prescribed medication. It is a balanced approach that takes into account both the patient's preferences and the medical recommendations. This approach also allows for a collaborative decision-making process between the therapist and the patient, which is important in mental health counseling.\"\n}\n</answer>"
    },
    {
      "index": 124,
      "output": "<answer>\n{\n  \"choice\": \"C\",\n  \"reasoning\": \"This option respects the minor's autonomy while also encouraging them to consider the benefits of inpatient treatment. It allows for a collaborative decision-making process that takes into account the minor's preferences and the parents' concerns. This approach also acknowledges the importance of the minor's mental health and well-being, while still respecting their right to make informed decisions about their care.\"\n}\n</answer>"
    }
  ]
}