{
  "SWMH": [
    {
      "index": 0,
      "label": "Anxiety",
      "response": "<answer>\n{\n    \"thought\": \"The user describes a feeling of anxiety and depersonalization, which are common symptoms of anxiety disorders. The user also mentions a feeling of safety and familiarity with sunsets, which could be a coping mechanism for anxiety. The user's recent experience with depersonalization and the reappearance of the sunset feeling could indicate a possible anxiety disorder.\",\n    \"result\": \"Anxiety\"\n}\n</answer>"
    },
    {
      "index": 1,
      "label": "Anxiety",
      "response": "<answer>\n{\n    \"thought\": \"The user is experiencing severe fatigue and has been bed bound for weeks/months at a time. They have also been diagnosed with CFS/ME and have been anxious since they were about 6/7. The user has recently started challenging their anxious thoughts and has found themselves sleeping better and physically being able to do more without crashing. The user is wondering whether their symptoms might be due to severe stress/anxiety.\",\n    \"result\": \"Anxiety\"\n}\n</answer>"
    },
    {
      "index": 2,
      "label": "Anxiety",
      "response": "<answer>\n{\n    \"thought\": \"The user is experiencing anxiety over things they cannot control, which is a common symptom of anxiety disorders. They are also feeling anxious about a big looming issue that they cannot control, which is a common trigger for anxiety. The user is also mentioning that they cannot enjoy anything else or do work because of their anxiety, which is a common symptom of anxiety disorders. Based on these symptoms, the user may be experiencing an anxiety disorder.\",\n    \"result\": \"Anxiety\"\n}\n</answer>"
    },
    {
      "index": 3,
      "label": "Anxiety",
      "response": "<answer>\n{\n    \"thought\": \"The user is expressing feelings of sadness and depression, and mentions alcohol as a depressant. They also mention feeling misplaced and not wanting to be at home. These symptoms are indicative of depression.\",\n    \"result\": \"Depression\"\n}\n</answer>"
    },
    {
      "index": 4,
      "label": "Anxiety",
      "response": "<answer>\n{\n    \"thought\": \"The user is describing symptoms of anxiety and disorganization, which are common symptoms of anxiety disorders. The user also mentions that their disorganization makes them more anxious, which is a common feedback loop in anxiety disorders. Based on this, the user may be experiencing an anxiety disorder.\",\n    \"result\": \"Anxiety\"\n}\n</answer>"
    },
    {
      "index": 5,
      "label": "Anxiety",
      "response": "<answer>\n{\n    \"thought\": \"The user mentions having anxiety under control for 2 years, but it has returned. They are frustrated and mention drinking as a possible cause. They are seeking help from a therapist and considering medication. The user also mentions that anxiety is dumb.\",\n    \"result\": \"Anxiety\"\n}\n</answer>"
    },
    {
      "index": 6,
      "label": "Anxiety",
      "response": "<answer>\n{\n    \"thought\": \"The user is experiencing difficulty sleeping due to anxiety, stress, and other factors. They are also feeling overwhelmed and going a little crazy due to sleep deprivation. These symptoms are consistent with anxiety disorder.\",\n    \"result\": \"Anxiety\"\n}\n</answer>"
    },
    {
      "index": 7,
      "label": "Anxiety",
      "response": "<answer>\n{\n    \"thought\": \"The user mentions getting chest pains and thinks it may be anxiety, which suggests that they are experiencing symptoms of anxiety. Anxiety can cause physical symptoms such as chest pains, and the user's belief that it may be anxiety further supports this diagnosis.\",\n    \"result\": \"Anxiety\"\n}\n</answer>"
    },
    {
      "index": 8,
      "label": "Anxiety",
      "response": "<answer>\n{\n    \"thought\": \"The user is sharing an article about fear and how it can be managed. This suggests that the user may be experiencing anxiety related to fear.\",\n    \"result\": \"Anxiety\"\n}\n</answer>"
    },
    {
      "index": 9,
      "label": "Anxiety",
      "response": "<answer>\n{\n    \"thought\": \"The user expresses anxiety about being complimented and the pressure to live up to expectations. They also mention feeling anxious about disappointing others and having a negative impact on their self-esteem. This suggests that the user may be experiencing anxiety.\",\n    \"result\": \"Anxiety\"\n}\n</answer>"
    },
    {
      "index": 10,
      "label": "Anxiety",
      "response": "<answer>\n{\n    \"thought\": \"The user is experiencing anxiety and panic attacks, which are causing him to feel disconnected from others and have a hyper-sensitive body. He is taking medication to manage his symptoms but is still struggling with the condition. He is also experiencing digestive tract pain and discomfort, which is causing him to call 9-1-1 and spend nights in the hospital. He is feeling hopeless and stuck with his condition.\",\n    \"result\": \"Anxiety\"\n}\n</answer>"
    },
    {
      "index": 11,
      "label": "Anxiety",
      "response": "<answer>\n{\n    \"thought\": \"The user is expressing fear of losing their girlfriend and feeling scared about the possibility of losing her. They also mention that they can't lose her and will die if they do. These thoughts and feelings are indicative of anxiety and suicidal ideation.\",\n    \"result\": \"SuicideWatch\"\n}\n</answer>"
    },
    {
      "index": 12,
      "label": "Anxiety",
      "response": "<answer>\n{\n    \"thought\": \"The user is experiencing anxiety and depression when their partner leaves, which is a common symptom of separation anxiety disorder. They also mention suicidal ideation and self-harm, which can be associated with depression and anxiety disorders. The user's symptoms seem to be triggered by their partner's absence, which is a key characteristic of separation anxiety disorder. Therefore, the most likely mental disorder is Anxiety.\",\n    \"result\": \"Anxiety\"\n}\n</answer>"
    },
    {
      "index": 13,
      "label": "Anxiety",
      "response": "<answer>\n{\n    \"thought\": \"The user is experiencing obsessive thoughts and compulsions related to health concerns, which is a common symptom of OCD. They are also experiencing panic attacks and suicidal thoughts, which are also common symptoms of OCD. The user is seeking reassurance from friends and family, which is also a common symptom of OCD. The user is also experiencing anxiety and depression, which are common comorbidities with OCD.\",\n    \"result\": \"Anxiety\"\n}\n</answer>"
    },
    {
      "index": 14,
      "label": "Anxiety",
      "response": "<answer>\n{\n    \"thought\": \"The user's post indicates a sense of hopelessness and despair, which are common symptoms of depression. The user also mentions not being able to deal with something, which could be a sign of feeling overwhelmed and unable to cope with their emotions.\",\n    \"result\": \"Depression\"\n}\n</answer>"
    },
    {
      "index": 15,
      "label": "Anxiety",
      "response": "<answer>\n{\n    \"thought\": \"The user is experiencing anxiety due to the little things in life setting them off. They are feeling upset and let down by a small mistake in their package order. This is a common symptom of anxiety, where individuals become overly sensitive to minor issues and have difficulty managing their emotions.\",\n    \"result\": \"Anxiety\"\n}\n</answer>"
    },
    {
      "index": 16,
      "label": "Anxiety",
      "response": "<answer>\n{\n    \"thought\": \"The user is experiencing anxiety, depression, and suicidal thoughts. They are also struggling with the stigma surrounding mental health and the impact it has on their daily life. They are seeking validation and understanding from others who may be experiencing similar emotions. The user is also using meditation as a coping mechanism, but it is not always effective in managing their anxiety and depression. The user is aware of their disability and the impact it has on their life, but they are struggling to manage their emotions and thoughts.\",\n    \"result\": \"Anxiety\"\n}\n</answer>"
    },
    {
      "index": 17,
      "label": "Anxiety",
      "response": "<answer>\n{\n    \"thought\": \"The user is experiencing depression and has taken Zoloft without consulting a doctor. They are concerned about the side effects and are seeking information. This behavior is indicative of a person who may be struggling with mental health issues and may need professional help.\",\n    \"result\": \"Depression\"\n}\n</answer>"
    },
    {
      "index": 18,
      "label": "Anxiety",
      "response": "<answer>\n{\n    \"thought\": \"The user is asking for natural anxiety supplements to help with their work anxiety. This suggests that they are experiencing anxiety symptoms and are looking for ways to manage them. The user mentions moderate work anxiety, which could indicate that they are experiencing some level of stress or worry related to their job. The user also mentions herbal or other anxiety reducing remedies, which suggests that they are open to trying alternative methods for managing their anxiety. Based on this information, the user may be experiencing anxiety symptoms and could benefit from seeking professional help or support.\",\n    \"result\": \"Anxiety\"\n}\n</answer>"
    },
    {
      "index": 19,
      "label": "Anxiety",
      "response": "<answer>\n{\n    \"thought\": \"The user is asking about the hidden cause of their anxiety and mentions that their therapist believes there is always a hidden event or events causing someone's anxiety. The user also mentions that many people would agree that their anxiety is triggered by the memory of a past trauma. This suggests that the user may be experiencing anxiety due to a past trauma.\",\n    \"result\": \"Anxiety\"\n}\n</answer>"
    },
    {
      "index": 20,
      "label": "Bipolar",
      "response": "<answer>\n{\n    \"thought\": \"The user is describing their experience with bipolar disorder and how seeking help has changed their life. They mention having major depression and manic episodes since their late teens, and feeling like a failure. They also mention being scared of letting their parents down and having to face the reality of having a mental illness. However, they eventually sought help and were diagnosed with BP2 and ADHD. They are now on medication and feel much better. This suggests that the user is experiencing symptoms of bipolar disorder, which is characterized by extreme mood swings, including manic and depressive episodes.\",\n    \"result\": \"Bipolar\"\n}\n</answer>"
    },
    {
      "index": 21,
      "label": "Bipolar",
      "response": "<answer>\n{\n    \"thought\": \"The user is experiencing stress and anxiety due to the upcoming holidays and the need to coordinate a meal. They also mention having a meltdown and feeling on the verge of a breakdown. Additionally, they had a near-accident while driving and are dealing with difficult coworkers. These symptoms suggest that the user may be experiencing anxiety.\",\n    \"result\": \"Anxiety\"\n}\n</answer>"
    },
    {
      "index": 22,
      "label": "Bipolar",
      "response": "<answer>\n{\n    \"thought\": \"The user is expressing concern about their medication and potential side effects, which may be indicative of a bipolar disorder. They mention research they've done online and express frustration with their current treatment plan. This suggests a lack of control and a sense of being overwhelmed, which are common symptoms of bipolar disorder.\",\n    \"result\": \"Bipolar\"\n}\n</answer>"
    },
    {
      "index": 23,
      "label": "Bipolar",
      "response": "<answer>\n{\n    \"thought\": \"The user's post describes their mother's experience with bipolar disorder and the negative effects of medication. The user expresses concern for their mother's well-being and wants to help her at the doctor's office. The post also mentions the user's dog passing away and how it has opened up their mother to them. The user is seeking advice on how to keep the door open with their mother and how to approach her about seeking help at the doctor's office.\",\n    \"result\": \"Depression\"\n}\n</answer>"
    },
    {
      "index": 24,
      "label": "Bipolar",
      "response": "<answer>\n{\n    \"thought\": \"The user has been diagnosed with bipolar disorder and is taking medication. The user is seeking information about what to expect from the medication. This suggests that the user is actively managing their mental health and seeking support.\",\n    \"result\": \"Bipolar\"\n}\n</answer>"
    },
    {
      "index": 25,
      "label": "Bipolar",
      "response": "<answer>\n{\n    \"thought\": \"The user is experiencing anxiety and is looking for pharmacological relief. They have bipolar disorder II with ultra rapid cycling and OCD, and are already undergoing cognitive therapy. They cannot take SSRI's and the Gabapentin is not helping their anxiety. They are considering Buspar as an anxiolytic and want to know if it has worked for others and if there were any side effects. They are taking 200mg Lamictal, 8mg Abilify, and 1350mg of lithium for their bipolar disorder.\",\n    \"result\": \"Anxiety\"\n}\n</answer>"
    },
    {
      "index": 26,
      "label": "Bipolar",
      "response": "<answer>\n{\n    \"thought\": \"The user's post describes a pattern of impulsive and reckless behavior, such as dropping classes, buying expensive items, and getting tattoos. These behaviors are characteristic of mania, which is a symptom of bipolar disorder. The user also expresses worry about their future and financial stability, which is a common concern for individuals with bipolar disorder. Based on the content of the post, the user may be experiencing bipolar disorder.\",\n    \"result\": \"Bipolar\"\n}\n</answer>"
    },
    {
      "index": 27,
      "label": "Bipolar",
      "response": "<answer>\n{\n    \"thought\": \"The user mentions having bipolar disorder and crying at CVS pharmacy due to issues with their prescription. They also mention having a stressful struggle to get their meds and having a sassy pharmacist assistant. The user also mentions having a boyfriend hold them as they sob in Target beauty aisle. The user's tone is somewhat humorous and they mention wanting to make a meme out of the situation. Based on these details, the user's post suggests that they may have bipolar disorder.\",\n    \"result\": \"Bipolar\"\n}\n</answer>"
    },
    {
      "index": 28,
      "label": "Bipolar",
      "response": "<answer>\n{\n    \"thought\": \"The user is experiencing episodes of disassociation and psychosis, which are common symptoms of bipolar disorder. They are also experiencing fear and anxiety about losing control and harming themselves or others. The user has a history of violent outbursts and involuntary commitment, which are also common symptoms of bipolar disorder. The user is also experiencing sleep disturbances and memory loss, which are also common symptoms of bipolar disorder. The user is currently on medication and is concerned about the side effects. Based on these symptoms, the user may be experiencing bipolar disorder.\",\n    \"result\": \"Bipolar\"\n}\n</answer>"
    },
    {
      "index": 29,
      "label": "Bipolar",
      "response": "<answer>\n{\n    \"thought\": \"The user is experiencing flashbacks of their hypomanic and manic episodes, which are causing anger and a desire to destroy things. They are also feeling condescending towards others who have seen them in these states. The user is struggling with their identity and feels like they can't shake off the negative visualization of themselves from others. They are also experiencing a loss of desire to see people who have seen them in these states. These symptoms are consistent with bipolar disorder.\",\n    \"result\": \"Bipolar\"\n}\n</answer>"
    },
    {
      "index": 30,
      "label": "Bipolar",
      "response": "<answer>\n{\n    \"thought\": \"The user is asking about how people cope with the holidays and if they cause stress and affect mood. This could indicate that the user is experiencing anxiety or stress related to the holidays.\",\n    \"result\": \"Anxiety\"\n}\n</answer>"
    },
    {
      "index": 31,
      "label": "Bipolar",
      "response": "<answer>\n{\n    \"thought\": \"The user is describing experiences that are commonly associated with mania, such as synchronicities and psychotic episodes. This suggests that the user may be experiencing symptoms of bipolar disorder.\",\n    \"result\": \"Bipolar\"\n}\n</answer>"
    },
    {
      "index": 32,
      "label": "Bipolar",
      "response": "<answer>\n{\n    \"thought\": \"The user mentions a manic episode in the late fall/early winter and patterns of strange behavior at that time of year in prior years. This suggests a potential bipolar disorder.\",\n    \"result\": \"Bipolar\"\n}\n</answer>"
    },
    {
      "index": 33,
      "label": "Bipolar",
      "response": "<answer>\n{\n    \"thought\": \"The user is expressing feelings of hopelessness and despair, and is considering applying for disability due to their inability to function in daily life. They mention not being able to take care of basic needs such as showering, which suggests a significant level of impairment. The user also mentions being in the process of getting terminated from their job, which could be a significant stressor. The user's pdoc recommended disability, which suggests that they have a mental health condition that is impacting their ability to work. Overall, the user's post suggests a high level of distress and impairment, which is consistent with a diagnosis of depression.\",\n    \"result\": \"Depression\"\n}\n</answer>"
    },
    {
      "index": 34,
      "label": "Bipolar",
      "response": "<answer>\n{\n    \"thought\": \"The user is experiencing withdrawal symptoms from duloxetine and is concerned about not having access to their medication. They also mention being bipolar and having a history of taking lamictal. The user is experiencing anxiety and distress due to the lack of access to their medication.\",\n    \"result\": \"Anxiety\"\n}\n</answer>"
    },
    {
      "index": 35,
      "label": "Bipolar",
      "response": "<answer>\n{\n    \"thought\": \"The user is expressing feelings of self-hatred and self-criticism, which are common symptoms of depression. They also mention feeling trapped and alone, which can be indicative of depression as well. Additionally, the user mentions having a hard day and feeling like they need to talk to someone, which can be a sign of depression. Therefore, the mental disorder that best matches the user's post is Depression.\",\n    \"result\": \"Depression\"\n}\n</answer>"
    },
    {
      "index": 36,
      "label": "Bipolar",
      "response": "<answer>\n{\n    \"thought\": \"The user is experiencing anxiety and has been diagnosed with bipolar disorder. They are questioning the accuracy of their diagnosis and are feeling anxious about their treatment. They are also feeling frustrated with the lack of empathy from medical professionals. The user is also experiencing symptoms of depression and is questioning the accuracy of their diagnosis. They are feeling overwhelmed and are seeking support from others.\",\n    \"result\": \"Depression\"\n}\n</answer>"
    },
    {
      "index": 37,
      "label": "Bipolar",
      "response": "<answer>\n{\n    \"thought\": \"The user is experiencing suicidal thoughts and feelings of hopelessness, which are common symptoms of depression. They also mention that they haven't had any suicidal thoughts until today, which suggests that they may be experiencing a sudden and intense episode of depression. Additionally, they mention that they are struggling to function and find enjoyment in activities they used to enjoy, which is another symptom of depression. Based on these symptoms, the user is most likely experiencing depression.\",\n    \"result\": \"Depression\"\n}\n</answer>"
    },
    {
      "index": 38,
      "label": "Bipolar",
      "response": "<answer>\n{\n    \"thought\": \"The user mentions winter depression and medication, which suggests a potential mental disorder related to mood changes. The user also mentions a burst of symptoms, which could indicate a relapse or worsening of symptoms. The user's post is also deleted, which could indicate a desire to keep their mental health struggles private. Based on these factors, the most likely mental disorder is Depression.\",\n    \"result\": \"Depression\"\n}\n</answer>"
    },
    {
      "index": 39,
      "label": "Bipolar",
      "response": "<answer>\n{\n    \"thought\": \"The user is expressing concern about their family history and genetic predisposition to bipolar disorder. They are seeking reassurance that they are not alone in this and are curious about how they ended up with a diagnosis of bipolar despite a family history of ADHD and depression. The user's genetic testing report also indicates several red markers for bipolar, suggesting a genetic component to their condition. Based on this information, the user's post suggests a potential diagnosis of bipolar disorder.\",\n    \"result\": \"Bipolar\"\n}\n</answer>"
    },
    {
      "index": 40,
      "label": "Depression",
      "response": "<answer>\n{\n    \"thought\": \"The user is expressing a philosophical view on happiness and depression, and seems to be seeking a balance between the two. They are not expressing any suicidal thoughts or extreme emotional distress, but rather a contemplative and introspective mindset. Based on this, the user does not appear to be experiencing any of the mental disorders listed.\",\n    \"result\": \"Offmychest\"\n}\n</answer>"
    },
    {
      "index": 41,
      "label": "Depression",
      "response": "<answer>\n{\n    \"thought\": \"The user is experiencing a lot of stress and anxiety due to their personal and family issues. They are feeling overwhelmed and hopeless, and are struggling to cope with their emotions. They are also experiencing mood swings and depression. The user is not seeking professional help and is considering self-harm. The user's friends are not available to support them, and they are feeling isolated and alone. The user's situation is similar to that of someone with depression, as they are experiencing a persistent feeling of sadness and hopelessness, and are struggling to find meaning and purpose in their life.\",\n    \"result\": \"Depression\"\n}\n</answer>"
    },
    {
      "index": 42,
      "label": "Depression",
      "response": "<answer>\n{\n    \"thought\": \"The user is expressing feelings of sadness, loss, and fear, and mentions that they have been trying to push themselves to do small tasks every day. They also mention that they have been signing up for various activities to make themselves feel better, but are hesitant to attend events. The user asks if talking about their depression helps or if talking themselves out of feeling this way is the solution. Based on these symptoms, the user may be experiencing depression.\",\n    \"result\": \"Depression\"\n}\n</answer>"
    },
    {
      "index": 43,
      "label": "Depression",
      "response": "<answer>\n{\n    \"thought\": \"The user expresses a sense of isolation and inability to connect with others, which is a common symptom of depression. The user also mentions a feeling of hopelessness, which is another indicator of depression.\",\n    \"result\": \"Depression\"\n}\n</answer>"
    },
    {
      "index": 44,
      "label": "Depression",
      "response": "<answer>\n{\n    \"thought\": \"The user is describing intense emotional experiences, heightened sensitivity to negative comments, and a lack of happiness. They also mention feeling numb and tired. These symptoms are consistent with depression.\",\n    \"result\": \"Depression\"\n}\n</answer>"
    },
    {
      "index": 45,
      "label": "Depression",
      "response": "<answer>\n{\n    \"thought\": \"The user is experiencing anxiety and is having trouble speaking to people. They are also experiencing sleep disturbances and are anxious about going to therapy. These symptoms are indicative of anxiety disorder.\",\n    \"result\": \"Anxiety\"\n}\n</answer>"
    },
    {
      "index": 46,
      "label": "Depression",
      "response": "<answer>\n{\n    \"thought\": \"The user expresses suicidal thoughts and feelings of hopelessness, which are common symptoms of depression. They also mention taking pills, which could be a sign of self-harm or substance abuse, which are also associated with depression. The user's negative thoughts about life and their future, as well as their lack of motivation and interest in school, are also indicative of depression. Additionally, the user's statement that they are tired of doing the same thing every day and feeling like they are stuck in a never-ending cycle of negative thoughts and emotions is also consistent with depression.\",\n    \"result\": \"Depression\"\n}\n</answer>"
    },
    {
      "index": 47,
      "label": "Depression",
      "response": "<answer>\n{\n    \"thought\": \"The user expresses difficulty in making friends and feeling isolated due to depression. They also express a desire to be friends with someone who is also struggling, which may indicate a sense of camaraderie or shared experience. The tone of the post is somewhat sarcastic and self-deprecating, which may be a coping mechanism for the user's depression. Overall, the post suggests that the user may be experiencing depression and may benefit from support and connection with others who understand their struggles.\",\n    \"result\": \"Depression\"\n}\n</answer>"
    },
    {
      "index": 48,
      "label": "Depression",
      "response": "<answer>\n{\n    \"thought\": \"The user is expressing a lack of emotional response to events and experiences, which is a common symptom of depression. They also mention feeling like a 'walking, talking shell of a person' and wanting to be 'human again', which suggests a sense of detachment from their own body and emotions. Additionally, they mention a recent loss and a lack of grief, which is also a common symptom of depression.\",\n    \"result\": \"Depression\"\n}\n</answer>"
    },
    {
      "index": 49,
      "label": "Depression",
      "response": "<answer>\n{\n    \"thought\": \"The user is experiencing a decline in academic performance, difficulty with daily tasks, and feelings of failure and emptiness. They also mention feeling removed from their life and struggling with sleep. The user is considering taking a semester off from school but is unsure of what to do. They also mention feeling happy when they are at home but feeling empty when they are at school. The user is torn between staying in school and going home, and is unsure of what will make them happy.\",\n    \"result\": \"Depression\"\n}\n</answer>"
    },
    {
      "index": 50,
      "label": "Depression",
      "response": "<answer>\n{\n    \"thought\": \"The user is expressing feelings of guilt and shame for bringing their friends down, which is a common symptom of depression. They also mention feeling better after venting but worse the next day, which is also a common symptom of depression. Additionally, they mention having depression, which further supports the diagnosis of depression.\",\n    \"result\": \"Depression\"\n}\n</answer>"
    },
    {
      "index": 51,
      "label": "Depression",
      "response": "<answer>\n{\n    \"thought\": \"The user expresses feelings of envy towards others who have passion and drive, and mentions that they used to have these qualities but now feel like a shell of their former self. They also mention that nothing excites them and they have no motivation to fight for anything. These symptoms are indicative of depression.\",\n    \"result\": \"Depression\"\n}\n</answer>"
    },
    {
      "index": 52,
      "label": "Depression",
      "response": "<answer>\n{\n    \"thought\": \"The user is experiencing a difficult situation where a close friend has been accused of sexual harassment/rape. The user is torn between their loyalty to their friend and their moral obligation to support the victim. The user is feeling depressed and alone, and is worried about losing more friends. The user is struggling with the decision of whether to cut ties with their friend or risk hurting their relationship with their HLP. The user is experiencing a sense of isolation and uncertainty about their future.\",\n    \"result\": \"Depression\"\n}\n</answer>"
    },
    {
      "index": 53,
      "label": "Depression",
      "response": "<answer>\n{\n    \"thought\": \"The user mentions feeling alone and experiencing pain since they were seven years old. They also mention feeling terror and being lucky to have a wife and kids to keep them going. The user expresses a desire to reach out to others who may be feeling alone and experiencing similar struggles. These symptoms are indicative of depression, as the user is experiencing persistent feelings of sadness, hopelessness, and a lack of interest in activities. Additionally, the user mentions feeling terror, which can be a symptom of anxiety. However, the user's focus on feeling alone and experiencing pain since childhood suggests that depression is the more likely diagnosis.\",\n    \"result\": \"Depression\"\n}\n</answer>"
    },
    {
      "index": 54,
      "label": "Depression",
      "response": "<answer>\n{\n    \"thought\": \"The user expresses feelings of worthlessness, anxiety, and depression. They also mention struggling with health problems and emotional trauma. They lash out at loved ones for small things and are scared of pushing them away. The user also mentions feeling lost and unsure of who they are.\",\n    \"result\": \"Depression\"\n}\n</answer>"
    },
    {
      "index": 55,
      "label": "Depression",
      "response": "<answer>\n{\n    \"thought\": \"The user is concerned about a friend who is severely depressed and is looking for advice on how to support him from a distance. The user has noticed weight loss and lack of self-care in their friend, and is worried about his well-being. The user is trying to balance offering support without being intrusive or annoying. The user has read much on the subject of severe depression and is seeking advice from others who may have experienced similar situations.\",\n    \"result\": \"Depression\"\n}\n</answer>"
    },
    {
      "index": 56,
      "label": "Depression",
      "response": "<answer>\n{\n    \"thought\": \"The user's posts indicate a lack of energy, drive, and motivation. They also express feelings of hopelessness, despair, and a lack of purpose in life. The user mentions being criticized and mocked by others, which may contribute to their negative self-image. They also express a desire to be dead and a feeling of being a walking shadow. These symptoms are consistent with depression.\",\n    \"result\": \"Depression\"\n}\n</answer>"
    },
    {
      "index": 57,
      "label": "Depression",
      "response": "<answer>\n{\n    \"thought\": \"The user is experiencing a lack of motivation, social isolation, and a sense of hopelessness. They are also struggling with academic performance and have a history of failing classes. These symptoms are indicative of depression.\",\n    \"result\": \"Depression\"\n}\n</answer>"
    },
    {
      "index": 58,
      "label": "Depression",
      "response": "<answer>\n{\n    \"thought\": \"The user expresses feelings of being stuck in life and wanting to die through a car accident or disease. They also mention feeling exhausted with life and not wanting to see what's ahead because they know they'll be disappointed. The user also talks about not having a great career or relationship and feeling like they're not the smartest. They express feeling done with life and having had enough. These symptoms are indicative of depression.\",\n    \"result\": \"Depression\"\n}\n</answer>"
    },
    {
      "index": 59,
      "label": "Depression",
      "response": "<answer>\n{\n    \"thought\": \"The user is expressing feelings of isolation, low self-esteem, and a sense of failure. They are also struggling with the expectation of others to have all the answers for them. They mention not wanting to die but feeling like they can't get out of bed in the morning. These symptoms are indicative of depression.\",\n    \"result\": \"Depression\"\n}\n</answer>"
    },
    {
      "index": 60,
      "label": "Offmychest",
      "response": "<answer>\n{\n    \"thought\": \"The user describes a seemingly perfect life with no real problems, but still experiences self-criticism and overwhelming emotions that lead to cutting. This suggests a potential mental disorder of Depression, as the user's feelings of inadequacy and self-doubt are common symptoms of depression. Additionally, the user's lack of objective perspective and tendency to self-criticize may also be indicative of depression.\",\n    \"result\": \"Depression\"\n}\n</answer>"
    },
    {
      "index": 61,
      "label": "Offmychest",
      "response": "<answer>\n{\n    \"thought\": \"The user is expressing feelings of mistrust towards people and a fear of being cheated on. They also seem to have a negative view of relationships and believe that most people are idiots who can't control their emotions. The user also shares a personal experience of being led on by someone who ended up ruining their life. This suggests that the user may be experiencing depression, which is characterized by feelings of sadness, hopelessness, and a negative view of oneself and the world.\",\n    \"result\": \"Depression\"\n}\n</answer>"
    },
    {
      "index": 62,
      "label": "Offmychest",
      "response": "<answer>\n{\n    \"thought\": \"The user is experiencing symptoms of anxiety due to their friend's behavior. They are feeling frustrated and unsure if the friendship is worth keeping. They are also feeling a sense of helplessness and uncertainty about how to handle the situation. These are all common symptoms of anxiety.\",\n    \"result\": \"Anxiety\"\n}\n</answer>"
    },
    {
      "index": 63,
      "label": "Offmychest",
      "response": "<answer>\n{\n    \"thought\": \"The user mentions spending NYE alone and choosing to ignore invites to the club. They also mention a rollercoaster of a year and wanting to start the new one with authenticity. The user also mentions having fun with themselves first and doing things like cooking, playing video games, and doing laundry. The user also mentions a weird ass mind that did a little justification of âtime is created by man. We can reinvent ourselves any fucking day we wantâ? This suggests that the user may be experiencing anxiety, as they seem to be struggling with their own thoughts and feelings.\",\n    \"result\": \"Anxiety\"\n}\n</answer>"
    },
    {
      "index": 64,
      "label": "Offmychest",
      "response": "<answer>\n{\n    \"thought\": \"The user is experiencing financial difficulties and is struggling to make ends meet. They are also dealing with a sick pet and are feeling guilty for not being able to afford the necessary care. The user is feeling overwhelmed and hopeless about their situation.\",\n    \"result\": \"Depression\"\n}\n</answer>"
    },
    {
      "index": 65,
      "label": "Offmychest",
      "response": "<answer>\n{\n    \"thought\": \"The user expresses frustration and anger towards the US government and society, indicating a sense of hopelessness and despair. The user also mentions being tired and feeling like they are being 'fucked in the ass from every direction'. These symptoms are indicative of depression.\",\n    \"result\": \"Depression\"\n}\n</answer>"
    },
    {
      "index": 66,
      "label": "Offmychest",
      "response": "<answer>\n{\n    \"thought\": \"The user is expressing frustration and anger towards the lack of attention given to white-on-white crime in the media. They also mention the tendency of Reddit users to engage in tangential debates and support for improved mental healthcare while also dismantling safety nets. The user also expresses white rage and bigotry towards other causes. These symptoms are indicative of anxiety and depression.\",\n    \"result\": \"Anxiety\"\n}\n</answer>"
    },
    {
      "index": 67,
      "label": "Offmychest",
      "response": "<answer>\n{\n    \"thought\": \"The user is expressing feelings of anxiety and distress due to their mother's cancer diagnosis. They are struggling to cope with their emotions and are seeking support from others. The user is also experiencing difficulty sleeping and is feeling isolated.\",\n    \"result\": \"Anxiety\"\n}\n</answer>"
    },
    {
      "index": 68,
      "label": "Offmychest",
      "response": "<answer>\n{\n    \"thought\": \"The user is expressing concern for a new girlfriend of an abusive ex-boyfriend. They are worried that the new girlfriend may also be abused and are feeling guilty for not doing anything to help. The user is also feeling a sense of responsibility to help other girls out because they know what they are going through. The user is expressing a sense of empathy and concern for others, which is a characteristic of depression.\",\n    \"result\": \"Depression\"\n}\n</answer>"
    },
    {
      "index": 69,
      "label": "Offmychest",
      "response": "<answer>\n{\n    \"thought\": \"The user is expressing feelings of loneliness and disconnection in their relationship. They are feeling resentful towards their partner for not being intimate and not wanting to do things together. They are also feeling guilty for resenting their partner and are struggling with their own mental health. They are expressing a desire to feel connected again with their partner and are scared that their relationship may be over. These feelings of loneliness, disconnection, and fear are indicative of depression.\",\n    \"result\": \"Depression\"\n}\n</answer>"
    },
    {
      "index": 70,
      "label": "Offmychest",
      "response": "<answer>\n{\n    \"thought\": \"The user is experiencing a lot of stress and anxiety due to their marriage issues. They are feeling betrayed by their wife's emotional affair and are struggling to trust her. They are also feeling overwhelmed by the situation and are unsure of what to do. The user is experiencing a lot of negative emotions such as anger, sadness, and confusion. They are also feeling isolated and alone. The user's thoughts and feelings are indicative of anxiety and depression.\",\n    \"result\": \"Anxiety\"\n}\n</answer>"
    },
    {
      "index": 71,
      "label": "Offmychest",
      "response": "<answer>\n{\n    \"thought\": \"The user mentions being groomed by adults when they were underage, which is a common experience for victims of sexual abuse. They also mention feeling paranoid and having flashbulb memories, which are common symptoms of PTSD. Additionally, they express feelings of shame and embarrassment, which are common in individuals with depression. The user also mentions feeling like a failure and wanting to take responsibility for their life, which is a common theme in individuals with depression. Based on these symptoms, the user may be experiencing depression.\",\n    \"result\": \"Depression\"\n}\n</answer>"
    },
    {
      "index": 72,
      "label": "Offmychest",
      "response": "<answer>\n{\n    \"thought\": \"The user mentions attempting suicide, which is a clear indicator of a potential mental health issue. The post also lacks any positive or hopeful language, which is often seen in individuals struggling with depression. Additionally, the user's tone is somber and reflective, which is consistent with the symptoms of depression.\",\n    \"result\": \"Depression\"\n}\n</answer>"
    },
    {
      "index": 73,
      "label": "Offmychest",
      "response": "<answer>\n{\n    \"thought\": \"The user is experiencing anxiety and stress due to the pressure of cooking for their grandmother and the constant criticism she receives. The user also mentions feeling like they want to break their thumbs and make a reservation at a restaurant, which could be a sign of suicidal thoughts. However, the user does not explicitly mention any suicidal ideation or intent, so the most fitting mental disorder based on the content of the post is Anxiety.\",\n    \"result\": \"Anxiety\"\n}\n</answer>"
    },
    {
      "index": 74,
      "label": "Offmychest",
      "response": "<answer>\n{\n    \"thought\": \"The user is expressing feelings of guilt and regret for ending a relationship with someone they still love. They are also expressing anxiety about the possibility of losing this person. The user is also acknowledging the importance of time and not wasting it. These feelings and thoughts are indicative of depression.\",\n    \"result\": \"Depression\"\n}\n</answer>"
    },
    {
      "index": 75,
      "label": "Offmychest",
      "response": "<answer>\n{\n    \"thought\": \"The user's post describes a situation where they chased a thief on foot and experienced intense physical and emotional reactions. They mention feeling numb in their sleep and experiencing pain only after waking up. The user also mentions feeling a little dreamy and catching a cold from intense sweating. These symptoms suggest that the user may be experiencing anxiety, which is characterized by intense physical and emotional reactions to stressors, as well as feelings of numbness and detachment.\",\n    \"result\": \"Anxiety\"\n}\n</answer>"
    },
    {
      "index": 76,
      "label": "Offmychest",
      "response": "<answer>\n{\n    \"thought\": \"The user expresses feelings of misery, anxiety, and depression. They have a loving boyfriend but still feel unhappy and anxious. They have high standards for themselves and others, which leads to social isolation. They also mention feeling trapped in their own head and having thoughts of depression. They are too scared to seek medical help for their depression. They seem to have resigned themselves to a life of unhappiness and isolation.\",\n    \"result\": \"Depression\"\n}\n</answer>"
    },
    {
      "index": 77,
      "label": "Offmychest",
      "response": "<answer>\n{\n    \"thought\": \"The user expresses feelings of hopelessness, worthlessness, and a desire to stop existing. They also mention struggling with finding employment and feeling guilty for not contributing to their living situation. These symptoms are indicative of depression.\",\n    \"result\": \"Depression\"\n}\n</answer>"
    },
    {
      "index": 78,
      "label": "Offmychest",
      "response": "<answer>\n{\n    \"thought\": \"The user's post suggests a sense of self-doubt and low self-esteem, which are common symptoms of depression. The user also expresses a feeling of being unimportant, which can be a sign of depression as well. Additionally, the user's post is deleted, which could indicate a lack of confidence or a desire to hide their feelings.\",\n    \"result\": \"Depression\"\n}\n</answer>"
    },
    {
      "index": 79,
      "label": "Offmychest",
      "response": "<answer>\n{\n    \"thought\": \"The user's post expresses intense feelings of love and admiration towards someone, which may indicate a manic episode. The user also uses hyperbolic language, such as 'the world', which is a common trait of individuals with bipolar disorder. Additionally, the user's post lacks any negative or depressive language, which further supports the diagnosis of bipolar disorder.\",\n    \"result\": \"Bipolar\"\n}\n</answer>"
    },
    {
      "index": 80,
      "label": "SuicideWatch",
      "response": "<answer>\n{\n    \"thought\": \"The user is expressing suicidal thoughts and feelings of hopelessness, which are common symptoms of depression. They also mention a previous attempt at suicide, which further supports the diagnosis of depression.\",\n    \"result\": \"Depression\"\n}\n</answer>"
    },
    {
      "index": 81,
      "label": "SuicideWatch",
      "response": "<answer>\n{\n    \"thought\": \"The user expresses suicidal thoughts and feelings of being a burden to others. They also mention that they want to end their life this year and ask their girlfriend to forgive them in advance. The user also mentions that they want to be a burden to no one and that they want their girlfriend to be happy. The user also mentions that they will see their girlfriend on the other side.\",\n    \"result\": \"SuicideWatch\"\n}\n</answer>"
    },
    {
      "index": 82,
      "label": "SuicideWatch",
      "response": "<answer>\n{\n    \"thought\": \"The user is experiencing depression and contemplating suicide due to the loss of their mother and the financial burden of supporting themselves. They also mention feeling alone and having no one to turn to.\",\n    \"result\": \"Depression\"\n}\n</answer>"
    },
    {
      "index": 83,
      "label": "SuicideWatch",
      "response": "<answer>\n{\n    \"thought\": \"The user is experiencing a difficult time in their life, with multiple stressors including an abusive family, a breakup, financial problems, and a sick dog. They are feeling overwhelmed and are considering suicide. This suggests a potential mental disorder of SuicideWatch.\",\n    \"result\": \"SuicideWatch\"\n}\n</answer>"
    },
    {
      "index": 84,
      "label": "SuicideWatch",
      "response": "<answer>\n{\n    \"thought\": \"The user expresses suicidal thoughts and feelings of despair due to unrealistic goals and a lack of passion for doable tasks. They also mention wasting time on large projects that turn out in disappointment. These symptoms are indicative of depression.\",\n    \"result\": \"Depression\"\n}\n</answer>"
    },
    {
      "index": 85,
      "label": "SuicideWatch",
      "response": "<answer>\n{\n    \"thought\": \"The user is expressing suicidal thoughts and feelings of guilt and shame. They are also experiencing rejection from their loved ones, which can exacerbate their mental health issues. The user's fiancé's lack of response may indicate a lack of support or understanding.\",\n    \"result\": \"SuicideWatch\"\n}\n</answer>"
    },
    {
      "index": 86,
      "label": "SuicideWatch",
      "response": "<answer>\n{\n    \"thought\": \"The user is expressing feelings of abandonment and despair, which are common symptoms of depression. They also mention a history of supporting others through suicidal thoughts and feelings, which could indicate a pattern of self-sacrifice and a lack of self-care. Additionally, the user mentions a downward spiral in their own mental health, which is another common symptom of depression. Based on these factors, the user's post suggests a potential diagnosis of depression.\",\n    \"result\": \"Depression\"\n}\n</answer>"
    },
    {
      "index": 87,
      "label": "SuicideWatch",
      "response": "<answer>\n{\n    \"thought\": \"The user is concerned about a child threatening suicide on Skype and is unsure of how to report it. The child has a history of cutting and has expressed that his father is abusive. The user is unsure of what to do and is seeking help.\",\n    \"result\": \"SuicideWatch\"\n}\n</answer>"
    },
    {
      "index": 88,
      "label": "SuicideWatch",
      "response": "<answer>\n{\n    \"thought\": \"The user expresses feelings of hopelessness and worthlessness, and questions the value of life. These are common symptoms of depression.\",\n    \"result\": \"Depression\"\n}\n</answer>"
    },
    {
      "index": 89,
      "label": "SuicideWatch",
      "response": "<answer>\n{\n    \"thought\": \"The user expresses suicidal thoughts as a form of revenge against their family members, who have been emotionally and physically abusive towards them. They also mention being sexually abused by a family member and feeling ignored by their sister and best friend. The user also expresses feeling tired and wanting to disappear for life. These symptoms are indicative of depression, which is characterized by persistent feelings of sadness, hopelessness, and a lack of interest in activities. The user's suicidal thoughts and feelings of being a burden to others also suggest a severe depressive episode.\",\n    \"result\": \"Depression\"\n}\n</answer>"
    },
    {
      "index": 90,
      "label": "SuicideWatch",
      "response": "<answer>\n{\n    \"thought\": \"The user is experiencing depression and suicidal thoughts due to financial problems and lack of support from family members. They also mention having a history of depression since they were 15 years old. The user is feeling hopeless and alone, and is considering ending their life.\",\n    \"result\": \"Depression\"\n}\n</answer>"
    },
    {
      "index": 91,
      "label": "SuicideWatch",
      "response": "<answer>\n{\n    \"thought\": \"The user is expressing feelings of hopelessness and despair, indicating a potential mental disorder related to depression. They also mention a narcissistic personality, which can be a contributing factor to depression. The user also mentions thoughts of suicide, which is a serious indicator of depression. The user's language is also indicative of a lack of control and a sense of being trapped, which are common symptoms of depression. Based on these factors, the user's post is most indicative of depression.\",\n    \"result\": \"Depression\"\n}\n</answer>"
    },
    {
      "index": 92,
      "label": "SuicideWatch",
      "response": "<answer>\n{\n    \"thought\": \"The user is experiencing a major issue with procrastination and not doing work, which is causing them to feel sick and torturing themselves. They also mention wanting to kill themselves sometimes due to wasting their and their family's time. The user knows they have the problem but doesn't have the solution. These symptoms are indicative of depression.\",\n    \"result\": \"Depression\"\n}\n</answer>"
    },
    {
      "index": 93,
      "label": "SuicideWatch",
      "response": "<answer>\n{\n    \"thought\": \"The user expresses suicidal thoughts and feelings of hopelessness, which are common symptoms of depression. They also mention being tired of everything and feeling like they haven't had any joy in their life, which further supports the diagnosis of depression.\",\n    \"result\": \"Depression\"\n}\n</answer>"
    },
    {
      "index": 94,
      "label": "SuicideWatch",
      "response": "<answer>\n{\n    \"thought\": \"The user expresses feelings of exhaustion, frustration, and hopelessness due to various stressors in their life. They also mention having debt and money problems, which can contribute to feelings of anxiety and depression. The user's tone is negative and self-deprecating, indicating a possible lack of self-esteem and confidence. The user also mentions a partner who has not responded to their messages, which could be a source of anxiety and stress. Overall, the user's post suggests a high level of stress and anxiety, which is consistent with the diagnosis of anxiety disorder.\",\n    \"result\": \"Anxiety\"\n}\n</answer>"
    },
    {
      "index": 95,
      "label": "SuicideWatch",
      "response": "<answer>\n{\n    \"thought\": \"The user's post shows signs of severe depression, suicidal thoughts, social anxiety, and feelings of worthlessness. They have a history of depression and suicidal attempts, and their current situation is causing them to feel hopeless and trapped. They also mention feeling embarrassed and ashamed of their mental health issues, which is a common symptom of depression. The user's post also shows a lack of support from family and friends, which can exacerbate depression. Based on these factors, the user's post is most indicative of depression.\",\n    \"result\": \"Depression\"\n}\n</answer>"
    },
    {
      "index": 96,
      "label": "SuicideWatch",
      "response": "<answer>\n{\n    \"thought\": \"The user expresses a desire to end their life and mentions being unsatisfied with life. They also mention minimizing their impact on others and being ready to end their life within a month. These are all red flags for suicide watch.\",\n    \"result\": \"SuicideWatch\"\n}\n</answer>"
    },
    {
      "index": 97,
      "label": "SuicideWatch",
      "response": "<answer>\n{\n    \"thought\": \"The user mentions contemplating suicide and feeling oddly calm about it, which is a concerning sign. They also mention feeling drained and not caring about anything, which could be indicative of depression. Additionally, they mention self-harming in the past, which could be a sign of underlying mental health issues. The user also mentions wanting to get something off their chest, which could be a sign of anxiety or depression. Based on these factors, the most likely mental disorder is Depression.\",\n    \"result\": \"Depression\"\n}\n</answer>"
    },
    {
      "index": 98,
      "label": "SuicideWatch",
      "response": "<answer>\n{\n    \"thought\": \"The user expresses a sense of hopelessness and despair, with a belief that things will only get worse. They also express regret for not ending their life earlier, which suggests a suicidal ideation. These symptoms are consistent with depression and suicide watch.\",\n    \"result\": \"Depression, SuicideWatch\"\n}\n</answer>"
    },
    {
      "index": 99,
      "label": "SuicideWatch",
      "response": "<answer>\n{\n    \"thought\": \"The user is expressing feelings of self-harm and suicidal ideation, which is a clear indicator of a potential mental disorder. The user also mentions being toxic and wanting to get rid of themselves, which suggests a lack of self-worth and self-esteem. These symptoms are commonly associated with depression and suicide watch.\",\n    \"result\": \"SuicideWatch\"\n}\n</answer>"
    }
  ]
}