{
  "SWMH": [
    {
      "index": 0,
      "label": "Anxiety",
      "response": "<answer>\n{\n    \"thought\": \"The individual describes experiencing a strange feeling during sunsets that is difficult to explain and elicits both positive and negative emotions. They also mention a history of anxiety and depersonalization, which have recently resurfaced. This suggests that the individual may be experiencing anxiety related to sunsets, possibly due to past traumatic experiences or triggers. The mention of dissociation, specifically derealization, further supports the possibility of anxiety being the underlying mental disorder in this case.\",\n    \"result\": \"Anxiety\"\n}\n</answer>"
    },
    {
      "index": 1,
      "label": "Anxiety",
      "response": "<answer>\n{\n\"thought\": \"The individual is questioning whether their symptoms of chronic fatigue syndrome/myalgic encephalomyelitis (CFS/ME) are actually caused by severe stress/anxiety. They mention being bed bound for extended periods of time and experiencing fatigue that worsens their symptoms. They also mention challenging their anxious thoughts and experiencing improvements in sleep and physical functioning. This suggests that anxiety may be a contributing factor to their symptoms, potentially exacerbating their fatigue and impacting their daily functioning.\",\n\"result\": \"Anxiety\"\n}\n</answer>"
    },
    {
      "index": 2,
      "label": "Anxiety",
      "response": "<answer>\n{\n\"thought\": \"The individual expresses anxiety over things they can't control, specifically mentioning the Net Neutrality issue. They mention feeling anxious and unable to enjoy anything else or do work because of this issue. This suggests that the individual may be experiencing anxiety related to a lack of control over external events or circumstances.\",\n\"result\": \"Anxiety\"\n}\n</answer>"
    },
    {
      "index": 3,
      "label": "Anxiety",
      "response": "<answer>\n{\n    \"thought\": \"The individual mentions feeling happy before drinking alcohol, but afterwards, they feel misplaced and unwanted at home. This suggests a potential correlation between alcohol consumption and negative emotions, indicating a possible mental disorder related to depression. The individual also expresses a desire to not be at home, which could be indicative of feelings of isolation or discomfort in their current environment.\",\n    \"result\": \"Depression\"\n}\n</answer>"
    },
    {
      "index": 4,
      "label": "Anxiety",
      "response": "<answer>\n{\n\"thought\": \"The individual mentions having anxiety and experiencing extreme disorganization, which may be causing them additional anxiety. This suggests a potential comorbidity of anxiety and disorganization, but it does not align with any of the other options (SuicideWatch, Bipolar, Depression, Offmychest). Therefore, the assigned label is Anxiety.\"\n\n\"result\": \"Anxiety\"\n\n</answer>"
    },
    {
      "index": 5,
      "label": "Anxiety",
      "response": "<answer>\n{\n\"thought\": \"The individual mentions experiencing anxiety and seeking help from a doctor for medication. They also mention seeing a therapist and their frustration with the return of their anxiety. This suggests that the individual is dealing with anxiety as the mental disorder.\",\n\"result\": \"Anxiety\"\n}\n</answer>"
    },
    {
      "index": 6,
      "label": "Anxiety",
      "response": "<answer>\n{\n    \"thought\": \"The individual describes experiencing anxiety and difficulty sleeping, which are common symptoms of anxiety disorders. They also mention feeling stressed and having a racing mind, further indicating anxiety. The mention of going 'a little crazy' suggests heightened emotional distress and potential exacerbation of anxiety symptoms.\",\n    \"result\": \"Anxiety\"\n}\n</answer>"
    },
    {
      "index": 7,
      "label": "Anxiety",
      "response": "<answer>\n{\n\"thought\": \"The post mentions experiencing chest pains and suspecting it may be anxiety. This suggests that the individual is experiencing physical symptoms commonly associated with anxiety, such as chest tightness or pain. The mention of going through a lot recently also indicates a potential high level of stress or emotional distress, which can contribute to anxiety symptoms.\",\n\"result\": \"Anxiety\"\n}\n</answer>"
    },
    {
      "index": 8,
      "label": "Anxiety",
      "response": "<answer>\n{\n\"thought\": \"The post mentions reading an article on psychology today and finding it enlightening. This suggests an interest in psychology and potentially seeking knowledge or understanding about mental health. However, there is no indication of any personal struggles or symptoms that would align with a specific mental disorder. Therefore, the assigned label would be 'No mental disorders'.\"\n\"result\": \"No mental disorders\"\n}\n</answer>"
    },
    {
      "index": 9,
      "label": "Anxiety",
      "response": "<answer>\n{\n    \"thought\": \"The individual expresses anxiety and fear of disappointing others due to receiving compliments. This suggests a pattern of anxiety and fear of judgment, which aligns with the label of Anxiety.\"\n,\n    \"result\": \"Anxiety\"\n}\n</answer>"
    },
    {
      "index": 10,
      "label": "Anxiety",
      "response": "<answer>\n{\n\"thought\": \"The individual describes experiencing severe anxiety and panic attacks, as well as physical sensations and fears related to their digestive health. They also mention taking medication (Zoloft and alprazolam) to manage their symptoms. These symptoms and experiences align with anxiety disorder, specifically health anxiety and panic disorder. The individual expresses a desire to feel normal and a hope for their symptoms to go away, indicating a significant impact on their quality of life.\"\n\"result\": \"Anxiety\"\n}\n</answer>"
    },
    {
      "index": 11,
      "label": "Anxiety",
      "response": "<answer>\n{\n    \"thought\": \"The individual expresses fear and anxiety about their girlfriend potentially losing interest in them. They state that she is all they have and that they will die if they lose her, indicating a high level of attachment and fear of abandonment. This suggests that the individual may be experiencing anxiety related to their relationship and fear of losing their partner.\",\n    \"result\": \"Anxiety\"\n}\n</answer>"
    },
    {
      "index": 12,
      "label": "Anxiety",
      "response": "Based on the content of the post, the assigned label would be Anxiety.\n\nReasoning: The post describes experiencing intense anxiety and fear when the boyfriend leaves, as well as intrusive thoughts of self-harm and suicidal ideation. These symptoms suggest a high level of anxiety and potential separation anxiety, as the individual expresses a fear of being alone and a desire for constant reassurance from their partner. The mention of previous struggles with self-harm and seeking serious help further supports the presence of anxiety and potential underlying mental health issues."
    },
    {
      "index": 13,
      "label": "Anxiety",
      "response": "<answer>\n{\n\"thought\": \"The individual describes experiencing obsessive thoughts and compulsions related to health concerns and hypochondria, which are common symptoms of OCD. They also mention seeking reassurance and experiencing panic attacks. This suggests that the individual may be struggling with OCD, specifically related to health concerns and hypochondria.\"\n\"result\": \"OCD\"\n}\n</answer>"
    },
    {
      "index": 14,
      "label": "Anxiety",
      "response": "Based on the post \"I don't think I can deal with this anymore\", the assigned label would be SuicideWatch. The reasoning process is not provided in the post, but the mention of not being able to deal with something anymore suggests a high level of distress and potential suicidal ideation."
    },
    {
      "index": 15,
      "label": "Anxiety",
      "response": "<answer>\n{\n\"thought\": \"The individual expresses feeling upset and let down over a small inconvenience, suggesting a heightened emotional response and potential difficulty regulating emotions. This could be indicative of anxiety, as anxiety often involves an excessive worry and overreaction to minor issues.\",\n\"result\": \"Anxiety\"\n}\n</answer>"
    },
    {
      "index": 16,
      "label": "Anxiety",
      "response": "<answer>\n{\n\"thought\": \"The individual describes experiencing intense anxiety throughout the day, including physical symptoms such as electricity running through their body and a knot in their stomach. They also mention circling the \"do you think you would be better off dead\" question on their therapist's behavior screener, indicating a history of depression. The individual expresses a desire for validation and mentions the impact of mental health stigma. They also describe a powerful emotional experience during an anti-anxiety meditation, feeling both relief and sadness simultaneously. The individual acknowledges that they know their disability and can view it rationally, but emotions overpower rationality. Based on these symptoms and experiences, the assigned label is Anxiety.\"\n\n\"result\": \"Anxiety\"\n\n</answer>"
    },
    {
      "index": 17,
      "label": "Anxiety",
      "response": "<answer>\n{\n    \"thought\": \"The individual mentions feeling down and taking their mother's Zoloft without a prescription. This suggests a potential self-medication attempt to cope with their depression. The mention of experiencing negative side effects and seeking information about them indicates a lack of knowledge and potentially dangerous behavior. This suggests a potential mental disorder of Depression.\"\n\n\"result\": \"Depression\"\n\n</answer>"
    },
    {
      "index": 18,
      "label": "Anxiety",
      "response": "<answer>\n{\n\"thought\": \"The post mentions experiencing moderate work anxiety and seeking natural anxiety supplements. This suggests that the individual is dealing with anxiety and is actively looking for ways to manage it. The mention of seeking herbal or other anxiety-reducing remedies further supports the presence of anxiety as the assigned label.\",\n\"result\": \"Anxiety\"\n}\n</answer>"
    },
    {
      "index": 19,
      "label": "Anxiety",
      "response": "<answer>\n{\n\"thought\": \"The post discusses the idea that anxiety is often caused by past or present events, such as trauma or negative interactions. The poster is curious about the potential hidden causes of anxiety, specifically in relation to trauma. This suggests that the poster may be experiencing anxiety themselves and is exploring the possible reasons behind it.\",\n\"result\": \"Anxiety\"\n}\n</answer>"
    },
    {
      "index": 20,
      "label": "Bipolar",
      "response": "<answer>\n{\n\"thought\": \"The individual describes their journey of seeking help for their mental health and the positive impact it has had on their life. They mention a history of major depression and manic episodes, as well as a recent diagnosis of BP2 and ADHD. They also discuss their medication regimen and how it has improved their overall well-being. This suggests that the individual is experiencing bipolar disorder, as they mention specific symptoms and experiences associated with the condition, as well as the positive effects of medication.\"\n\n\"result\": \"Bipolar\"\n\n</answer>"
    },
    {
      "index": 21,
      "label": "Bipolar",
      "response": "<answer>\n{\n    \"thought\": \"The individual expresses feelings of stress, being overwhelmed, and being on the verge of a breakdown. They also mention having a blowout with their sister and their husband's inability to deal with it. These experiences and emotions suggest a high level of anxiety and potentially depression. The mention of a potential meltdown and the impact of external events, such as a near-accident and dealing with difficult coworkers, further supports the presence of anxiety and potentially depression.\",\n    \"result\": \"Anxiety\"\n}\n</answer>"
    },
    {
      "index": 22,
      "label": "Bipolar",
      "response": "<answer>\n{\n    \"thought\": \"The individual is expressing dissatisfaction with their current medication regimen and questioning the decision to prescribe Cymbalta and Zyprexa. They mention researching alternative medications and express concern about potential side effects. This suggests a level of engagement and involvement in their own mental health treatment, indicating a potential diagnosis of Bipolar disorder.\",\n    \"result\": \"Bipolar\"\n}"
    },
    {
      "index": 23,
      "label": "Bipolar",
      "response": "<answer>\n{\n\"thought\": \"The post describes the individual's mother's experience with bipolar disorder and the negative effects of medication on her mental state. The individual expresses concern for their mother's well-being and seeks advice on how to help her. This suggests that the individual is dealing with the challenges of supporting a loved one with a mental disorder, specifically bipolar disorder.\"\n\"result\": \"Bipolar\"\n}\n</answer>"
    },
    {
      "index": 24,
      "label": "Bipolar",
      "response": "<answer>\n{\n\"thought\": \"The post mentions being diagnosed with bipolar disorder and being prescribed medication for it. This suggests that the individual is seeking information and guidance regarding their condition and treatment. There is no indication of any other mental disorders mentioned in the post, so the assigned label would be Bipolar.\"\n\"result\": \"Bipolar\"\n}\n</answer>"
    },
    {
      "index": 25,
      "label": "Bipolar",
      "response": "<answer>\n{\n\"thought\": \"The post mentions having bipolar disorder and seeking pharmacological relief for OCD. The individual also mentions trying Gabapentin for anxiety but it not being effective. Given the presence of bipolar disorder and the focus on anxiety relief, the assigned label would be Anxiety.\"\n\"result\": \"Anxiety\"\n}\n</answer>\n\nReasoning: The post mentions having bipolar disorder and seeking pharmacological relief for OCD, indicating that the individual is experiencing anxiety symptoms. The mention of trying Gabapentin for anxiety but it not being effective suggests that the individual is actively seeking treatment for their anxiety. The presence of bipolar disorder also suggests that the individual may be more susceptible to anxiety symptoms due to the comorbidity of these two conditions. Therefore, the assigned label is Anxiety."
    },
    {
      "index": 26,
      "label": "Bipolar",
      "response": "<answer>\n{\n    \"thought\": \"The individual describes impulsive behavior, such as dropping classes, overspending on textbooks and tattoos, and making impulsive purchases. They also express worry about their future and financial stability. These behaviors and concerns align with symptoms commonly associated with bipolar disorder, specifically the manic phase. Therefore, the assigned label is Bipolar.\"\n\n\"result\": \"Bipolar\"\n\n</answer>"
    },
    {
      "index": 27,
      "label": "Bipolar",
      "response": "<answer>\n{\n    \"thought\": \"The individual mentions crying at CVS pharmacy due to issues with getting their medication and dealing with a sassy pharmacist assistant. They also mention being horrible with confrontation and ending up crying. This suggests that the individual may be experiencing anxiety related to their bipolar disorder, as they mention their boyfriend holding them while they sob in the Target beauty aisle. The mention of wanting to make a meme out of the situation indicates a possible coping mechanism or attempt to find humor in a difficult situation, which can be common in individuals with bipolar disorder.\",\n    \"result\": \"Bipolar\"\n}\n</answer>\n\nReasoning:\n\nThe post mentions experiencing anxiety related to getting medication and dealing with a rude pharmacist assistant. The individual also mentions being horrible with confrontation and ending up crying. These experiences suggest that the individual may be struggling with anxiety related to their bipolar disorder. Additionally, the mention of wanting to make a meme out of the situation indicates a possible coping mechanism or attempt to find humor in a difficult situation, which can be common in individuals with bipolar disorder. Therefore, the assigned label is Bipolar."
    },
    {
      "index": 28,
      "label": "Bipolar",
      "response": "<answer>\n{\n\"thought\": \"The individual describes experiencing episodes of dissociation and psychosis, as well as concerns about losing time and potential seizures or narcolepsy. They express fear and uncertainty about their mental state and medication. This suggests a potential diagnosis of bipolar disorder, as dissociation and psychosis can be symptoms of bipolar disorder, and the individual mentions being on medication for it. They also express a desire for guidance on next steps, indicating a need for support and professional help.\"\n\n\"result\": \"Bipolar\"\n\n</answer>"
    },
    {
      "index": 29,
      "label": "Bipolar",
      "response": "<answer>\n{\n\"thought\": \"The individual describes experiencing flashbacks of hypomanic and manic episodes, as well as feelings of anger and a desire to destroy everything when these flashbacks occur. They also express a loss of desire to see people who have witnessed their manic or suicidal behavior. These symptoms and experiences align with the diagnosis of bipolar disorder, specifically the individual's current struggle with flashbacks and the impact it has on their relationships and self-perception.\",\n\"result\": \"Bipolar\"\n}\n</answer>"
    },
    {
      "index": 30,
      "label": "Bipolar",
      "response": "Based on the post, the assigned label would be Anxiety.\n\nReasoning: The post asks how everyone copes with the holidays and if they cause stress or affect mood. This suggests that the poster may be experiencing anxiety related to the holiday season and its potential impact on their mental well-being. The mention of stress and mood also aligns with symptoms commonly associated with anxiety disorders."
    },
    {
      "index": 31,
      "label": "Bipolar",
      "response": "<answer>\n{\n\"thought\": \"The individual mentions experiencing psychotic episodes and specifically asks if others have experienced weird events during these episodes. This suggests a potential connection between the episodes and the occurrence of synchronicities. This could be indicative of bipolar disorder, as psychotic episodes are a common symptom of this condition. The mention of experiencing these episodes and seeking validation from others also aligns with the impulsivity and seeking of validation often associated with bipolar disorder.\",\n\"result\": \"Bipolar\"\n}\n</answer>"
    },
    {
      "index": 32,
      "label": "Bipolar",
      "response": "<answer>\n{\n\"thought\": \"The post mentions experiencing manic episodes and patterns of strange behavior during the late fall/early winter, suggesting a potential connection between the time of year and mood. This could be indicative of bipolar disorder, as it is commonly associated with seasonal patterns and mood changes. The mention of talking to people who only become manic in the fall further supports this possibility. The post also speculates about the potential reasons for this connection, such as the weather/earth shifting consciousness or stress during that time of year.\",\n\"result\": \"Bipolar\"\n}\n</answer>"
    },
    {
      "index": 33,
      "label": "Bipolar",
      "response": "<answer>\n{\n\"thought\": \"The individual expresses concerns about losing their job and applying for disability due to their inability to function with basic tasks of living. They mention struggling with showering and other difficulties, indicating a potential lack of motivation and impaired functioning. This aligns with symptoms commonly associated with depression, such as decreased energy and difficulty with daily activities. Therefore, the assigned label is Depression.\"\n\n\"result\": \"Depression\"\n\n</answer>"
    },
    {
      "index": 34,
      "label": "Bipolar",
      "response": "<answer>\n{\n\"thought\": \"The individual is expressing distress and anxiety about not being able to access their prescribed medication. They mention the potential negative effects of withdrawal and the impact it will have on their mental state. This suggests that the individual may be experiencing anxiety related to their medication and its importance for managing their bipolar disorder.\",\n\"result\": \"Anxiety\"\n}\n</answer>"
    },
    {
      "index": 35,
      "label": "Bipolar",
      "response": "<answer>\n{\n    \"thought\": \"The post describes a pattern of self-loathing and intense self-criticism, indicating a negative self-perception. The individual mentions feeling trapped in their own mind and life, and expresses a need for someone to hear that they are not okay. These are common symptoms associated with depression, such as low self-esteem and feelings of hopelessness.\"\n,\n    \"result\": \"Depression\"\n}\n</answer>"
    },
    {
      "index": 36,
      "label": "Bipolar",
      "response": "<answer>\n{\n\"thought\": \"The individual expresses frustration and disagreement with the psychiatrist's suggestion of borderline personality disorder. They provide reasons for their rejection and seek validation from others. The individual also mentions their extensive knowledge of bipolar disorder and their skepticism towards medication. They express a desire for more empathy from medical professionals and frustration with the process of receiving a diagnosis. Overall, the post suggests a strong reaction to the psychiatrist's assessment and a need for understanding and support.\",\n\"result\": \"Bipolar\"\n}\n</answer>\n\nReasoning: The post mentions the individual's extensive knowledge of bipolar disorder and their skepticism towards medication, indicating a potential pre-existing understanding and interest in the topic. The individual also expresses frustration with the psychiatrist's suggestion of borderline personality disorder and seeks validation from others, suggesting a strong reaction to the assessment. These factors, along with the individual's desire for more empathy and frustration with the process of receiving a diagnosis, point towards a potential diagnosis of bipolar disorder."
    },
    {
      "index": 37,
      "label": "Bipolar",
      "response": "<answer>\n{\n\"thought\": \"The mention of suicidal thoughts and the impact it is having on the individual's ability to function suggests a potential mental disorder of Depression. The individual also expresses a desire for the thoughts to stop and seeks support from others who understand, indicating a need for help and understanding.\",\n\"result\": \"Depression\"\n}\n</answer>"
    },
    {
      "index": 38,
      "label": "Bipolar",
      "response": "<answer>\n{\n\"thought\": \"The post mentions experiencing winter depression despite being on medication. This suggests that the individual may be struggling with depression, as seasonal changes can trigger depressive episodes in some individuals. The mention of medication also indicates that the person is already receiving treatment for depression, further supporting this assessment.\",\n\"result\": \"Depression\"\n}\n</answer>"
    },
    {
      "index": 39,
      "label": "Bipolar",
      "response": "<answer>\n{\n\"thought\": \"The individual is questioning their own mental health diagnoses and expressing curiosity about the genetic factors that may contribute to their bipolar disorder. This suggests a level of self-awareness and introspection, which is common in individuals with mental disorders.\",\n\"result\": \"Bipolar\"\n}\n</answer>"
    },
    {
      "index": 40,
      "label": "Depression",
      "response": "<answer>\n{\n\"thought\": \"The post reflects a contemplation on the nature of happiness and depression. The individual expresses a belief that happiness is found in living life and enjoying it, while thinking about the deeper meaning can lead to depression. This suggests a potential understanding of the relationship between emotions and existential thoughts, which aligns with the concept of depression. Therefore, the assigned label is Depression.\"\n\n\"result\": \"Depression\"\n\n</answer>"
    },
    {
      "index": 41,
      "label": "Depression",
      "response": "<answer>\n{\n\"thought\": \"The individual describes a series of traumatic events and ongoing challenges in their life, such as surgeries, war, language barriers, financial struggles, and the recent breakup with their partner. They express feelings of depression, mood swings, and a sense of being overwhelmed by these difficulties. The individual also mentions not wanting to go to a psychiatrist or take medication, indicating a reluctance to seek professional help. Overall, the combination of traumatic experiences, ongoing stressors, and the individual's emotional state suggests a potential diagnosis of depression.\",\n\"result\": \"Depression\"\n}\n</answer>"
    },
    {
      "index": 42,
      "label": "Depression",
      "response": "<answer>\n{\n\"thought\": \"The individual expresses feelings of depression, such as feeling out of place, having a sad look, and feeling uneasy every day. They also mention trying to push themselves to do small tasks and signing up for activities to make themselves feel better. However, they also express uncertainty about whether talking about their depression makes it worse and whether talking themselves out of feeling this way is helpful. This suggests a struggle with their mental health and a desire to stop feeling this way, indicating a potential diagnosis of depression.\",\n\"result\": \"Depression\"\n}\n</answer>"
    },
    {
      "index": 43,
      "label": "Depression",
      "response": "Based on the post, the assigned label would be SuicideWatch. The reasoning process is not provided in the post, but the mention of not knowing if they can reach out to people anymore suggests a potential struggle with suicidal thoughts or feelings of isolation."
    },
    {
      "index": 44,
      "label": "Depression",
      "response": "<answer>\n{\n\"thought\": \"The individual describes experiencing heightened emotions, feeling numbness, and a desire for comfort and support. These symptoms suggest a possible depressive state, as they align with common symptoms of depression such as heightened emotional sensitivity, feelings of numbness, and a desire for comfort and support. The mention of feeling tired all the time also indicates a potential impact on the individual's energy levels, which is commonly associated with depression. Therefore, the assigned label is Depression.\"\n\n\"result\": \"Depression\"\n\n</answer>"
    },
    {
      "index": 45,
      "label": "Depression",
      "response": "<answer>\n{\n\"thought\": \"The individual expresses high levels of anxiety and fear related to speaking to people and attending therapy. They mention losing sleep and feeling anxious even at the thought of leaving their room. This suggests a significant level of social anxiety and potential difficulty in opening up to a therapist, indicating a possible mental disorder of Anxiety.\"\n\"result\": \"Anxiety\"\n}\n</answer>"
    },
    {
      "index": 46,
      "label": "Depression",
      "response": "<answer>\n{\n\"thought\": \"The individual expresses feelings of hopelessness, despair, and a desire to end their life. They mention contemplating suicide, taking pills, and feeling tired of going through the same thought process every day. These thoughts and emotions strongly suggest the presence of suicidal ideation and a high risk for suicide. Therefore, the assigned label is SuicideWatch.\"\n\n\"result\": \"SuicideWatch\"\n\n</answer>"
    },
    {
      "index": 47,
      "label": "Depression",
      "response": "<answer>\n{\n    \"thought\": \"The individual mentions struggling with depression and difficulty making friends, indicating a potential social anxiety and low self-esteem. They express a desire for companionship and a sense of belonging, but also acknowledge their own perceived shortcomings in forming connections. This suggests a possible anxiety disorder, specifically social anxiety, as the assigned label.\"\n,\n    \"result\": \"Anxiety\"\n}\n</answer>"
    },
    {
      "index": 48,
      "label": "Depression",
      "response": "<answer>\n{\n\"thought\": \"The individual expresses a desire to feel emotions and experiences that are typically associated with being human. They mention not being able to feel joy, anger, or sadness, and describe feeling like a shell of a person. This suggests a potential lack of emotional connection and emotional numbness, which are common symptoms of depression. The individual also mentions wanting to grieve for their grandfather but not being able to, which further supports the possibility of depression. Therefore, the assigned label is Depression.\"\n\n\"result\": \"Depression\"\n\n</answer>"
    },
    {
      "index": 49,
      "label": "Depression",
      "response": "<answer>\n{\n\"thought\": \"The individual expresses feelings of struggle, disappointment, and emptiness, as well as a desire for change. They mention difficulties in completing tasks, struggling with motivation, and feeling disconnected from their current environment. They also mention a potential desire to take a break from school and work, but express uncertainty about their happiness in that situation. The individual seeks help and suggestions, indicating a need for support and guidance. These symptoms and experiences align with depression, as they involve feelings of sadness, lack of motivation, and a desire for change in one's life.\"\n\n\"result\": \"Depression\"\n\n</answer>\n\nReasoning:\n\n1. The individual describes feeling like a failure and expresses disappointment in themselves, which are common symptoms of depression.\n2. They mention struggling with even the smallest tasks and having difficulty falling asleep, which can be indicative of depressive symptoms such as lack of motivation and sleep disturbances.\n3. The individual expresses a desire for change and mentions feeling empty despite having what may seem like positive aspects in their life, such as being in a good school, being in a fraternity, and having a girlfriend. This suggests a lack of fulfillment and potential depressive symptoms.\n4. They seek help and suggestions, indicating a need for support and guidance, which is often sought by individuals experiencing depression."
    },
    {
      "index": 50,
      "label": "Depression",
      "response": "<answer>\n{\n    \"thought\": \"The individual expresses feelings of guilt and self-blame for burdening their friends with their problems, indicating a potential struggle with depression. They also mention feeling better after venting but then feeling worse the next day, which could be indicative of the cyclical nature of depression. Overall, the content of the post suggests a possible diagnosis of depression.\"\n,\n    \"result\": \"Depression\"\n}\n</answer>"
    },
    {
      "index": 51,
      "label": "Depression",
      "response": "<answer>\n{\n    \"thought\": \"The individual expresses feelings of envy towards others who have passion and drive, suggesting a lack of motivation and enjoyment in life. This could be indicative of depression, as it is common for individuals with depression to experience a loss of interest or pleasure in activities they once enjoyed.\",\n    \"result\": \"Depression\"\n}"
    },
    {
      "index": 52,
      "label": "Depression",
      "response": "Based on the content of the post, the assigned label would be Depression. Reasoning:\n\nThe post expresses feelings of depression and being caught between a moral problem and personal happiness. The individual mentions feeling depressed and alone most of the time, as well as feeling stuck in a situation where they have to choose between cutting ties with a friend or severely hurting a relationship. These emotions and thoughts align with symptoms commonly associated with depression, such as feelings of sadness, isolation, and difficulty making decisions."
    },
    {
      "index": 53,
      "label": "Depression",
      "response": "<answer>\n{\n\"thought\": \"The post mentions experiencing pain and terror since a young age, and expresses gratitude for their wife and kids for keeping it at bay. The post also expresses empathy towards others who may be feeling the same way. These statements suggest a long-standing struggle with mental health issues, specifically depression. The mention of not being able to reach out and grab someone's hand and the desire to help others not feel alone further supports the idea of depression, as it often involves feelings of isolation and a desire to connect with others.\",\n\"result\": \"Depression\"\n}\n</answer>"
    },
    {
      "index": 54,
      "label": "Depression",
      "response": "<answer>\n{\n\"thought\": \"The individual expresses feelings of worthlessness, low self-esteem, and emotional instability. They also mention struggling with health problems, sleeping too much, and experiencing emotional trauma. These symptoms and experiences align with depression and anxiety, suggesting that the individual may be dealing with both disorders. However, the mention of lashing out at people they love and the fear of pushing everyone away indicates a potential underlying issue of anger and difficulty managing emotions, which could be indicative of bipolar disorder. Therefore, the assigned label would be Bipolar.\"\n\n\"result\": \"Bipolar\"\n\n</answer>\n\nReasoning:\n\n1. The individual mentions feeling worthless, like a piece of shit, and having low self-esteem, which are common symptoms of depression.\n2. They also mention struggling with health problems, sleeping too much, and experiencing emotional trauma, which can be associated with depression.\n3. The individual describes experiencing emotional instability, such as getting upset about tiny things and lashing out at their boyfriend, which can be indicative of bipolar disorder.\n4. They express fear of pushing everyone away and not knowing who they are, which can be related to the mood swings and identity changes associated with bipolar disorder.\n\nOverall, the combination of depressive symptoms, emotional instability, and potential mood swings suggest that the individual may be dealing with both depression and bipolar disorder. However, the mention of lashing out and difficulty managing emotions points more strongly towards bipolar disorder as the assigned label."
    },
    {
      "index": 55,
      "label": "Depression",
      "response": "<answer>\n{\n\"thought\": \"The individual is expressing concern for their friend who is experiencing severe depression. They mention their friend's history of depression, alcoholism, and a difficult life. They also describe their friend's current symptoms, such as weight loss and lack of self-care. The individual is seeking advice on how to support their friend from a distance. This suggests that the friend is likely struggling with depression, and the individual is showing empathy and a desire to help.\"\n\n\"result\": \"Depression\"\n\n</answer>"
    },
    {
      "index": 56,
      "label": "Depression",
      "response": "<answer>\n{\n\"thought\": \"The individual expresses feelings of exhaustion, lack of motivation, and a desire to sleep all day. They also mention feeling like they are wandering through life and not seeing any point. Additionally, they mention being criticized by others and feeling afraid to ask questions. These thoughts and emotions suggest a potential diagnosis of depression, as they align with symptoms commonly associated with the disorder such as low energy, lack of interest, negative self-perception, and feelings of hopelessness.\"\n\n\"result\": \"Depression\"\n\n</answer>"
    },
    {
      "index": 57,
      "label": "Depression",
      "response": "<answer>\n{\n\"thought\": \"The individual expresses a lack of motivation, social isolation, and a decline in academic performance, which are common symptoms of depression. The mention of feeling stressed and spending most of their time alone in their room further supports the possibility of depression. Additionally, the individual mentions a history of being smart and having friends, but experiencing a decline in these areas, which can also be indicative of depression.\",\n\"result\": \"Depression\"\n}\n</answer>\n\nReasoning:\n\nThe post includes several symptoms commonly associated with depression, such as lack of motivation, social isolation, decline in academic performance, and feelings of sadness and loneliness. The individual also mentions a history of being smart and having friends, but experiencing a decline in these areas, which can further support the possibility of depression. The overall tone of the post suggests a significant level of distress and a negative impact on the individual's daily functioning, indicating a potential diagnosis of depression."
    },
    {
      "index": 58,
      "label": "Depression",
      "response": "<answer>\n{\n\"thought\": \"The individual expresses feelings of being stuck in life, exhaustion, and disappointment. They mention wanting to die, but not through suicide. They also mention their lack of fulfillment in relationships and career. These thoughts and emotions suggest a potential depressive state, as they align with symptoms commonly associated with depression, such as feelings of hopelessness, low self-esteem, and dissatisfaction with life circumstances.\",\n\"result\": \"Depression\"\n}\n</answer>\n\nReasoning:\n\nThe post includes statements suggesting a sense of being stuck in life, exhaustion, and disappointment. The individual expresses a desire to die, but specifies that it is not through suicide. They also mention their lack of fulfillment in relationships and career. These thoughts and emotions align with symptoms commonly associated with depression, such as feelings of hopelessness, low self-esteem, and dissatisfaction with life circumstances. Therefore, the assigned label is Depression."
    },
    {
      "index": 59,
      "label": "Depression",
      "response": "<answer>\n{\n\"thought\": \"The individual expresses feelings of low self-esteem, isolation, and a sense of failure. They also mention feeling like a burden to others and expecting them to have all the answers. These thoughts and emotions align with symptoms commonly associated with depression, such as low mood, feelings of worthlessness, and difficulty in functioning. The individual also mentions wanting to fast forward to a future when everything has fallen into place, which could indicate a desire for relief from their current struggles. Overall, the content of the post suggests a potential diagnosis of depression.\",\n\"result\": \"Depression\"\n}\n</answer>"
    },
    {
      "index": 60,
      "label": "Offmychest",
      "response": "<answer>\n{\n\"thought\": \"The individual describes a seemingly perfect life with no external factors that would suggest the presence of a mental disorder. However, they mention engaging in self-harming behavior (cutting) despite not understanding why. This behavior is often associated with underlying mental health issues such as depression or anxiety. The individual also expresses feelings of self-criticism, guilt, and a sense of not deserving their perfect life. These emotions and behaviors align with symptoms commonly associated with depression and anxiety, suggesting that these may be the underlying mental disorders in this case.\",\n\"result\": \"Depression\"\n}\n</answer>\n\nReasoning:\n\nThe individual describes a seemingly perfect life with no external factors that would suggest the presence of a mental disorder. However, they mention engaging in self-harming behavior (cutting) despite not understanding why. This behavior is often associated with underlying mental health issues such as depression or anxiety. The individual also expresses feelings of self-criticism, guilt, and a sense of not deserving their perfect life. These emotions and behaviors align with symptoms commonly associated with depression and anxiety, suggesting that these may be the underlying mental disorders in this case."
    },
    {
      "index": 61,
      "label": "Offmychest",
      "response": "<answer>\n{\n\"thought\": \"The individual expresses a lack of trust in people and a belief that relationships are not worth the mental exhaustion. They also mention their past experiences with failed relationships and their perception of others' inability to control their emotions. This suggests a potential underlying anxiety related to trust and relationships, as well as a negative perception of others. The individual also expresses a desire for understanding and a potential acceptance of staying single until they find someone they truly connect with.\",\n\"result\": \"Anxiety\"\n}\n</answer>\n\nReasoning: The post indicates a fear of getting close to people and a lack of trust in others, which are common symptoms of anxiety. The individual also expresses a belief that relationships are mentally exhausting and shares negative experiences with failed relationships, further suggesting anxiety-related thoughts and concerns. The mention of wanting to understand and potentially accepting staying single also indicates a level of uncertainty and anxiety about finding the right connection."
    },
    {
      "index": 62,
      "label": "Offmychest",
      "response": "<answer>\n{\n\"thought\": \"The individual is expressing frustration and annoyance with their friend's self-centered behavior and lack of listening. This suggests a potential issue with boundaries and communication in the friendship, which could contribute to feelings of anxiety and frustration. However, there is no indication of any other symptoms or experiences commonly associated with mental disorders such as depression or bipolar disorder. Therefore, the most appropriate label for this post would be Anxiety.\"\n\n\"result\": \"Anxiety\"\n\n</answer>"
    },
    {
      "index": 63,
      "label": "Offmychest",
      "response": "<answer>\n{\n\"thought\": \"The post describes a positive and fulfilling New Year's experience spent alone. The individual mentions choosing to ignore invites to the club and instead engage in activities that bring them joy, such as playing video games with their pup and cooking dinner. They also express a desire for authenticity and self-improvement. There is no indication of distress or symptoms of a mental disorder in this post.\",\n\"result\": \"No mental disorders\"\n}\n</answer>"
    },
    {
      "index": 64,
      "label": "Offmychest",
      "response": "<answer>\n{\n\"thought\": \"The individual expresses feelings of financial stress, guilt, and helplessness, as well as concern for their cat's health. These emotions and circumstances suggest a high level of anxiety and potential financial hardship, which may contribute to the assigned label of Anxiety.\"\n\"result\": \"Anxiety\"\n}\n</answer>\n\nReasoning:\n\nThe post describes a situation of financial stress and anxiety, with the individual expressing feelings of guilt and helplessness. They mention being in a hole and feeling like they will never get out of it. This suggests a high level of anxiety and financial hardship, which aligns with the assigned label of Anxiety. Additionally, the mention of the cat's health and the need to make difficult decisions regarding its care further supports the presence of anxiety in this situation."
    },
    {
      "index": 65,
      "label": "Offmychest",
      "response": "<answer>\n{\n    \"thought\": \"The post expresses frustration and anger towards the government and various societal issues. The language used suggests a high level of distress and dissatisfaction. The mention of losing faith in the country and not being proud to be an American indicates a significant level of emotional distress and potential feelings of hopelessness, which are commonly associated with depression.\",\n    \"result\": \"Depression\"\n}"
    },
    {
      "index": 66,
      "label": "Offmychest",
      "response": "<answer>\n{\n\"thought\": \"The post discusses the lack of attention and discussion towards white on white crime compared to other forms of crime. It highlights the predictability of certain reactions and debates on Reddit. The post also mentions the support for improved mental healthcare while advocating for the dismantling of safety nets. This suggests a potential focus on societal issues and a critique of systemic racism and bigotry. The mention of white rage and directing it towards other causes indicates a potential underlying anger and frustration. Overall, the post suggests a possible concern for social justice and a critique of societal norms, which aligns with the label of Offmychest.\",\n\"result\": \"Offmychest\"\n}\n</answer>"
    },
    {
      "index": 67,
      "label": "Offmychest",
      "response": "<answer>\n{\n    \"thought\": \"The individual expresses feelings of distress and a desire for emotional support during a difficult time. They mention their mother's breast cancer diagnosis and their own struggle to find someone to talk to. This suggests that the individual may be experiencing anxiety and a need for connection, possibly due to the stress and uncertainty surrounding their mother's health condition.\",\n    \"result\": \"Anxiety\"\n}"
    },
    {
      "index": 68,
      "label": "Offmychest",
      "response": "<answer>\n{\n\"thought\": \"The individual expresses concern for their abusive ex's new girlfriend and a sense of responsibility to warn her about his potential abusive behavior. They also mention their own guilt and feeling like it's their duty to help other girls. This suggests a heightened level of empathy and a potential preoccupation with the well-being of others, which could be indicative of anxiety. The individual's worry and guilt may be causing them distress and impacting their mental health.\",\n\"result\": \"Anxiety\"\n}\n</answer>\n\nReasoning: The post indicates that the individual is experiencing anxiety related to their ex's new relationship and their concern for the new girlfriend. They express guilt and a sense of responsibility to warn her about their ex's potential abusive behavior. This suggests that the individual may be experiencing anxiety related to their own past experiences and their worry for others. The post also mentions their own guilt and feeling like it's their duty to help other girls, which further supports the presence of anxiety."
    },
    {
      "index": 69,
      "label": "Offmychest",
      "response": "<answer>\n{\n\"thought\": \"The post expresses feelings of frustration, sadness, and longing in a relationship. The individual describes a lack of intimacy, feeling disconnected, and wanting to reconnect with their partner. They also mention their own struggles with happiness and pretending to be happy. These emotions and experiences suggest a potential mental disorder of depression, as they align with symptoms such as low mood, feelings of emptiness, and difficulty in maintaining relationships.\",\n\"result\": \"Depression\"\n}\n</answer>\n\nReasoning:\n\nThe post includes several indicators of depression. The individual expresses feelings of frustration, sadness, and longing in their relationship, as well as a lack of intimacy and disconnection. They also mention their own struggles with happiness and pretending to be happy, which can be indicative of depressive symptoms such as low mood and difficulty in maintaining relationships. Overall, the content of the post aligns with symptoms commonly associated with depression, leading to the assigned label of depression."
    },
    {
      "index": 70,
      "label": "Offmychest",
      "response": "<answer>\n{\n\"thought\": \"The individual is experiencing a significant amount of emotional distress and confusion in their marriage. They express feelings of betrayal, mistrust, and a lack of communication. The mention of potential infidelity and emotional affairs suggests a high level of emotional turmoil. The individual also expresses concerns about their wife's mental health and her ability to take care of their children. Overall, the post indicates a significant amount of stress and potential mental health issues within the marriage.\",\n\"result\": \"Depression\"\n}\n</answer>\n\nReasoning: The post describes a range of emotional distress and relationship issues, including feelings of betrayal, mistrust, and confusion. The individual expresses concerns about their wife's mental health and her ability to take care of their children. These symptoms and experiences align with the symptoms commonly associated with depression, such as feelings of sadness, hopelessness, and a lack of interest in activities. The individual also mentions potential infidelity and emotional affairs, which can contribute to feelings of low self-worth and exacerbate depressive symptoms."
    },
    {
      "index": 71,
      "label": "Offmychest",
      "response": "Based on the content of the post, the assigned label would be Depression. Reasoning:\n\nThe post includes several indicators of depression. The individual expresses feelings of guilt, self-blame, and a sense of being ruined by past experiences. They also mention feeling choked, paranoid, and unable to trust or be loved, which are common symptoms associated with depression. The individual describes their life as being \"fucked up\" in multiple areas, including their job, education, and housing situation. They express a desire to take responsibility for their problems and fix them, indicating a sense of hopelessness and a lack of motivation. Overall, the post demonstrates a significant level of emotional distress and aligns with symptoms commonly associated with depression."
    },
    {
      "index": 72,
      "label": "Offmychest",
      "response": "<answer>\n{\n    \"thought\": \"The post explicitly mentions a suicide attempt, indicating a history of suicidal ideation or behavior. This suggests that the individual may be struggling with suicidal thoughts and should be assessed for potential mental health issues, such as depression or anxiety.\",\n    \"result\": \"SuicideWatch\"\n}\n</answer>"
    },
    {
      "index": 73,
      "label": "Offmychest",
      "response": "<answer>\n{\n\"thought\": \"The individual expresses feelings of dread and frustration towards their grandmother's behavior in the kitchen during the holidays. This suggests a potential anxiety disorder, as the individual is experiencing significant distress and discomfort in this specific situation. The mention of wanting to have control over the meal and the desire for a peaceful celebration further supports the presence of anxiety in this context.\",\n\"result\": \"Anxiety\"\n}\n</answer>\n\nReasoning:\n\nThe post describes a specific situation that causes the individual significant distress and discomfort, which is the grandmother's behavior in the kitchen during the holidays. The individual expresses feelings of dread and frustration, indicating a potential anxiety disorder. The mention of wanting control over the meal and the desire for a peaceful celebration further supports the presence of anxiety in this context."
    },
    {
      "index": 74,
      "label": "Offmychest",
      "response": "Based on the content of the post, the assigned label would be Depression. Reasoning: The post includes several indicators of depression. The individual expresses feelings of guilt, regret, and self-blame for ending a relationship. They also mention feeling anxious and having a fear of losing the person they love. The post describes a sense of hopelessness and a belief that they may have pushed the person away. These are all common symptoms associated with depression, such as feelings of worthlessness, guilt, and anxiety."
    },
    {
      "index": 75,
      "label": "Offmychest",
      "response": "<answer>\n{\n\"thought\": \"The individual describes experiencing intense panic and adrenaline during the chase, as well as feeling numb and detached from reality. They also mention feeling pain and discomfort in their body after the incident. These symptoms suggest a high level of anxiety and potentially a panic disorder. The mention of feeling dreamy and not wanting to be involved in other people's issues anymore could also indicate a heightened state of anxiety and potential avoidance behaviors.\",\n\"result\": \"Anxiety\"\n}\n</answer>"
    },
    {
      "index": 76,
      "label": "Offmychest",
      "response": "<answer>\n{\n\"thought\": \"The individual expresses feelings of unhappiness, anxiety, and a lack of fulfillment in various aspects of their life. They mention being overweight in the past and still feeling fat, despite losing weight. They also mention having a loving boyfriend but still feeling unhappy and anxious. The individual expresses difficulty in making friends and having high standards for relationships. They also mention a fear of seeking help for depression due to negative experiences with medication. Overall, the individual's thoughts and emotions suggest a potential diagnosis of depression.\"\n\n\"result\": \"Depression\"\n\n</answer>\n\nReasoning:\n\nThe individual's post includes several indicators of depression. They express feelings of unhappiness, anxiety, and a lack of fulfillment in various aspects of their life. They mention being overweight in the past and still feeling fat, despite losing weight, which could contribute to body image issues and low self-esteem. They also mention having a loving boyfriend but still feeling unhappy and anxious, suggesting a lack of satisfaction or fulfillment in their relationship. The individual expresses difficulty in making friends and having high standards for relationships, which could indicate social anxiety or difficulty in forming and maintaining connections. They also mention a fear of seeking help for depression due to negative experiences with medication, which could suggest a lack of hope or belief in the effectiveness of treatment. Overall, the individual's thoughts and emotions align with symptoms commonly associated with depression."
    },
    {
      "index": 77,
      "label": "Offmychest",
      "response": "<answer>\n{\n\"thought\": \"The individual expresses feelings of hopelessness, worthlessness, and a desire to stop existing. They also mention struggling with finding employment and feeling like a burden to others. These thoughts and emotions align with symptoms commonly associated with depression, such as feelings of worthlessness, lack of motivation, and suicidal thoughts.\",\n\"result\": \"Depression\"\n}\n</answer>"
    },
    {
      "index": 78,
      "label": "Offmychest",
      "response": "Based on the post, the assigned label would be Depression. Reasoning: The post expresses feelings of low self-worth and a sense of not being important to others. This is a common symptom of depression, as individuals with depression often struggle with feelings of worthlessness and a negative perception of themselves."
    },
    {
      "index": 79,
      "label": "Offmychest",
      "response": "Based on the provided post, the assigned label would be \"Offmychest\".\n\nReasoning: The post does not contain any specific mentions or descriptions of symptoms or experiences commonly associated with mental disorders such as anxiety, suicide, bipolar disorder, or depression. The content primarily focuses on expressing love and admiration towards someone. Therefore, the most appropriate label in this case would be \"Offmychest\", as it does not fit any of the other categories provided."
    },
    {
      "index": 80,
      "label": "SuicideWatch",
      "response": "<answer>\n{\n\"thought\": \"The individual expresses thoughts of suicide and a desire to end their life. They mention previous experiences with suicidal ideation and a current urge to grab a gun. These thoughts and actions indicate a high level of distress and potential risk for self-harm, suggesting the presence of suicidal tendencies and the need for immediate intervention and support.\",\n\"result\": \"SuicideWatch\"\n}\n</answer>"
    },
    {
      "index": 81,
      "label": "SuicideWatch",
      "response": "<answer>\n{\n\"thought\": \"The post contains multiple statements indicating a desire to die and a plan to end one's life. The individual expresses feelings of being a burden and causing sadness to their loved ones. These thoughts and emotions align with suicidal ideation, suggesting the presence of a mental disorder related to suicide. Therefore, the assigned label is SuicideWatch.\"\n\"result\": \"SuicideWatch\"\n}\n</answer>"
    },
    {
      "index": 82,
      "label": "SuicideWatch",
      "response": "<answer>\n{\n    \"thought\": \"The individual is expressing feelings of depression, hopelessness, and contemplating suicide due to the impending loss of their mother. They also mention feeling alone and unsure of how to cope with the situation. These thoughts and emotions align with symptoms commonly associated with depression and suicidal ideation, suggesting that the individual may be struggling with these mental disorders.\",\n    \"result\": \"Depression\"\n}"
    },
    {
      "index": 83,
      "label": "SuicideWatch",
      "response": "<answer>\n{\n\"thought\": \"The individual is expressing feelings of extreme distress, hopelessness, and thoughts of self-harm. They mention going through a tough time and feeling overwhelmed by various life challenges, including a recent breakup, health issues, financial problems, and the impending loss of their beloved pet. They also mention feeling isolated and lacking a support system. These factors, combined with the mention of thoughts of ending their life, suggest that the individual may be experiencing suicidal ideation and is in need of immediate help and support.\",\n\"result\": \"SuicideWatch\"\n}\n</answer>"
    },
    {
      "index": 84,
      "label": "SuicideWatch",
      "response": "<answer>\n{\n\"thought\": \"The individual expresses feelings of hopelessness, despair, and a desire to end their life. They also mention having unrealistic goals and feeling out of touch with reality. These are common symptoms associated with depression and suicidal ideation. The individual also mentions a lack of friends and a dissatisfaction with their current lifestyle, which can contribute to feelings of isolation and further exacerbate depressive symptoms. Therefore, the assigned label is Depression.\"\n\n\"result\": \"Depression\"\n\n</answer>"
    },
    {
      "index": 85,
      "label": "SuicideWatch",
      "response": "<answer>\n{\n\"thought\": \"The post mentions thoughts of dying and the potential impact it would have on loved ones. This suggests a preoccupation with death and a possible lack of support from their fiancé, which could be indicative of suicidal ideation. The mention of years of unsuccessful treatment also suggests a history of mental health struggles, potentially including depression or bipolar disorder.\",\n\"result\": \"SuicideWatch\"\n}\n</answer>"
    },
    {
      "index": 86,
      "label": "SuicideWatch",
      "response": "<answer>\n{\n\"thought\": \"The individual expresses feelings of being drained and experiencing a downward spiral, as well as reaching out for help for the first time. They also mention their fear of their achievement being taken away if they were to express their true thoughts to someone. These thoughts and emotions suggest a potential struggle with depression, as they describe feeling abandoned and worried about their achievements being taken away. The mention of suicidal people and their role in supporting them also indicates a potential connection to the topic of suicide, which could be a contributing factor to their depressive symptoms.\",\n\"result\": \"Depression\"\n}\n</answer>"
    },
    {
      "index": 87,
      "label": "SuicideWatch",
      "response": "<answer>\n{\n\"thought\": \"This post indicates a serious concern for a child who is expressing thoughts of suicide. The mention of the child's mother passing away, abusive father, and history of cutting all suggest a high level of distress and potential risk for self-harm. The urgency and uncertainty expressed by the poster also indicate the severity of the situation. Therefore, the assigned label would be SuicideWatch.\"\n\n\"result\": \"SuicideWatch\"\n\n</answer>"
    },
    {
      "index": 88,
      "label": "SuicideWatch",
      "response": "<answer>\n{\n\"thought\": \"The post expresses feelings of hopelessness, worthlessness, and a lack of purpose, which are common symptoms of depression. The mention of not finding any good reason to carry on and feeling like a worthless coward further supports the possibility of depression. The individual also seeks validation and connection by asking others about what makes life worth living for them, which can be indicative of depressive symptoms such as social withdrawal and a desire for support.\"\n\n\"result\": \"Depression\"\n\n}\n</answer>"
    },
    {
      "index": 89,
      "label": "SuicideWatch",
      "response": "<answer>\n{\n\"thought\": \"The individual expresses feelings of wanting to kill themselves as a form of revenge and mentions experiencing abuse, neglect, and lack of support from family members and a best friend. They also mention being diagnosed with learning disorders, cognitive issues, and severe anxiety. These factors suggest a high likelihood of depression and possibly suicidal ideation, as well as potential underlying anxiety and trauma-related issues.\",\n\"result\": \"Depression\"\n}\n</answer>\n\nReasoning:\n\nThe post includes multiple indicators of depression, such as feelings of wanting to disappear and expressing exhaustion. The individual also mentions experiencing abuse, neglect, and lack of support from family members and a best friend, which can contribute to feelings of isolation and hopelessness. The mention of being diagnosed with learning disorders, cognitive issues, and severe anxiety further suggests a potential underlying mental health condition. The combination of these factors leads to the assessment of depression as the most likely mental disorder in this case."
    },
    {
      "index": 90,
      "label": "SuicideWatch",
      "response": "<answer>\n{\n\"thought\": \"The individual expresses feelings of depression, hopelessness, and thoughts of ending their life. They mention a history of depression starting at the age of 15 and feeling unloved and neglected by their father. They also mention financial problems and feeling overwhelmed by the invoice for their driving lessons. The individual expresses a lack of support from their family and a belief that nobody loves them. They also mention contemplating ending their life. These factors suggest that the individual may be experiencing depression and suicidal ideation, leading to the assigned label of Depression.\"\n\n\"result\": \"Depression\"\n\n</answer>"
    },
    {
      "index": 91,
      "label": "SuicideWatch",
      "response": "<answer>\n{\n\"thought\": \"The individual expresses feelings of hopelessness, loss, and a desire to take their own life. They mention that their girl, self, mind, and dreams are gone and that nothing they can do can take back the past. They also mention the destructive nature of a narcissistic personality. These thoughts and emotions suggest a high level of distress and potential suicidal ideation, indicating a possible mental disorder of SuicideWatch.\",\n\"result\": \"SuicideWatch\"\n}\n</answer>"
    },
    {
      "index": 92,
      "label": "SuicideWatch",
      "response": "<answer>\n{\n\"thought\": \"The individual expresses feelings of self-blame, guilt, and frustration related to their procrastination problem and its impact on their academic performance. They also mention thoughts of self-harm and feeling like a burden to their family. These thoughts and emotions suggest a high level of distress and potential risk for suicide. Therefore, the assigned label is SuicideWatch.\"\n\n\"result\": \"SuicideWatch\"\n\n</answer>\n\nReasoning:\n\nThe post includes statements indicating a significant struggle with procrastination, feelings of guilt and self-blame, and thoughts of self-harm. These are common symptoms associated with depression and anxiety. However, the mention of thoughts of self-harm and feeling like a burden to their family suggests a higher level of distress and potential risk for suicide. Therefore, the assigned label is SuicideWatch."
    },
    {
      "index": 93,
      "label": "SuicideWatch",
      "response": "<answer>\n{\n\"thought\": \"The post indicates a clear intention to end one's life, expressing feelings of hopelessness, fear, and a lack of joy. The mention of jumping from a multi-story car park suggests a specific plan and immediate danger. These factors strongly suggest suicidal ideation and the need for immediate intervention and support.\",\n\"result\": \"SuicideWatch\"\n}\n</answer>"
    },
    {
      "index": 94,
      "label": "SuicideWatch",
      "response": "<answer>\n{\n    \"thought\": \"The individual expresses feelings of exhaustion, frustration, and self-blame, as well as mentioning various stressors such as academic pressure, financial problems, and relationship issues. These factors, combined with the mention of hating their life, suggest a high level of distress and potential depression.\",\n    \"result\": \"Depression\"\n}"
    },
    {
      "index": 95,
      "label": "SuicideWatch",
      "response": "<answer>\n{\n\"thought\": \"The individual describes a history of depression, suicidal thoughts, self-harm, and social anxiety. They express a desire for help and alternatives to expensive treatment. The mention of being a burden to their parents and feeling like a loser suggests low self-esteem and feelings of worthlessness. The individual also mentions a lack of support from their family and friends, and a history of being bullied and socially isolated. Overall, the content of the post indicates a high likelihood of depression and suicidal ideation, making the assigned label of Depression appropriate.\"\n}\n</answer>"
    },
    {
      "index": 96,
      "label": "SuicideWatch",
      "response": "<answer>\n{\n    \"thought\": \"The post indicates a lack of empathy towards others and a sense of hopelessness and boredom with life. The mention of not wanting to change and minimizing impact on others suggests a potential disconnection from others and a lack of motivation to improve one's situation. These thoughts and feelings align with symptoms commonly associated with depression, such as apathy, hopelessness, and suicidal ideation. Therefore, the assigned label is Depression.\"\n\n\"result\": \"Depression\"\n\n</answer>"
    },
    {
      "index": 97,
      "label": "SuicideWatch",
      "response": "<answer>\n{\n    \"thought\": \"The individual expresses a calm and logical contemplation of suicide, as well as a history of self-harm. They also mention feeling drained and lacking energy to care for themselves. These thoughts and behaviors are indicative of depression and suicidal ideation, suggesting the presence of both depression and SuicideWatch as potential mental disorders.\",\n    \"result\": \"SuicideWatch\"\n}\n</answer>\n\nReasoning:\n\nThe post includes multiple indicators of depression and suicidal ideation. The individual describes feeling calm and logical when contemplating suicide, which is a departure from their previous emotional experiences with suicidal thoughts. They also mention a history of self-harm and feeling drained and lacking energy to care for themselves. These symptoms and behaviors align with the symptoms commonly associated with depression and suicidal ideation, leading to the conclusion that both depression and SuicideWatch are potential mental disorders in this case."
    },
    {
      "index": 98,
      "label": "SuicideWatch",
      "response": "<answer>\n{\n    \"thought\": \"The individual expresses a sense of hopelessness and regret, indicating a negative outlook on life and a desire to have died earlier. This suggests a potential presence of depression and suicidal thoughts.\",\n    \"result\": \"Depression\"\n}\n</answer>"
    },
    {
      "index": 99,
      "label": "SuicideWatch",
      "response": "<answer>\n{\n    \"thought\": \"The post indicates a high level of distress and a desire to harm oneself. The mention of being bashed and hated suggests a negative and potentially abusive environment. The statement 'I'm going to kill myself' is a clear indication of suicidal ideation, indicating a potential mental disorder of SuicideWatch.\",\n    \"result\": \"SuicideWatch\"\n}\n</answer>"
    }
  ]
}