{
  "SWMH": [
    {
      "index": 0,
      "label": "Anxiety",
      "response": "<answer>\n{\n    \"thought\": \"The user describes a strange feeling associated with sunsets that is difficult to explain. They mention a history of anxiety and depersonalization, which suggests that they may be experiencing some form of anxiety or dissociative disorder. However, the user does not mention any specific symptoms of anxiety or dissociation in relation to sunsets, and the feeling they describe seems more neutral than negative. Therefore, the most likely mental disorder that the user may be experiencing is Offmychest, which is a catch-all category for posts that do not fit into any of the other categories.\",\n    \"result\": \"Offmychest\",\n}\n</answer>"
    },
    {
      "index": 1,
      "label": "Anxiety",
      "response": "<answer>\n{\n    \"thought\": \"The user mentions experiencing severe fatigue and being bed bound for weeks/months at a time, which are common symptoms of Chronic Fatigue Syndrome (CFS/ME). However, the user also mentions having anxiety since childhood and recently challenging their anxious thoughts, which has led to improved sleep and physical ability. This suggests that the user's symptoms may be related to anxiety rather than solely CFS/ME.\",\n    \"result\": \"Anxiety\",\n}\n</answer>"
    },
    {
      "index": 2,
      "label": "Anxiety",
      "response": "<answer>\n{\n    \"thought\": \"The user is expressing anxiety over a situation that they feel they have no control over. They have already taken action by writing letters and posting about it, but they are still feeling anxious and unable to enjoy other things or focus on work. This suggests that the user is experiencing anxiety related to a specific situation, rather than a general anxiety disorder. However, the user's inability to control their anxiety and the impact it is having on their daily life suggests that they may benefit from seeking professional help to manage their anxiety.\",\n    \"result\": \"Anxiety\",\n}\n</answer>"
    },
    {
      "index": 3,
      "label": "Anxiety",
      "response": "<answer>\n{\n    \"thought\": \"The user mentions feeling misplaced and not wanting to be at home, which could be indicative of depression. Additionally, the user mentions alcohol as a depressant, which could suggest a potential substance abuse issue that may be contributing to their mental health struggles.\",\n    \"result\": \"Depression\",\n}\n</answer>"
    },
    {
      "index": 4,
      "label": "Anxiety",
      "response": "<answer>\n{\n    \"thought\": \"The user mentions having anxiety and being extremely disorganized and messy, which makes them more anxious. This suggests that the user's anxiety may be contributing to their disorganization and messiness, creating a cycle that is difficult to break. This is a common symptom of anxiety disorders, where individuals may struggle with organization and planning due to their anxiety.\",\n    \"result\": \"Anxiety\",\n}\n</answer>"
    },
    {
      "index": 5,
      "label": "Anxiety",
      "response": "<answer>\n{\n    \"thought\": \"The user mentions that their anxiety was under control for two years but has recently returned. They also mention that they are seeing a therapist and are considering medication. The user's frustration and desire to seek medical help suggest that their anxiety is impacting their daily life and causing significant distress.\",\n    \"result\": \"Anxiety\",\n}\n</answer>"
    },
    {
      "index": 6,
      "label": "Anxiety",
      "response": "<answer>\n{\n    \"thought\": \"The user is experiencing anxiety due to job loss and approaching a milestone birthday. They are having trouble sleeping and their mind is racing at night, which are common symptoms of anxiety.\",\n    \"result\": \"Anxiety\",\n}\n</answer>"
    },
    {
      "index": 7,
      "label": "Anxiety",
      "response": "<answer>\n{\n    \"thought\": \"The user mentions experiencing chest pains and attributes it to anxiety, which is a common symptom of anxiety disorders. The user also mentions going through a lot recently, which could be a trigger for anxiety.\",\n    \"result\": \"Anxiety\",\n}\n</answer>"
    },
    {
      "index": 8,
      "label": "Anxiety",
      "response": "<answer>\n{\n    \"thought\": \"The user is sharing an article about fear and how it can be overcome, which suggests that they may be experiencing anxiety or fear themselves. However, the tone of the post is positive and encouraging, which suggests that the user is not in a state of crisis or distress. Therefore, the most likely mental disorder is Anxiety.\",\n    \"result\": \"Anxiety\",\n}\n</answer>"
    },
    {
      "index": 9,
      "label": "Anxiety",
      "response": "<answer>\n{\n    \"thought\": \"The user expresses anxiety and fear of disappointing others when they receive compliments. They also mention trying to dismiss compliments, which suggests a lack of self-confidence and self-esteem. These symptoms are consistent with anxiety disorder.\",\n    \"result\": \"Anxiety\",\n}\n</answer>"
    },
    {
      "index": 10,
      "label": "Anxiety",
      "response": "<answer>\n{\n    \"thought\": \"The user's post describes a range of symptoms that are commonly associated with anxiety disorders, including hyper-sensitivity to bodily sensations, fear of digestive tract pain, and panic attacks. The user also mentions taking medication for anxiety and panic attacks, which further supports the diagnosis of anxiety. While the user mentions feeling disconnected and hopeless, these symptoms are also commonly seen in anxiety disorders. Overall, the user's post suggests that anxiety is the most likely mental disorder.\",\n    \"result\": \"Anxiety\",\n}\n</answer>"
    },
    {
      "index": 11,
      "label": "Anxiety",
      "response": "<answer>\n{\n    \"thought\": \"The user is expressing fear and anxiety about losing their girlfriend, which is a common symptom of anxiety disorders. They are also expressing a sense of dependence on their girlfriend, which can be a sign of an unhealthy attachment style. Additionally, the user's statement that they will die if they lose their girlfriend suggests a potential for suicidal ideation.\",\n    \"result\": \"Anxiety\",\n}\n</answer>"
    },
    {
      "index": 12,
      "label": "Anxiety",
      "response": "<answer>\n{\n    \"thought\": \"The user's post describes a pattern of anxiety and depression that is triggered by separation from their partner. They mention feeling afraid of being alone, having suicidal ideation, and experiencing self-harm urges when their partner leaves. This suggests that the user may be experiencing adult separation anxiety, which is a type of anxiety disorder that is characterized by excessive fear or anxiety about separation from a loved one. The user's post also mentions that they have been diagnosed with generalized anxiety disorder (GAD) in the past, which may be contributing to their current symptoms.\",\n    \"result\": \"Anxiety\",\n}\n</answer>"
    },
    {
      "index": 13,
      "label": "Anxiety",
      "response": "<answer>\n{\n    \"thought\": \"The user is experiencing obsessive thoughts and compulsions related to health concerns, specifically herpes. They are also experiencing panic attacks and a fear of rejection from their partner. These symptoms are indicative of OCD and anxiety.\",\n    \"result\": \"Anxiety\",\n}\n</answer>"
    },
    {
      "index": 14,
      "label": "Anxiety",
      "response": "<answer>\n{\n    \"thought\": \"The user's post suggests a sense of hopelessness and despair, which are common symptoms of depression. The user's statement that they cannot deal with something anymore implies a feeling of being overwhelmed and unable to cope, which is also a common symptom of depression.\",\n    \"result\": \"Depression\",\n}\n</answer>"
    },
    {
      "index": 15,
      "label": "Anxiety",
      "response": "<answer>\n{\n    \"thought\": \"The user is experiencing a strong emotional reaction to a relatively minor setback, which suggests that they may be struggling with anxiety. The user also mentions feeling \"upset and let down\" and that \"everything spills over,\" which are common symptoms of anxiety.\",\n    \"result\": \"Anxiety\",\n}\n</answer>"
    },
    {
      "index": 16,
      "label": "Anxiety",
      "response": "<answer>\n{\n    \"thought\": \"The user describes experiencing a very anxious day with physical symptoms such as muscular tension and an inability to focus. They also mention having thoughts of suicide and feeling hopeless. The user also describes feeling a wave of sadness and pain that they are unable to express. These symptoms and thoughts are indicative of depression.\",\n    \"result\": \"Depression\",\n}\n</answer>"
    },
    {
      "index": 17,
      "label": "Anxiety",
      "response": "<answer>\n{\n    \"thought\": \"The user is experiencing depression and has taken a large dose of Zoloft, which is an antidepressant medication. They are now experiencing side effects and are concerned about their health. This behavior suggests that the user may be at risk for suicide or self-harm.\",\n    \"result\": \"SuicideWatch\",\n}\n</answer>"
    },
    {
      "index": 18,
      "label": "Anxiety",
      "response": "<answer>\n{\n    \"thought\": \"The user is seeking natural supplements to help with their moderate work anxiety, which suggests that they are experiencing anxiety symptoms that are impacting their daily life. They specifically mention the beginning of their 12hr shift as a time when their anxiety is particularly high, which may indicate that they are experiencing anticipatory anxiety or situational anxiety related to their work environment. The user's request for herbal or other anxiety reducing remedies suggests that they are open to alternative or complementary approaches to managing their anxiety, which is consistent with the Offmychest category.\",\n    \"result\": \"Offmychest\",\n}\n</answer>"
    },
    {
      "index": 19,
      "label": "Anxiety",
      "response": "<answer>\n{\n    \"thought\": \"The user is asking about the hidden cause of anxiety and mentions that their therapist believes there is always a hidden event or events causing someone's anxiety. The user also mentions that social anxiety might be caused by a bad interaction or a past trauma, and anxiety about failing might be caused by a past failure. The user is curious about the causes of anxiety for those who have experienced trauma.\",\n    \"result\": \"Anxiety\",\n}\n</answer>"
    },
    {
      "index": 20,
      "label": "Bipolar",
      "response": "<answer>\n{\n    \"thought\": \"The user has a history of major depression and manic episodes, and has been diagnosed with BP2 and ADHD. They have recently started taking medication and are feeling much better. The user is encouraging others to seek help and take the leap of faith, indicating that they have overcome their fear of stigma and are now advocating for mental health awareness.\",\n    \"result\": \"Bipolar\",\n}\n</answer>"
    },
    {
      "index": 21,
      "label": "Bipolar",
      "response": "<answer>\n{\n    \"thought\": \"The user is expressing a lot of stress and anxiety about the upcoming holidays, specifically about coordinating the meal and dealing with their husband's behavior towards their sister. They also mention feeling on the verge of a breakdown and having a difficult time at work with their coworkers. These symptoms suggest that the user may be experiencing anxiety.\",\n    \"result\": \"Anxiety\",\n}\n</answer>"
    },
    {
      "index": 22,
      "label": "Bipolar",
      "response": "<answer>\n{\n    \"thought\": \"The user is expressing concerns about their medication regimen and questioning their psychiatrist's decision. They are also researching their medications and potential side effects, which suggests a high level of anxiety and worry about their mental health. Additionally, the user mentions bipolar disorder, which suggests that they may be experiencing mood swings or other symptoms associated with this condition.\",\n    \"result\": \"Anxiety\",\n}\n</answer>"
    },
    {
      "index": 23,
      "label": "Bipolar",
      "response": "<answer>\n{\n    \"thought\": \"The user's mother has been diagnosed with bipolar disorder and has been prescribed several medications, including anti-psychotics, anti-depressants, and a benzo. The user's mother has been experiencing severe side effects from these medications, including being a \"living walking panic attack\" and being unable to take care of herself. The user is concerned about their mother's well-being and wants to help her at the doctor's office. The user is also experiencing emotional distress due to the situation with their mother.\",\n    \"result\": \"Bipolar\",\n}\n</answer>"
    },
    {
      "index": 24,
      "label": "Bipolar",
      "response": "<answer>\n{\n    \"thought\": \"The user has been diagnosed with bipolar disorder and is seeking information on what to expect from their medication. This suggests that the user is experiencing symptoms of bipolar disorder and is seeking help and support.\",\n    \"result\": \"Bipolar\",\n}\n</answer>"
    },
    {
      "index": 25,
      "label": "Bipolar",
      "response": "<answer>\n{\n    \"thought\": \"The user has bipolar disorder II with ultra-rapid cycling and OCD, and is looking for pharmacological relief for their OCD. They are already taking cognitive therapy and are unable to take SSRI's. They are currently taking Lamictal, Abilify, and Lithium for their bipolar disorder. They are asking about the effectiveness of Buspar for anxiety relief and potential side effects.\",\n    \"result\": \"Bipolar\"\n}\n</answer>"
    },
    {
      "index": 26,
      "label": "Bipolar",
      "response": "<answer>\n{\n    \"thought\": \"The user mentions having bipolar disorder and describes several impulsive behaviors that have resulted in financial and academic consequences. They express worry about their future and ability to hold a job. These behaviors and concerns are consistent with bipolar disorder.\",\n    \"result\": \"Bipolar\",\n}\n</answer>"
    },
    {
      "index": 27,
      "label": "Bipolar",
      "response": "<answer>\n{\n    \"thought\": \"The user mentions crying at CVS pharmacy and struggling to get their medication due to issues between their doctor and CVS. They also mention being horrible with confrontation and crying in Target beauty aisle. The user also mentions bipolar disorder and describes their life as a dark comedy. These behaviors and descriptions suggest that the user may be experiencing bipolar disorder.\",\n    \"result\": \"Bipolar\",\n}\n</answer>"
    },
    {
      "index": 28,
      "label": "Bipolar",
      "response": "<answer>\n{\n    \"thought\": \"The user is experiencing episodes of disassociation and psychosis, which are causing them to lose time and have violent outbursts. They are scared of losing their mind and are worried about the potential consequences of these episodes, such as driving while disassociated. The user is also experiencing anxiety about their medication change and is unsure of what to do next. These symptoms and concerns suggest that the user may be experiencing anxiety.\",\n    \"result\": \"Anxiety\",\n}\n</answer>"
    },
    {
      "index": 29,
      "label": "Bipolar",
      "response": "<answer>\n{\n    \"thought\": \"The user is experiencing flashbacks of their past manic episodes, which are causing them to feel angry and ashamed. They are also struggling with the idea that others may view them differently due to their bipolar diagnosis. These feelings of anger and shame, combined with the user's recent diagnosis and the fact that they are experiencing flashbacks, suggest that they may be experiencing symptoms of bipolar disorder.\",\n    \"result\": \"Bipolar\",\n}\n</answer>"
    },
    {
      "index": 30,
      "label": "Bipolar",
      "response": "<answer>\n{\n    \"thought\": \"The user is asking about coping with the holidays and how they affect mood, which suggests that they may be experiencing stress or anxiety related to the holiday season.\",\n    \"result\": \"Anxiety\",\n}\n</answer>"
    },
    {
      "index": 31,
      "label": "Bipolar",
      "response": "<answer>\n{\n    \"thought\": \"The user is asking about synchronicities during mania, which suggests that they may be experiencing symptoms of bipolar disorder. They also mention having had two psychotic episodes, which is a common symptom of bipolar disorder. Additionally, the user's use of the term'synchronicities' suggests that they may be experiencing delusions or hallucinations, which are also common symptoms of bipolar disorder.\",\n    \"result\": \"Bipolar\",\n}\n</answer>"
    },
    {
      "index": 32,
      "label": "Bipolar",
      "response": "<answer>\n{\n    \"thought\": \"The user is discussing a relationship between the time of year and mood, specifically mentioning manic episodes in the late fall/early winter. This suggests a potential link between seasonal changes and mood, which is a common symptom of bipolar disorder.\",\n    \"result\": \"Bipolar\",\n}\n</answer>"
    },
    {
      "index": 33,
      "label": "Bipolar",
      "response": "<answer>\n{\n    \"thought\": \"The user is expressing concerns about losing their job and applying for disability. They mention having a strong case and their pdoc recommending disability. They also mention struggling with basic functions of living and hope to get disability. This suggests that the user may be experiencing anxiety related to their job loss and potential disability application.\",\n    \"result\": \"Anxiety\",\n}\n</answer>"
    },
    {
      "index": 34,
      "label": "Bipolar",
      "response": "<answer>\n{\n    \"thought\": \"The user is experiencing anxiety due to the potential withdrawal symptoms from their medication and the difficulty in obtaining a refill. They are also expressing frustration and desperation in their situation.\",\n    \"result\": \"Anxiety\",\n}\n</answer>"
    },
    {
      "index": 35,
      "label": "Bipolar",
      "response": "<answer>\n{\n    \"thought\": \"The user is expressing feelings of self-loathing and insecurity, which are common symptoms of depression. They also mention feeling trapped in their mind, body, and life, which can be a sign of severe depression. The user's tendency to criticize and berate themselves is also a common symptom of depression.\",\n    \"result\": \"Depression\",\n}\n</answer>"
    },
    {
      "index": 36,
      "label": "Bipolar",
      "response": "{\n    \"thought\": \"The user's post suggests that they have been experiencing anxiety and have a history of self-harm and eating disorders. They also mention that they have tried various methods to manage their mental health, including therapy, exercise, and support systems. The user expresses frustration with medical professionals and their tendency to throw around diagnoses without sensitivity. The user's post also suggests that they may be experiencing symptoms of bipolar disorder, such as manic episodes and mood swings. However, the user rejects the psychiatrist's suggestion that they may have borderline personality disorder, citing their own knowledge of bipolar disorder and the fact that they have a history of self-harm and eating disorders.\",\n    \"result\": \"Bipolar\"\n}"
    },
    {
      "index": 37,
      "label": "Bipolar",
      "response": "<answer>\n{\n    \"thought\": \"The user mentions having suicidal thoughts and feeling consumed by them, which suggests a potential mental disorder related to suicidal ideation. The user also mentions feeling like they can't function and that nothing is working, which could indicate a depressive episode. However, the user also mentions that they haven't had suicidal thoughts in months and that they were feeling okay before this episode, which could suggest a bipolar disorder. Overall, the user's post suggests a potential mental disorder related to suicidal ideation and depressive episodes, which could be indicative of bipolar disorder.\",\n    \"result\": \"Bipolar\",\n}\n</answer>"
    },
    {
      "index": 38,
      "label": "Bipolar",
      "response": "<answer>\n{\n    \"thought\": \"The user mentions experiencing winter depression, which is a common symptom of Seasonal Affective Disorder (SAD). The user also mentions that their medication is not working effectively, which could indicate a need for a medication adjustment or additional treatment. The user's post suggests a need for professional help to manage their depression.\",\n    \"result\": \"Depression\",\n}\n</answer>"
    },
    {
      "index": 39,
      "label": "Bipolar",
      "response": "<answer>\n{\n    \"thought\": \"The user is asking about their bipolar diagnosis and wondering if they are alone in having no family history of the disorder. They mention having a family history of ADHD and depression, but not bipolar. They also mention having genetic testing done and finding red markers for bipolar, indicating a genetic predisposition. This suggests that the user is struggling with their bipolar diagnosis and may be experiencing anxiety or uncertainty about their condition.\",\n    \"result\": \"Bipolar\",\n}\n</answer>"
    },
    {
      "index": 40,
      "label": "Depression",
      "response": "<answer>\n{\n    \"thought\": \"The user seems to be reflecting on the nature of happiness and depression, suggesting that happiness may be fleeting and that depression is a more honest state. They also mention the idea of balance between the two, which suggests a desire for stability and equilibrium. This could indicate a potential for anxiety, as the user seems to be grappling with complex emotions and ideas.\",\n    \"result\": \"Anxiety\",\n}\n</answer>"
    },
    {
      "index": 41,
      "label": "Depression",
      "response": "{\n    \"thought\": \"The user has experienced a lot of stress and trauma throughout their life, including surgeries, war, financial struggles, and a recent breakup. They are feeling overwhelmed and hopeless, and are struggling to cope with their emotions. They mention depression, mood swings, and a fear of deportation, which suggests that they may be experiencing anxiety and depression. They also mention not wanting to go to a psychiatrist or take pills, which suggests that they may be resistant to seeking professional help.\",\n    \"result\": \"Depression\"\n}"
    },
    {
      "index": 42,
      "label": "Depression",
      "response": "<answer>\n{\n    \"thought\": \"The user is expressing feelings of sadness, fear, and uneasiness, which are common symptoms of depression. They also mention feeling out of place and having no common topics to talk about with friends, which could indicate social withdrawal. The user is also trying to push themselves to do small tasks and signing up for various activities, which could be a coping mechanism for their depression. The user is also questioning whether talking about their depression makes it worse, which could indicate a lack of understanding about their condition. Overall, the user's posts suggest that they are experiencing symptoms of depression.\",\n    \"result\": \"Depression\",\n}\n</answer>"
    },
    {
      "index": 43,
      "label": "Depression",
      "response": "<answer>\n{\n    \"thought\": \"The user's post suggests a feeling of isolation and a lack of social support, which can be a symptom of depression. The user's decision to delete their post may also indicate a sense of hopelessness or a lack of motivation, which are also common symptoms of depression.\",\n    \"result\": \"Depression\",\n}\n</answer>"
    },
    {
      "index": 44,
      "label": "Depression",
      "response": "<answer>\n{\n    \"thought\": \"The user describes feeling overwhelmed by their own emotions, which are heightened during depressed states. They mention feeling numb and tired, and only experiencing a small sense of peace when praying. They also express a desire to be comforted and taken care of, which suggests a lack of self-care and self-compassion. These symptoms are consistent with depression.\",\n    \"result\": \"Depression\",\n}\n</answer>"
    },
    {
      "index": 45,
      "label": "Depression",
      "response": "<answer>\n{\n    \"thought\": \"The user is expressing anxiety about an upcoming therapy session and is having trouble sleeping due to their anxiety. They are also experiencing physical symptoms of anxiety such as shaking and difficulty leaving their room.\",\n    \"result\": \"Anxiety\",\n}\n</answer>"
    },
    {
      "index": 46,
      "label": "Depression",
      "response": "<answer>\n{\n    \"thought\": \"The user expresses a strong desire to end their life and mentions contemplating suicide multiple times. They also mention taking pills, which could indicate a history of self-harm. The user also expresses feelings of hopelessness and despair, stating that life is \"bullshit\" and that they can't take it anymore. These are all warning signs of suicidal ideation and behavior.\",\n    \"result\": \"SuicideWatch\"\n}\n</answer>"
    },
    {
      "index": 47,
      "label": "Depression",
      "response": "<answer>\n{\n    \"thought\": \"The user mentions having depression and difficulty making friends, which are common symptoms of depression. They also express a desire for companionship and a sense of isolation, which are also common in depression.\",\n    \"result\": \"Depression\",\n}\n</answer>"
    },
    {
      "index": 48,
      "label": "Depression",
      "response": "<answer>\n{\n    \"thought\": \"The user expresses a lack of emotional response to significant events, such as the death of a loved one, and a desire to feel emotions like joy, anger, and sadness. They also mention feeling like they are on auto-pilot and not being able to enjoy things they used to love. These symptoms are indicative of depression, which is characterized by a lack of interest or pleasure in activities, feelings of emptiness or hopelessness, and a lack of emotional response to significant events.\",\n    \"result\": \"Depression\",\n}\n</answer>"
    },
    {
      "index": 49,
      "label": "Depression",
      "response": "{\n    \"thought\": \"The user is experiencing a significant decline in their academic performance, which is causing them to feel like a failure. They are struggling with daily tasks, have difficulty getting out of bed, and feel disconnected from their surroundings. They are considering taking a semester off, but are afraid of their parents' disapproval and the financial implications. They feel empty and disconnected from their current life, but are unsure if going back home or working a job would make them happy. These symptoms suggest that the user may be experiencing depression.\",\n    \"result\": \"Depression\"\n}"
    },
    {
      "index": 50,
      "label": "Depression",
      "response": "<answer>\n{\n    \"thought\": \"The user is expressing feelings of guilt and concern for their friends' well-being, which is a common symptom of depression. They also mention feeling better after venting but worse the next day, which suggests a cycle of negative emotions that is typical of depression.\",\n    \"result\": \"Depression\",\n}\n</answer>"
    },
    {
      "index": 51,
      "label": "Depression",
      "response": "<answer>\n{\n    \"thought\": \"The user expresses a lack of motivation and passion, which are common symptoms of depression. They also mention feeling like a shell of their former self, which suggests a loss of interest in activities they once enjoyed. Additionally, the user mentions trying and failing, which can contribute to feelings of hopelessness and despair, also characteristic of depression.\",\n    \"result\": \"Depression\",\n}\n</answer>"
    },
    {
      "index": 52,
      "label": "Depression",
      "response": "{\n    \"thought\": \"The user is experiencing a moral dilemma and is feeling conflicted between their loyalty to their friend and their belief in the truth of the accusation. They are also feeling alone and depressed, which suggests that they may be experiencing symptoms of depression.\",\n    \"result\": \"Depression\"\n}"
    },
    {
      "index": 53,
      "label": "Depression",
      "response": "<answer>\n{\n    \"thought\": \"The user expresses feelings of loneliness and pain, and mentions that they have been experiencing these feelings since they were seven years old. They also mention that they are lucky to have their wife and kids, which suggests that they may be struggling with feelings of isolation or abandonment. The user also expresses a desire to reach out and help others who may be feeling alone, which suggests that they may be experiencing empathy and a desire to connect with others. Overall, the user's post suggests that they may be experiencing symptoms of depression, such as feelings of sadness, loneliness, and hopelessness.\",\n    \"result\": \"Depression\",\n}\n</answer>"
    },
    {
      "index": 54,
      "label": "Depression",
      "response": "<answer>\n{\n    \"thought\": \"The user is expressing feelings of worthlessness, anxiety, and depression. They mention struggling with health problems and emotional trauma, which could be contributing factors to their mental state. They also mention lashing out at loved ones and feeling scared of pushing them away, which could indicate a lack of control over their emotions. Overall, the user's post suggests a potential diagnosis of depression.\",\n    \"result\": \"Depression\",\n}\n</answer>"
    },
    {
      "index": 55,
      "label": "Depression",
      "response": "{\n    \"thought\": \"The user is concerned about their friend who is experiencing severe depression. They have noticed weight loss and lack of self-care, and their friend has rated their depression as an 11 out of 10. The user is unsure of how to support their friend from a distance and is concerned about the severity of their friend's depression.\",\n    \"result\": \"Depression\"\n}"
    },
    {
      "index": 56,
      "label": "Depression",
      "response": "<answer>\n{\n    \"thought\": \"The user's posts indicate a lack of motivation, energy, and drive. They express feelings of hopelessness and a lack of purpose in life. They also mention feeling criticized and judged by others, which may contribute to their negative self-image. The user's statements about wishing they were dead and feeling like they are drifting through life suggest a high risk of suicide. Overall, the user's posts suggest a severe depressive state with suicidal ideation.\",\n    \"result\": \"SuicideWatch\"\n}\n</answer>"
    },
    {
      "index": 57,
      "label": "Depression",
      "response": "<answer>\n{\n    \"thought\": \"The user describes a lack of motivation, social isolation, and a history of academic struggles. They also mention feeling stressed and having a hard time making friends. These symptoms are consistent with depression.\",\n    \"result\": \"Depression\",\n}\n</answer>"
    },
    {
      "index": 58,
      "label": "Depression",
      "response": "<answer>\n{\n    \"thought\": \"The user expresses feelings of being stuck in life, exhaustion, and disappointment with their current situation. They also mention not wanting to see what's ahead and feeling like they've had enough. These feelings are indicative of depression, which is characterized by persistent feelings of sadness, hopelessness, and a lack of interest in activities. The user also mentions not being suicidal but wanting to die, which is a common symptom of depression. Additionally, the user's lack of social connections and difficulty finding a job may contribute to their feelings of depression.\",\n    \"result\": \"Depression\",\n}\n</answer>"
    },
    {
      "index": 59,
      "label": "Depression",
      "response": "<answer>\n{\n    \"thought\": \"The user expresses feelings of failure, isolation, and hopelessness after being fired from their internship. They also mention having low self-esteem and feeling like a burden to others. They express a desire to fast forward their life and wake up in the future when everything has fallen into place. These symptoms suggest a potential diagnosis of depression.\",\n    \"result\": \"Depression\",\n}\n</answer>"
    },
    {
      "index": 60,
      "label": "Offmychest",
      "response": "<answer>\n{\n    \"thought\": \"The user describes a seemingly perfect life, but also mentions feeling overwhelmed and self-critical, which suggests that they may be experiencing anxiety. They also mention cutting themselves, which is a common symptom of anxiety disorders. Additionally, the user mentions feeling like they don't deserve their life and feeling like a fake, which are also common symptoms of anxiety disorders.\",\n    \"result\": \"Anxiety\",\n}\n</answer>"
    },
    {
      "index": 61,
      "label": "Offmychest",
      "response": "<answer>\n{\n    \"thought\": \"The user expresses a lack of trust in people and a fear of being cheated on, which suggests anxiety. They also mention a past experience where they were hurt by someone they cared about, which could contribute to their anxiety. Additionally, the user seems to have a negative view of relationships and people in general, which could be a symptom of depression. However, the user's main concern is their inability to trust people and form relationships, which aligns more with anxiety.\",\n    \"result\": \"Anxiety\",\n}\n</answer>"
    },
    {
      "index": 62,
      "label": "Offmychest",
      "response": "<answer>\n{\n    \"thought\": \"The user is expressing frustration and annoyance towards their friend's behavior, which is indicative of anxiety. The user is also considering ending the friendship, which suggests a sense of emotional distress and potential anxiety about the future of the relationship.\",\n    \"result\": \"Anxiety\",\n}\n</answer>"
    },
    {
      "index": 63,
      "label": "Offmychest",
      "response": "<answer>\n{\n    \"thought\": \"The user spent New Year's Eve alone and enjoyed it, indicating a preference for solitude and self-reflection. They also mention a rollercoaster of a year, which could indicate emotional instability. However, they express a desire for authenticity and a positive outlook for the new year, which suggests a sense of hope and resilience. Overall, the user's post does not indicate any severe mental health issues, but rather a desire for self-improvement and personal growth.\",\n    \"result\": \"Offmychest\"\n}\n</answer>"
    },
    {
      "index": 64,
      "label": "Offmychest",
      "response": "{\n    \"thought\": \"The user is experiencing financial difficulties and is overwhelmed by the cost of their cat's medical treatment. They are feeling guilty for not being able to afford the care and are worried about their financial situation. The user is also feeling anxious about the prospect of moving back in with their boyfriend's family and is feeling pressure from their own family. The user's emotional state is one of distress and anxiety.\",\n    \"result\": \"Anxiety\"\n}"
    },
    {
      "index": 65,
      "label": "Offmychest",
      "response": "<answer>\n{\n    \"thought\": \"The user expresses frustration and disillusionment with the current state of the US government and society. They mention several issues such as education, healthcare, economy, infrastructure, poverty, and complacency. The user also expresses a loss of faith in the country and a lack of pride in being an American. These statements suggest a negative outlook and a sense of hopelessness, which are common symptoms of depression.\",\n    \"result\": \"Depression\",\n}\n</answer>"
    },
    {
      "index": 66,
      "label": "Offmychest",
      "response": "<answer>\n{\n    \"thought\": \"The user's post suggests a sense of frustration and anger towards the double standard in how different races are treated in the media and society. The user also seems to be critical of the lack of discussion around white on white crime. This could indicate a sense of anxiety and frustration towards the current state of affairs.\",\n    \"result\": \"Anxiety\",\n}\n</answer>"
    },
    {
      "index": 67,
      "label": "Offmychest",
      "response": "<answer>\n{\n    \"thought\": \"The user is expressing a strong desire for emotional support and comfort during a difficult time. They are struggling with anxiety and stress related to their mother's cancer diagnosis and upcoming surgery. They also mention feeling alone and unsupported by their husband, who is currently focused on his own recovery program. The user's emotional state and need for support suggest a potential mental disorder of Anxiety.\",\n    \"result\": \"Anxiety\",\n}\n</answer>"
    },
    {
      "index": 68,
      "label": "Offmychest",
      "response": "{\n    \"thought\": \"The user is expressing concern for the new girlfriend of their abusive ex, indicating empathy and a desire to help others. They also mention feeling guilty and a sense of duty to warn others, which suggests a sense of responsibility and possibly some anxiety about the situation. However, the user does not express any suicidal thoughts or severe depression, and their tone is more reflective and concerned than distressed or hopeless. Therefore, the most appropriate mental disorder to assess is Offmychest, as the user is simply sharing their thoughts and feelings about a situation that is not directly affecting them.\",\n    \"result\": \"Offmychest\"\n}"
    },
    {
      "index": 69,
      "label": "Offmychest",
      "response": "{\n    \"thought\": \"The user expresses feelings of frustration, sadness, and loneliness in their relationship. They feel disconnected from their partner and resentful of the lack of intimacy. They also mention feeling guilty for their feelings and struggling with their own happiness. These emotions and thoughts are indicative of depression.\",\n    \"result\": \"Depression\"\n}"
    },
    {
      "index": 70,
      "label": "Offmychest",
      "response": "<answer>\n{\n    \"thought\": \"The user's post suggests that they are experiencing a lot of stress and anxiety due to their marital issues. They mention feeling betrayed by their wife's emotional affair with another woman and feeling like they are being manipulated by their wife. They also mention feeling like they are being controlled by their wife's family. The user's language and tone suggest that they are feeling overwhelmed and unsure of what to do. They also mention feeling like they are being blamed for their wife's behavior. Overall, the user's post suggests that they are experiencing anxiety and stress related to their marital issues.\",\n    \"result\": \"Anxiety\"\n}\n</answer>"
    },
    {
      "index": 71,
      "label": "Offmychest",
      "response": "<answer>\n{\n    \"thought\": \"The user's post suggests that they have experienced trauma related to their past experiences with adults who knew they were underage. They express feelings of shame, guilt, and embarrassment about their past actions. They also mention experiencing flashbacks and paranoia related to these experiences. The user's girlfriend has encouraged them to deal with these issues, suggesting that they may be impacting their life and mental health. The user expresses frustration and exhaustion with their current situation and a desire to take responsibility for their life and fix their problems.\",\n    \"result\": \"Depression\",\n}\n</answer>"
    },
    {
      "index": 72,
      "label": "Offmychest",
      "response": "<answer>\n{\n    \"thought\": \"The user mentions attempting suicide, which is a strong indicator of suicidal ideation and behavior. This is a clear sign of a mental health crisis and requires immediate attention and support.\",\n    \"result\": \"SuicideWatch\",\n}\n</answer>"
    },
    {
      "index": 73,
      "label": "Offmychest",
      "response": "<answer>\n{\n    \"thought\": \"The user is expressing frustration and anxiety about having to cook for their grandmother during the holidays. They mention feeling like an abused Victorian kitchen maid and wanting to break their thumbs to avoid the situation. This suggests that the user is experiencing anxiety related to the holiday season and the pressure to please their grandmother.\",\n    \"result\": \"Anxiety\",\n}\n</answer>"
    },
    {
      "index": 74,
      "label": "Offmychest",
      "response": "{\n    \"thought\": \"The user's post is a reflection of their past relationship and the emotional turmoil they experienced after their brother's death. They acknowledge that they were not ready to fully commit to their girlfriend and that they cared less than she did. The user also expresses regret for ending the relationship and the fear of losing someone they love. The post is a mix of emotions, including anxiety, guilt, and regret, which are all common symptoms of depression.\",\n    \"result\": \"Depression\"\n}"
    },
    {
      "index": 75,
      "label": "Offmychest",
      "response": "<answer>\n{\n    \"thought\": \"The user's post describes a situation where they chased a thief on foot, which caused them to feel panicked and anxious. They also mention feeling numb and dreamy after the incident, which could be a sign of trauma or stress. The user also mentions feeling pain and discomfort after the incident, which could be a physical manifestation of their anxiety. Overall, the user's post suggests that they may be experiencing anxiety related to the incident and the potential danger they faced.\",\n    \"result\": \"Anxiety\",\n}\n</answer>"
    },
    {
      "index": 76,
      "label": "Offmychest",
      "response": "<answer>\n{\n    \"thought\": \"The user expresses feelings of misery, anxiety, and depression throughout their post. They mention feeling trapped in their own head and having intrusive thoughts. They also mention having a loving boyfriend but feeling unhappy and anxious in the relationship. The user also talks about having high standards for friends and feeling alone. They mention having depression but being too scared to seek medical help. Overall, the user's post suggests a pattern of negative thinking and feelings of hopelessness, which are common symptoms of depression.\",\n    \"result\": \"Depression\",\n}\n</answer>"
    },
    {
      "index": 77,
      "label": "Offmychest",
      "response": "{\n    \"thought\": \"The user expresses feelings of worthlessness, hopelessness, and a lack of energy to function on a day-to-day basis. They also mention not being able to find work and feeling like a burden to others. These are all common symptoms of depression.\",\n    \"result\": \"Depression\"\n}"
    },
    {
      "index": 78,
      "label": "Offmychest",
      "response": "<answer>\n{\n    \"thought\": \"The user is expressing feelings of being unimportant to others, which can be a symptom of depression. They may be feeling isolated and disconnected from others, which can contribute to feelings of sadness and hopelessness.\",\n    \"result\": \"Depression\",\n}\n</answer>"
    },
    {
      "index": 79,
      "label": "Offmychest",
      "response": "<answer>\n{\n    \"thought\": \"The user's post contains overly romantic and grandiose language, which is a common symptom of bipolar disorder. The user's declaration of love and desire to give the world to the recipient suggests a manic episode.\",\n    \"result\": \"Bipolar\",\n}\n</answer>"
    },
    {
      "index": 80,
      "label": "SuicideWatch",
      "response": "<answer>\n{\n    \"thought\": \"The user is expressing suicidal thoughts and has a history of suicidal ideation. They are currently experiencing a rough time in life and are struggling to find reasons to live. They mention having a gun and contemplating using it to end their life. This suggests a high risk of suicide and the need for immediate intervention.\",\n    \"result\": \"SuicideWatch\",\n}\n</answer>"
    },
    {
      "index": 81,
      "label": "SuicideWatch",
      "response": "<answer>\n{\n    \"thought\": \"The user expresses a desire to end their life and mentions depression as a reason. They also apologize to their girlfriend and family for being a burden and express a desire for them to be happy without them. This suggests a strong sense of hopelessness and despair, which are common symptoms of depression.\",\n    \"result\": \"Depression\",\n}\n</answer>"
    },
    {
      "index": 82,
      "label": "SuicideWatch",
      "response": "<answer>\n{\n    \"thought\": \"The user is experiencing a significant loss and is struggling with depression and suicidal thoughts. They are also facing financial difficulties and are unsure of how to cope with the impending loss of their mother.\",\n    \"result\": \"SuicideWatch\",\n}\n</answer>"
    },
    {
      "index": 83,
      "label": "SuicideWatch",
      "response": "<answer>\n{\n    \"thought\": \"The user is expressing a lot of emotional pain and distress, mentioning multiple difficult situations in their life. They also mention suicidal thoughts and feeling overwhelmed, which are common symptoms of depression. The user's language and tone suggest a sense of hopelessness and despair, which are also characteristic of depression.\",\n    \"result\": \"Depression\",\n}\n</answer>"
    },
    {
      "index": 84,
      "label": "SuicideWatch",
      "response": "<answer>\n{\n    \"thought\": \"The user expresses suicidal thoughts and feelings of despair due to unrealistic goals and a lack of passion for achievable tasks. They also mention feeling out of touch with reality and having no friends, which are common symptoms of depression. The user's focus on a large and impossible project suggests a possible bipolar disorder, but the overall tone of the post leans more towards depression.\",\n    \"result\": \"Depression\",\n}\n</answer>"
    },
    {
      "index": 85,
      "label": "SuicideWatch",
      "response": "<answer>\n{\n    \"thought\": \"The user is expressing suicidal thoughts and is seeking reassurance that their loved ones would be hurt if they died. They also mention that their parents are angry with them and that their fiancé didn't have anything to say when they asked for reassurance. This suggests that the user is experiencing feelings of hopelessness and despair, which are common symptoms of depression.\",\n    \"result\": \"Depression\",\n}\n</answer>"
    },
    {
      "index": 86,
      "label": "SuicideWatch",
      "response": "<answer>\n{\n    \"thought\": \"The user has a history of helping others with suicidal thoughts and has been successful in doing so. However, they are now experiencing a downward spiral and reached out to a friend for help. The friend's response has left the user feeling abandoned and worried about losing their only achievement, which is saving the lives of suicidal people. This suggests that the user may be experiencing depression and feelings of abandonment.\",\n    \"result\": \"Depression\",\n}\n</answer>"
    },
    {
      "index": 87,
      "label": "SuicideWatch",
      "response": "<answer>\n{\n    \"thought\": \"The user is concerned about a child who is threatening suicide on Skype. The child has a history of cutting and has expressed that his father is abusive. The user is unsure of how to report this on Skype and is seeking advice on how to help the child.\",\n    \"result\": \"SuicideWatch\",\n}\n</answer>"
    },
    {
      "index": 88,
      "label": "SuicideWatch",
      "response": "<answer>\n{\n    \"thought\": \"The user is expressing feelings of hopelessness and worthlessness, which are common symptoms of depression. They are also asking for reasons to live, which suggests a lack of motivation and purpose, also characteristic of depression.\",\n    \"result\": \"Depression\",\n}\n</answer>"
    },
    {
      "index": 89,
      "label": "SuicideWatch",
      "response": "<answer>\n{\n    \"thought\": \"The user expresses a desire to kill themselves as a form of revenge against their family members who they feel have mistreated them. They also mention being sexually abused by a family member and feeling ignored by their parents when they reported it. Additionally, they feel used by their family members and best friend, and express a desire to disappear. These feelings of hopelessness, anger, and isolation are indicative of suicidal ideation.\",\n    \"result\": \"SuicideWatch\"\n}\n</answer>"
    },
    {
      "index": 90,
      "label": "SuicideWatch",
      "response": "<answer>\n{\n    \"thought\": \"The user has been experiencing depression for a while and has financial problems. They feel unloved and unsupported by their family, and have made poor financial decisions. They are now facing a difficult situation with an invoice they cannot pay, and are considering suicide as a way out of their problems.\",\n    \"result\": \"SuicideWatch\"\n}\n</answer>"
    },
    {
      "index": 91,
      "label": "SuicideWatch",
      "response": "<answer>\n{\n    \"thought\": \"The user is expressing a sense of hopelessness and despair, stating that they cannot live like this any longer. They also mention that their dreams and self are gone, and that they feel like they have no control over their life. The user also warns others about the dangers of narcissistic personalities and how they can destroy one's life. These statements suggest that the user may be experiencing depression and suicidal thoughts.\",\n    \"result\": \"SuicideWatch\"\n}\n</answer>"
    },
    {
      "index": 92,
      "label": "SuicideWatch",
      "response": "{\n    \"thought\": \"The user is expressing feelings of guilt, self-blame, and hopelessness due to their procrastination and lack of motivation. They also mention feeling sick and torturing themselves, which suggests a possible depressive state. The user's inability to complete tasks and their self-criticism are also indicative of depression.\",\n    \"result\": \"Depression\"\n}"
    },
    {
      "index": 93,
      "label": "SuicideWatch",
      "response": "<answer>\n{\n    \"thought\": \"The user is expressing a desire to end their life and is feeling hopeless and tired of their current situation. They mention being scared of the unknown and feeling like they have not experienced joy in their life. They also mention being bullied and feeling like they have lost. These are all common signs of suicidal ideation and the user should be monitored closely.\",\n    \"result\": \"SuicideWatch\",\n}\n</answer>"
    },
    {
      "index": 94,
      "label": "SuicideWatch",
      "response": "<answer>\n{\n    \"thought\": \"The user expresses feelings of exhaustion, frustration, and hopelessness. They mention being in debt, having a difficult project due, and financial problems. They also express anger towards their partner and professor, and feel like they are struggling while others have it easy. These feelings of overwhelm and hopelessness are indicative of depression.\",\n    \"result\": \"Depression\",\n}\n</answer>"
    },
    {
      "index": 95,
      "label": "SuicideWatch",
      "response": "{\n    \"thought\": \"The user's post contains several indicators of depression, including feelings of worthlessness, suicidal thoughts, social isolation, and a lack of interest in activities. The user also mentions a history of depression and suicidal attempts, as well as a lack of support from family and friends. The user's post suggests a need for professional help and support to address these issues.\",\n    \"result\": \"Depression\"\n}"
    },
    {
      "index": 96,
      "label": "SuicideWatch",
      "response": "<answer>\n{\n    \"thought\": \"The user expresses a sense of hopelessness and boredom with life, and mentions that they are not interested in changing their life for the better. They also mention that they are minimizing their impact on others and taking care of debt and friends, which suggests that they are preparing for their own death. These statements suggest that the user may be experiencing suicidal thoughts.\",\n    \"result\": \"SuicideWatch\"\n}\n</answer>"
    },
    {
      "index": 97,
      "label": "SuicideWatch",
      "response": "<answer>\n{\n    \"thought\": \"The user is contemplating suicide and has a history of self-harm. They mention feeling drained and overwhelmed, and their energy is focused on caring for others. They also mention that they are taking notes in a casual manner, which suggests a lack of urgency or concern for their own well-being. These factors suggest that the user may be experiencing depression.\",\n    \"result\": \"Depression\",\n}\n</answer>"
    },
    {
      "index": 98,
      "label": "SuicideWatch",
      "response": "<answer>\n{\n    \"thought\": \"The user expresses a sense of hopelessness and despair, stating that things only get worse and they regret not killing themselves earlier. This suggests a severe level of emotional distress and suicidal ideation.\",\n    \"result\": \"SuicideWatch\",\n}\n</answer>"
    },
    {
      "index": 99,
      "label": "SuicideWatch",
      "response": "<answer>\n{\n    \"thought\": \"The user is expressing feelings of hurt and anger towards someone who has been bashing at them. They also mention wanting to get rid of themselves and kill themselves, which indicates a high risk of suicide.\",\n    \"result\": \"SuicideWatch\",\n}\n</answer>"
    }
  ]
}