{
  "SWMH": [
    {
      "index": 0,
      "label": "Anxiety",
      "response": "Anxiety"
    },
    {
      "index": 1,
      "label": "Anxiety",
      "response": "Anxiety"
    },
    {
      "index": 2,
      "label": "Anxiety",
      "response": "Anxiety"
    },
    {
      "index": 3,
      "label": "Anxiety",
      "response": "SuicideWatch"
    },
    {
      "index": 4,
      "label": "Anxiety",
      "response": "Anxiety"
    },
    {
      "index": 5,
      "label": "Anxiety",
      "response": "Anxiety"
    },
    {
      "index": 6,
      "label": "Anxiety",
      "response": "{\n    \"thought\": \"The user is experiencing sleep deprivation due to anxiety, stress, and racing thoughts.\",\n    \"result\": \"Anxiety\"\n}"
    },
    {
      "index": 7,
      "label": "Anxiety",
      "response": "{\n    \"thought\": \"The user mentions experiencing chest pains and considers it may be anxiety.\",\n    \"result\": \"Anxiety\"\n}"
    },
    {
      "index": 8,
      "label": "Anxiety",
      "response": "Anxiety"
    },
    {
      "index": 9,
      "label": "Anxiety",
      "response": "Anxiety"
    },
    {
      "index": 10,
      "label": "Anxiety",
      "response": "Anxiety"
    },
    {
      "index": 11,
      "label": "Anxiety",
      "response": "Anxiety"
    },
    {
      "index": 12,
      "label": "Anxiety",
      "response": "Based on the information provided, it seems that the user is experiencing separation anxiety when their boyfriend is not around. This anxiety may be related to a fear of being alone, as well as the possibility of experiencing suicidal thoughts, self-harm urges, and other distressing emotions. It is important for the user to seek professional help to better understand and manage these feelings."
    },
    {
      "index": 13,
      "label": "Anxiety",
      "response": "Anxiety"
    },
    {
      "index": 14,
      "label": "Anxiety",
      "response": "{\n    \"thought\": \"The user is expressing feelings of distress and difficulty in coping with a situation.\",\n    \"result\": \"Depression\"\n}"
    },
    {
      "index": 15,
      "label": "Anxiety",
      "response": "Anxiety"
    },
    {
      "index": 16,
      "label": "Anxiety",
      "response": "Depression"
    },
    {
      "index": 17,
      "label": "Anxiety",
      "response": "SuicideWatch"
    },
    {
      "index": 18,
      "label": "Anxiety",
      "response": "Anxiety"
    },
    {
      "index": 19,
      "label": "Anxiety",
      "response": "Anxiety"
    },
    {
      "index": 20,
      "label": "Bipolar",
      "response": "Bipolar"
    },
    {
      "index": 21,
      "label": "Bipolar",
      "response": "Anxiety"
    },
    {
      "index": 22,
      "label": "Bipolar",
      "response": "Depression"
    },
    {
      "index": 23,
      "label": "Bipolar",
      "response": "Based on the information provided, it seems that your mom is struggling with a combination of depression, anxiety, and possible medication side effects. It's great to see that she has shown some signs of improvement after the dog's passing.\n\nWhen you visit your mom, try to create a safe and non-judgmental space for her to open up. Share your feelings about the situation and how much you care for her. Encourage her to talk about her experiences and emotions, and let her know that you're there to support her.\n\nYou could also suggest that you both attend a therapy session together, as a way to strengthen your bond and help her feel more comfortable opening up to a professional. This can also give you both a chance to understand her condition better and learn how to best support her.\n\nRemember to be patient and understanding, as her recovery may take time. Keep the lines of communication open and continue to show her that you care."
    },
    {
      "index": 24,
      "label": "Bipolar",
      "response": "Bipolar"
    },
    {
      "index": 25,
      "label": "Bipolar",
      "response": "Anxiety"
    },
    {
      "index": 26,
      "label": "Bipolar",
      "response": "Anxiety"
    },
    {
      "index": 27,
      "label": "Bipolar",
      "response": "Bipolar"
    },
    {
      "index": 28,
      "label": "Bipolar",
      "response": "Bipolar"
    },
    {
      "index": 29,
      "label": "Bipolar",
      "response": "SuicideWatch"
    },
    {
      "index": 30,
      "label": "Bipolar",
      "response": "Anxiety"
    },
    {
      "index": 31,
      "label": "Bipolar",
      "response": "Bipolar"
    },
    {
      "index": 32,
      "label": "Bipolar",
      "response": "Bipolar"
    },
    {
      "index": 33,
      "label": "Bipolar",
      "response": "{\n    \"thought\": \"The user is facing significant challenges in their daily life and is seeking support and advice on the process of applying for disability.\",\n    \"result\": \"Bipolar\""
    },
    {
      "index": 34,
      "label": "Bipolar",
      "response": "Anxiety"
    },
    {
      "index": 35,
      "label": "Bipolar",
      "response": "{\n    \"thought\": \"The user is experiencing intense self-criticism and feelings of self-loathing, which may be exacerbated by spending a lot of time alone in a car.\",\n    \"result\": \"Depression\"\n}"
    },
    {
      "index": 36,
      "label": "Bipolar",
      "response": "Anxiety"
    },
    {
      "index": 37,
      "label": "Bipolar",
      "response": "SuicideWatch"
    },
    {
      "index": 38,
      "label": "Bipolar",
      "response": "Depression"
    },
    {
      "index": 39,
      "label": "Bipolar",
      "response": "Bipolar"
    },
    {
      "index": 40,
      "label": "Depression",
      "response": "Offmychest"
    },
    {
      "index": 41,
      "label": "Depression",
      "response": "Based on the information provided, it seems that the user is experiencing a significant amount of stress and hardship in their life. The combination of personal and family issues, as well as the loss of a significant relationship, is likely contributing to their feelings of depression and anxiety. It would be helpful for the user to seek support from a mental health professional, as well as explore coping mechanisms and stress-management techniques to help them navigate these difficult times."
    },
    {
      "index": 42,
      "label": "Depression",
      "response": "Anxiety"
    },
    {
      "index": 43,
      "label": "Depression",
      "response": "SuicideWatch"
    },
    {
      "index": 44,
      "label": "Depression",
      "response": "Depression"
    },
    {
      "index": 45,
      "label": "Depression",
      "response": "Anxiety"
    },
    {
      "index": 46,
      "label": "Depression",
      "response": "{\n    \"thought\": \"The user is experiencing a consistent cycle of suicidal thoughts and feelings of hopelessness, which may indicate depression.\",\n    \"result\": \"Depression\"\n}"
    },
    {
      "index": 47,
      "label": "Depression",
      "response": "Depression"
    },
    {
      "index": 48,
      "label": "Depression",
      "response": "Depression"
    },
    {
      "index": 49,
      "label": "Depression",
      "response": "Based on the user's struggles with daily tasks, low GPA, and feelings of emptiness, I would suggest considering a possible diagnosis of depression."
    },
    {
      "index": 50,
      "label": "Depression",
      "response": "Depression"
    },
    {
      "index": 51,
      "label": "Depression",
      "response": "Depression"
    },
    {
      "index": 52,
      "label": "Depression",
      "response": "Based on the content of the post, it appears that the user is experiencing significant emotional distress and uncertainty in their relationships. The user is caught between the accusations against their friend and the potential loss of their close relationships. This situation is causing the user to feel depressed, alone, and conflicted. The user's feelings of being forced to choose between friends and their own happiness suggest that they may be experiencing anxiety and stress related to this situation."
    },
    {
      "index": 53,
      "label": "Depression",
      "response": "Anxiety"
    },
    {
      "index": 54,
      "label": "Depression",
      "response": "{\n    \"thought\": \"The user is experiencing a significant amount of anxiety, depression, and self-loathing, as well as struggling with academic and health issues. They also mention feeling lost and unsure of themselves.\",\n    \"result\": \"Anxiety\"\n}"
    },
    {
      "index": 55,
      "label": "Depression",
      "response": "Based on the information provided, it seems that your friend is experiencing a severe episode of depression. It's important to maintain a supportive presence while respecting his boundaries. Continue to check in daily with him, and let him know you're there for him if he needs to talk. Offer practical help, such as connecting him with local resources or suggesting he see a therapist. It's crucial to be aware of the signs of self-harm and encourage him to seek professional help if necessary."
    },
    {
      "index": 56,
      "label": "Depression",
      "response": "{\n    \"thought\": \"The user expresses feelings of hopelessness, lack of energy, and a desire to sleep all day. They also mention feeling like they have no achievements and a lack of motivation. They feel like they are drifting through life and are tired of themselves.\",\n    \"result\": \"Depression\"\n}"
    },
    {
      "index": 57,
      "label": "Depression",
      "response": "Based on the information provided, it seems that the user is experiencing a lack of motivation, social isolation, and difficulty making friends. These symptoms could be indicative of depression, anxiety, or a combination of both. The user's lack of motivation, social isolation, and difficulty making friends are consistent with depression, while the stress and anxiety about their academic situation could be related to anxiety. It is important to note that this is a complex situation and a professional evaluation would be necessary to make a definitive diagnosis."
    },
    {
      "index": 58,
      "label": "Depression",
      "response": "Depression"
    },
    {
      "index": 59,
      "label": "Depression",
      "response": "Depression"
    },
    {
      "index": 60,
      "label": "Offmychest",
      "response": "Based on the user's description of feeling overwhelmed, self-critical, and resorting to cutting as a release, I would suggest that the user may be experiencing symptoms of anxiety. The user's life appears to be very fulfilling, but they also express feelings of self-doubt and a sense of not deserving their success. This combination of positive circumstances and negative emotions is common in individuals with anxiety disorders."
    },
    {
      "index": 61,
      "label": "Offmychest",
      "response": "Depression"
    },
    {
      "index": 62,
      "label": "Offmychest",
      "response": "Based on the user's description, it seems they are experiencing a sense of frustration and disconnection in their friendship. This could be a sign of a possible lack of empathy or understanding from their friend. The user is also considering the value of this friendship, which indicates some level of emotional investment.\n\nResult: Depression"
    },
    {
      "index": 63,
      "label": "Offmychest",
      "response": "Offmychest"
    },
    {
      "index": 64,
      "label": "Offmychest",
      "response": "Based on the user's financial struggles and the emotional distress they're experiencing, I would say the most likely mental disorder is Anxiety."
    },
    {
      "index": 65,
      "label": "Offmychest",
      "response": "{\n    \"thought\": \"The user expresses strong dissatisfaction with the current state of the US government, education, healthcare, economy, and infrastructure. They also mention a sense of hopelessness and loss of faith in the country.\",\n    \"result\": \"Depression\"\n}"
    },
    {
      "index": 66,
      "label": "Offmychest",
      "response": "SuicideWatch"
    },
    {
      "index": 67,
      "label": "Offmychest",
      "response": "Anxiety"
    },
    {
      "index": 68,
      "label": "Offmychest",
      "response": "Based on the user's concern for others and their desire to help, it seems they may be empathetic and sensitive to the suffering of others. This could be a sign of a caring and nurturing personality. However, the user also mentions feeling guilty and a sense of responsibility to protect others, which could be indicative of anxiety or a tendency to internalize others' problems."
    },
    {
      "index": 69,
      "label": "Offmychest",
      "response": "Based on the user's posts, it appears they are experiencing feelings of frustration, resentment, and loneliness in their relationship. The lack of intimacy and the growing disconnect between them seem to be contributing factors. The user also mentions feeling disconnected when they are together, with both partners being on their phones. This situation may be causing them emotional distress and a sense of unfulfilled needs.\n\nConsidering the user's feelings of frustration, resentment, and loneliness, as well as the lack of intimacy and connection in their relationship, the most likely mental disorder that matches their situation is **Depression**."
    },
    {
      "index": 70,
      "label": "Offmychest",
      "response": "Based on the information provided, it seems that your wife may be experiencing feelings of dissatisfaction and loneliness in her marriage, which may have led her to seek support and connection through her conversations with another woman. The extent of this emotional connection and whether it constitutes an affair is unclear. The situation has caused significant tension and trust issues in your relationship. It's important to address these concerns with your wife and consider seeking professional help to work through these challenges."
    },
    {
      "index": 71,
      "label": "Offmychest",
      "response": "Based on the user's experiences of sexual abuse, flashbulb memories, and the impact on their current life, I would assess that they are dealing with the aftermath of trauma and may be suffering from PTSD (Post-Traumatic Stress Disorder)."
    },
    {
      "index": 72,
      "label": "Offmychest",
      "response": "SuicideWatch"
    },
    {
      "index": 73,
      "label": "Offmychest",
      "response": "Depression"
    },
    {
      "index": 74,
      "label": "Offmychest",
      "response": "Based on the user's narrative, it appears they may be experiencing feelings of guilt, regret, and anxiety about their past relationship and the potential loss of their partner. These emotions could be indicative of anxiety, and it is important for them to seek support and guidance to work through these feelings."
    },
    {
      "index": 75,
      "label": "Offmychest",
      "response": "Depression"
    },
    {
      "index": 76,
      "label": "Offmychest",
      "response": "Based on the user's description of feeling miserable, anxiety, and difficulty forming friendships, I would suggest considering the possibility of depression. The user also mentions a fear of seeking help due to concerns about potential side effects of medication. It is important for the user to seek professional help to address these concerns and explore treatment options."
    },
    {
      "index": 77,
      "label": "Offmychest",
      "response": "{\n    \"thought\": \"The user is expressing feelings of hopelessness, worthlessness, and a lack of motivation. They are also struggling with unemployment and financial difficulties.\",\n    \"result\": \"Depression\"\n}"
    },
    {
      "index": 78,
      "label": "Offmychest",
      "response": "Anxiety"
    },
    {
      "index": 79,
      "label": "Offmychest",
      "response": "Bipolar"
    },
    {
      "index": 80,
      "label": "SuicideWatch",
      "response": "SuicideWatch"
    },
    {
      "index": 81,
      "label": "SuicideWatch",
      "response": "Depression"
    },
    {
      "index": 82,
      "label": "SuicideWatch",
      "response": "{\n    \"thought\": \"The user is experiencing a significant amount of stress and grief due to the impending loss of their mother and the challenges of being a college student without support. They are also struggling with depression and contemplating suicide.\",\n    \"result\": \"Depression\"\n}"
    },
    {
      "index": 83,
      "label": "SuicideWatch",
      "response": "{\n    \"thought\": \"The user is experiencing a significant amount of stress and emotional pain due to multiple life challenges, including a recent breakup, financial difficulties, and the loss of a beloved pet.\",\n    \"result\": \"Depression\"\n}"
    },
    {
      "index": 84,
      "label": "SuicideWatch",
      "response": "SuicideWatch"
    },
    {
      "index": 85,
      "label": "SuicideWatch",
      "response": "SuicideWatch"
    },
    {
      "index": 86,
      "label": "SuicideWatch",
      "response": "Depression"
    },
    {
      "index": 87,
      "label": "SuicideWatch",
      "response": "SuicideWatch"
    },
    {
      "index": 88,
      "label": "SuicideWatch",
      "response": "SuicideWatch"
    },
    {
      "index": 89,
      "label": "SuicideWatch",
      "response": "Depression"
    },
    {
      "index": 90,
      "label": "SuicideWatch",
      "response": "Depression"
    },
    {
      "index": 91,
      "label": "SuicideWatch",
      "response": "SuicideWatch"
    },
    {
      "index": 92,
      "label": "SuicideWatch",
      "response": "Based on the user's description of their procrastination problem and the impact it has on their life, I would assess that they are struggling with a significant level of anxiety and self-doubt. The user's feelings of guilt, self-criticism, and the desire to avoid tasks are all indicators of anxiety. Additionally, the mention of suicidal thoughts and the impact on their academic performance suggest that the user may be experiencing a more severe form of anxiety, possibly related to depression."
    },
    {
      "index": 93,
      "label": "SuicideWatch",
      "response": "{\n    \"thought\": \"The user expresses feelings of hopelessness, fear, and a desire to end their life. They also mention being tired of everything and feeling like they haven't experienced joy. These are strong indicators of depression.\",\n    \"result\": \"Depression\"\n}"
    },
    {
      "index": 94,
      "label": "SuicideWatch",
      "response": "Anxiety"
    },
    {
      "index": 95,
      "label": "SuicideWatch",
      "response": "Based on the information provided, it seems that the user is struggling with severe depression, suicidal thoughts, and self-harm. The user's history of depression, past suicide attempts, and self-harming behaviors strongly suggest a diagnosis of Major Depressive Disorder (MDD). Additionally, the user's social anxiety and the impact of past relationships on their mental health also indicate the presence of Complex PTSD.\n\nThe user has not been able to access professional help due to financial constraints and the stigma associated with mental health issues in their community. It is crucial for them to receive appropriate treatment and support.\n\nIt is recommended that the user explore local mental health clinics or community centers that offer low-cost or free therapy services. They may also be eligible for government-funded mental health programs. Additionally, online therapy platforms can provide affordable options for mental health support.\n\nThe user should also consider reaching out to local support groups for individuals with similar experiences, as well as online forums, to connect with others and share their struggles.\n\nIt is important for the user to remember that seeking help is a brave and necessary step towards healing and improving their quality of life."
    },
    {
      "index": 96,
      "label": "SuicideWatch",
      "response": "SuicideWatch"
    },
    {
      "index": 97,
      "label": "SuicideWatch",
      "response": "SuicideWatch"
    },
    {
      "index": 98,
      "label": "SuicideWatch",
      "response": "SuicideWatch"
    },
    {
      "index": 99,
      "label": "SuicideWatch",
      "response": "SuicideWatch"
    }
  ]
}