{
  "SWMH": [
    {
      "index": 0,
      "label": "Anxiety",
      "response": "{\n    \"thought\": \"The user describes a complex and contradictory emotional response to sunsets, which has been present since childhood but has become more pronounced in recent months. The user has a history of anxiety and depersonalization disorder, which has improved but is still experiencing dissociation. The description of sunsets evoking a mix of feelings, including familiarity, safety, fear, and unease, suggests a possible anxiety disorder.\",\n    \"result\": \"Anxiety\"\n}"
    },
    {
      "index": 1,
      "label": "Anxiety",
      "response": "{\n    \"thought\": \"The user has been experiencing chronic fatigue and has been bed bound for extended periods, which is a significant symptom. They have also been struggling with anxiety since childhood and have recently started challenging their anxious thoughts, leading to improved sleep and physical function. The user is seeking to understand if anxiety could be the primary cause of their fatigue.\",\n    \"result\": \"Anxiety\"\n}"
    },
    {
      "index": 2,
      "label": "Anxiety",
      "response": "{\n    \"thought\": \"The user is experiencing anxiety due to a sense of powerlessness over a significant issue, Net Neutrality. Despite taking action through letters and posts, they feel there's nothing more they can do, leading to a sense of being overwhelmed and anxious.\",\n    \"result\": \"Anxiety\"\n}"
    },
    {
      "index": 3,
      "label": "Anxiety",
      "response": "{\n    \"thought\": \"The user's post indicates a contrast between their happy state before drinking and their current feelings of sadness and disconnection. They express a sense of being misplaced and an aversion to being at home.\",\n    \"result\": \"Depression\"\n}"
    },
    {
      "index": 4,
      "label": "Anxiety",
      "response": "{\n    \"thought\": \"The user describes experiencing anxiety and disorganization, which is causing them distress. They express a desire to change but feel stuck in a cycle.\",\n    \"result\": \"Anxiety\"\n}"
    },
    {
      "index": 5,
      "label": "Anxiety",
      "response": "{\n    \"thought\": \"The user has been experiencing a resurgence of anxiety after a period of remission, which is causing them frustration. They are seeking advice on how to manage it and are considering consulting a doctor for medication. The user is already in therapy and seems to be actively seeking help.\",\n    \"result\": \"Anxiety\"\n}"
    },
    {
      "index": 6,
      "label": "Anxiety",
      "response": "{\n    \"thought\": \"The user is experiencing a combination of stressors including job loss and upcoming birthday, which are causing significant anxiety and sleep deprivation. The user is seeking coping strategies to manage these symptoms.\",\n    \"result\": \"Anxiety\"\n}"
    },
    {
      "index": 7,
      "label": "Anxiety",
      "response": "<answer>\n{\n    \"thought\": \"The user is experiencing physical symptoms such as chest pains and is concerned about it, which could be related to their mental state. The user's concern about their health and the physical symptoms they are experiencing may be indicative of anxiety.\",\n    \"result\": \"Anxiety\"\n}\n</answer>"
    },
    {
      "index": 8,
      "label": "Anxiety",
      "response": "<answer>\n{\n    \"thought\": \"The user is sharing an article about facing and understanding fear, indicating they are interested in personal growth and self-improvement. The user's ability to share and discuss the topic suggests they are open to new ideas and willing to confront their fears.\",\n    \"result\": \"Offmychest\"\n}\n</answer>"
    },
    {
      "index": 9,
      "label": "Anxiety",
      "response": "{\n    \"thought\": \"The user's anxiety is triggered by external expectations and the pressure to meet them, as well as a fear of disappointing others. They seem to be highly sensitive to the opinions of others and are worried about living up to these expectations.\",\n    \"result\": \"Anxiety\"\n}"
    },
    {
      "index": 10,
      "label": "Anxiety",
      "response": "<answer>\n{\n    \"thought\": \"The user's post describes a severe and debilitating anxiety disorder that significantly impacts their daily life and well-being. The user's hyper-vigilance to bodily sensations, frequent hospital visits, and reliance on medication to manage symptoms are all indicative of a severe anxiety condition.\",\n    \"result\": \"Anxiety\"\n}\n</answer>"
    },
    {
      "index": 11,
      "label": "Anxiety",
      "response": "{\n    \"thought\": \"The user is experiencing intense fear of losing his girlfriend and is showing a high level of emotional dependence on her. His language suggests a deep sense of desperation and anxiety.\",\n    \"result\": \"Anxiety\"\n}"
    },
    {
      "index": 12,
      "label": "Anxiety",
      "response": "{\n    \"thought\": \"The user's symptoms of anxiety and depression are triggered by separation from their partner, which is a common theme throughout the post. The user's emotional response to their partner's absence is intense and debilitating, but they also demonstrate an ability to function independently when traveling for work and fun. This suggests that their anxiety is not entirely debilitating and that they have coping mechanisms in place. The user's concern for their mental health and their desire to improve their emotional well-being are evident in their post.\",\n    \"result\": \"Anxiety\"\n}"
    },
    {
      "index": 13,
      "label": "Anxiety",
      "response": "<answer>\n{\n    \"thought\": \"The user is experiencing a high level of anxiety due to their obsessive thoughts about herpes and its potential impact on their relationship. They are aware of the irrationality of their ocd but are struggling to control it. The user's emotional state is heavily influenced by their ocd, leading to feelings of panic and despair.\",\n    \"result\": \"Anxiety\"\n}\n</answer>"
    },
    {
      "index": 14,
      "label": "Anxiety",
      "response": "<answer>\n{\n    \"thought\": \"The user's post suggests a sense of desperation and hopelessness, which may be indicative of a severe emotional state.\",\n    \"result\": \"SuicideWatch\"\n}\n</answer>"
    },
    {
      "index": 15,
      "label": "Anxiety",
      "response": "{\n    \"thought\": \"The user is describing a situation that triggered a strong emotional response, despite it being a relatively minor issue. They express frustration and disappointment, which suggests they may be prone to being easily upset by everyday setbacks.\",\n    \"result\": \"Anxiety\"\n}"
    },
    {
      "index": 16,
      "label": "Anxiety",
      "response": "{\n    \"thought\": \"The user's post describes a rollercoaster of intense emotional experiences, from anxiety and muscular tension to a deep sense of sadness and desperation. The user's ability to recognize and articulate their emotional states is impressive, and their self-awareness is a valuable asset. The user's description of the anti-anxiety meditation experience highlights their capacity for introspection and self-regulation. However, the overwhelming nature of their emotions and the sense of being consumed by them is a clear indication of the mental health challenges they are facing.\",\n    \"result\": \"Depression\"\n}"
    },
    {
      "index": 17,
      "label": "Anxiety",
      "response": "<answer>\n{\n    \"thought\": \"The user has taken an overdose of Zoloft, which is a medication used to treat depression. They are experiencing side effects and are concerned about their health. The user's decision to take the medication without a doctor's prescription and in an excessive dose raises concerns about their mental state. They are seeking information on potential side effects, indicating a desire to understand their physical well-being.\",\n    \"result\": \"SuicideWatch\"\n}\n</answer>"
    },
    {
      "index": 18,
      "label": "Anxiety",
      "response": "Based on your post, it seems like you're experiencing anxiety related to work, specifically during the beginning of your shift. You're looking for natural supplements to help manage this anxiety. I'd like to know more about your anxiety symptoms and how they affect your daily life."
    },
    {
      "index": 19,
      "label": "Anxiety",
      "response": "I think it's interesting that you're exploring the potential causes of anxiety and considering the role of past events. It's true that for some people, past traumas can contribute to anxiety. However, anxiety can also be caused by a variety of factors, including genetics, brain chemistry, and current life circumstances. It's not always a straightforward cause-and-effect relationship."
    },
    {
      "index": 20,
      "label": "Bipolar",
      "response": "<answer>\n{\n    \"thought\": \"The user has been through a significant transformation after seeking help and starting medication, which has improved their mental health. They are now advocating for others to take the step of seeking help, indicating a strong sense of hope and resilience.\",\n    \"result\": \"Bipolar\"\n}\n</answer>"
    },
    {
      "index": 21,
      "label": "Bipolar",
      "response": "{\n    \"thought\": \"The user is experiencing a high level of stress due to various personal and professional pressures, including family conflicts and a recent car accident. She is on the verge of a breakdown and is seeking a response from her husband to alleviate her stress.\",\n    \"result\": \"Anxiety\"\n}"
    },
    {
      "index": 22,
      "label": "Bipolar",
      "response": "{\n    \"thought\": \"The user is expressing concern over their medication regimen and its potential side effects, indicating a level of self-awareness and research on their condition. They are questioning the effectiveness of their prescribed medication and its potential impact on their health, which may be a sign of anxiety related to their treatment.\",\n    \"result\": \"Anxiety\"\n}"
    },
    {
      "index": 23,
      "label": "Bipolar",
      "response": "<answer>\n{\n    \"thought\": \"The user's mother has been experiencing significant changes in her behavior and emotional state due to her medication regimen and the loss of her dog. The user is concerned about maintaining a connection with their mother and facilitating her return to the doctor. The user's mother has shown some signs of improvement, such as being able to cry and respond to conversations, which suggests that she is not completely unresponsive. The user's love and concern for their mother are evident throughout the post.\",\n    \"result\": \"Depression\"\n}\n</answer>"
    },
    {
      "index": 24,
      "label": "Bipolar",
      "response": "<answer>\n{\n    \"thought\": \"The user has been diagnosed with bipolar disorder and is taking sodium valproate as prescribed. The user's question suggests they are seeking information on what to expect from the medication, indicating they are taking their treatment seriously and are interested in managing their condition. This suggests a level of emotional stability and a desire for self-care.\",\n    \"result\": \"Offmychest\"\n}\n</answer>"
    },
    {
      "index": 25,
      "label": "Bipolar",
      "response": "{\n    \"thought\": \"The user is inquiring about Buspar as a potential treatment for anxiety, specifically in the context of bipolar disorder II with ultra-rapid cycling and OCD. They are already taking multiple medications and undergoing cognitive therapy. The user is seeking information on Buspar's efficacy and side effects.\",\n    \"result\": \"Anxiety\"\n}"
    },
    {
      "index": 26,
      "label": "Bipolar",
      "response": "{\n    \"thought\": \"The user's post reveals a pattern of impulsive decisions made during periods of mania, resulting in significant financial and academic consequences. The user's awareness of these impulsive actions and their impact on their life suggests a desire for change and a willingness to take responsibility for their decisions.\",\n    \"result\": \"Bipolar\"\n}"
    },
    {
      "index": 27,
      "label": "Bipolar",
      "response": "<answer>\n{\n    \"thought\": \"The user describes a series of stressful events at the pharmacy, including a confrontation with a pharmacist assistant. They express their emotional response to the situation, but also show an ability to find humor in it. This suggests a coping mechanism that allows them to reframe their experience.\",\n    \"result\": \"Bipolar\"\n}\n</answer>"
    },
    {
      "index": 28,
      "label": "Bipolar",
      "response": "{\n    \"thought\": \"The user's post describes a history of disassociation and psychosis, which are often associated with bipolar disorder. The user's fear of losing control and concerns about medication side effects are also common in bipolar patients. The user's desperation for a solution and the fact that they have contacted a professional suggest they are seeking help and willing to take steps to address their condition.\",\n    \"result\": \"Bipolar\"\n}"
    },
    {
      "index": 29,
      "label": "Bipolar",
      "response": "{\n    \"thought\": \"The user is experiencing flashbacks of their hypomanic and manic episodes, which are causing them significant distress and anger. These flashbacks are affecting their relationships and sense of identity. The user is struggling to come to terms with their past behavior and the perception of others, leading to feelings of isolation and despair.\",\n    \"result\": \"Bipolar\"\n}"
    },
    {
      "index": 30,
      "label": "Bipolar",
      "response": "<answer>\n{\n    \"thought\": \"The user is inquiring about how others handle holiday stress and its impact on mood, indicating they may be experiencing similar issues themselves.\",\n    \"result\": \"Anxiety\"\n}\n</answer>\n\nThe user's question suggests they are concerned about the holiday season and its effects on mental well-being, which is a common theme in anxiety-related posts."
    },
    {
      "index": 31,
      "label": "Bipolar",
      "response": "{\n    \"thought\": \"The user is describing a pattern of meaningful coincidences during psychotic episodes, which can be a characteristic of certain mental health conditions. The user's description suggests they are seeking to understand these experiences and potentially connect with others who have had similar occurrences.\",\n    \"result\": \"Bipolar\"\n}"
    },
    {
      "index": 32,
      "label": "Bipolar",
      "response": "<answer>\n{\n    \"thought\": \"The user is observing a correlation between seasonal changes and their manic episodes, which suggests they are paying close attention to their environment and its effects on their mental state. They also express a willingness to explore the underlying causes of this phenomenon.\",\n    \"result\": \"Bipolar\"\n}\n</answer>"
    },
    {
      "index": 33,
      "label": "Bipolar",
      "response": "{\n    \"thought\": \"The user is expressing concerns about their ability to function in daily life due to their mental health condition, which is a significant factor in applying for disability. They are seeking advice from others who have gone through a similar process.\",\n    \"result\": \"Depression\"\n}"
    },
    {
      "index": 34,
      "label": "Bipolar",
      "response": "{\n    \"thought\": \"The user is experiencing anxiety due to a medication refill delay, which is causing them to worry about withdrawal symptoms. They are also concerned about their mental health and the potential consequences of not taking their medication.\",\n    \"result\": \"Anxiety\"\n}"
    },
    {
      "index": 35,
      "label": "Bipolar",
      "response": "{\n    \"thought\": \"The user's post reveals a deep sense of self-loathing and isolation, which is exacerbated by their new job that involves spending most of the day alone. They express a need to be heard and a sense of being trapped in their own mind.\",\n    \"result\": \"Depression\"\n}"
    },
    {
      "index": 36,
      "label": "Bipolar",
      "response": "{\n    \"thought\": \"The user's post reveals a high level of self-awareness and knowledge about mental health conditions, particularly bipolar disorder. They express frustration with the psychiatrist's assessment and the potential mislabeling of their condition. The user's writing style is direct and sometimes confrontational, but it also shows a deep understanding of their own experiences and the complexities of mental health diagnosis.\",\n    \"result\": \"Anxiety\"\n}"
    },
    {
      "index": 37,
      "label": "Bipolar",
      "response": "{\n    \"thought\": \"The user is experiencing a significant increase in suicidal thoughts after a period of stability on medication, which is causing them distress and interfering with daily activities.\",\n    \"result\": \"SuicideWatch\"\n}"
    },
    {
      "index": 38,
      "label": "Bipolar",
      "response": "<answer>\n{\n    \"thought\": \"The user is experiencing a return of winter depression, which is a seasonal affective disorder. They are looking for a solution to manage this condition.\",\n    \"result\": \"Depression\"\n}\n</answer>"
    },
    {
      "index": 39,
      "label": "Bipolar",
      "response": "{\n    \"thought\": \"The user is inquiring about the likelihood of developing a mental disorder based on family history and genetic testing. They seem to be aware of their family's medical history and are seeking information on the role of genetics in their condition. This indicates a level of self-awareness and a desire to understand their situation.\",\n    \"result\": \"Bipolar\"\n}"
    },
    {
      "index": 40,
      "label": "Depression",
      "response": "{\n    \"thought\": \"The user seems to be reflecting on the nature of happiness and depression, suggesting that true happiness comes from living in the moment and that overthinking can lead to depression. They are seeking a balance between the two states.\",\n    \"result\": \"Depression\"\n}"
    },
    {
      "index": 41,
      "label": "Depression",
      "response": "{\n    \"thought\": \"The user has been through numerous life-altering events, including war, surgeries, language barriers, and relationship loss. These events have led to significant emotional distress and a sense of being overwhelmed. Despite these challenges, the user has shown resilience and a strong sense of responsibility in supporting their family. However, the loss of their long-term partner and feeling abandoned by their friends has left them feeling isolated and hopeless.\",\n    \"result\": \"Depression\"\n}"
    },
    {
      "index": 42,
      "label": "Depression",
      "response": "{\n    \"thought\": \"The user is expressing mixed feelings about social interactions and appears to be struggling with feelings of inadequacy and disconnection. They have taken steps to get involved in their community and have a strong desire to improve their mental state. However, they seem to be stuck in a cycle of self-doubt and uncertainty.\",\n    \"result\": \"Depression\"\n}"
    },
    {
      "index": 43,
      "label": "Depression",
      "response": "<answer>\n{\n    \"thought\": \"The user's post suggests a sense of isolation and disconnection from others, which may be a sign of severe depression.\",\n    \"result\": \"Depression\"\n}\n</answer>"
    },
    {
      "index": 44,
      "label": "Depression",
      "response": "{\n    \"thought\": \"The user's post describes a highly sensitive emotional state with extreme mood swings, heightened emotional reactivity, and a strong need for emotional comfort and safety. These symptoms are characteristic of a person who may be experiencing intense emotional dysregulation.\",\n    \"result\": \"Bipolar\"\n}"
    },
    {
      "index": 45,
      "label": "Depression",
      "response": "{\n    \"thought\": \"The user is experiencing significant anxiety about attending a therapy session, which is evident from their posts. They express concern about speaking to the therapist and leaving their house, indicating a possible phobia of new or unfamiliar situations. This anxiety is affecting their daily life, causing them to lose sleep.\",\n    \"result\": \"Anxiety\"\n}"
    },
    {
      "index": 46,
      "label": "Depression",
      "response": "{\n    \"thought\": \"The user's posts express a deep sense of hopelessness and despair, with a repetitive cycle of suicidal thoughts and feelings of being trapped. The user's writing style is straightforward and lacks the complexity and nuance that might be expected in a genuine post. The content appears to be a scripted response, possibly intended to elicit a specific reaction or attention.\",\n    \"result\": \"SuicideWatch\"\n}"
    },
    {
      "index": 47,
      "label": "Depression",
      "response": "{\n    \"thought\": \"The user expresses feelings of isolation and loneliness, mentioning depression and difficulty making friends in a new school environment. They also seem to be seeking companionship and are open to connecting with someone who shares similar experiences.\",\n    \"result\": \"Depression\"\n}"
    },
    {
      "index": 48,
      "label": "Depression",
      "response": "{\n    \"thought\": \"The user is expressing a sense of emotional numbness and disconnection from their feelings, which they feel has been a result of a recent loss. They are yearning to feel the full range of human emotions and are frustrated by their inability to do so.\",\n    \"result\": \"Depression\"\n}"
    },
    {
      "index": 49,
      "label": "Depression",
      "response": "{\n    \"thought\": \"The user is experiencing a significant amount of stress and uncertainty about their academic and personal life. They are struggling with their grades, feeling disconnected from their environment, and are torn between staying in school and taking a break. They also express a sense of emptiness and disconnection from their social relationships. These feelings are impacting their daily functioning and overall well-being.\",\n    \"result\": \"Depression\"\n}"
    },
    {
      "index": 50,
      "label": "Depression",
      "response": "{\n    \"thought\": \"The user is expressing a sense of guilt and responsibility for their friends' well-being, indicating a high level of empathy. They also mention that venting provides temporary relief but is followed by a sense of remorse. This suggests a pattern of self-sacrificing and a need to take care of others' feelings.\",\n    \"result\": \"Depression\"\n}"
    },
    {
      "index": 51,
      "label": "Depression",
      "response": "{\n    \"thought\": \"The user expresses a loss of passion and drive, which can be a sign of depression. They mention they tried and failed, indicating a sense of hopelessness.\",\n    \"result\": \"Depression\"\n}"
    },
    {
      "index": 52,
      "label": "Depression",
      "response": "{\n    \"thought\": \"The user is experiencing a moral dilemma and emotional distress due to the conflicting loyalties and the severity of the allegations against their friend A. They are torn between their long-standing friendship with A and their current relationship with HLP, as well as the moral implications of the situation. The user's emotional state is characterized by feelings of depression, loneliness, and a sense of being caught between two impossible choices.\",\n    \"result\": \"Depression\"\n}"
    },
    {
      "index": 53,
      "label": "Depression",
      "response": "<answer>\n{\n    \"thought\": \"The user's post conveys a deep sense of emotional pain and isolation, with a strong desire to reach out and offer support to others who may be experiencing similar feelings. The user mentions that their family is their lifeline and that they are lucky to have them. This suggests that the user is experiencing significant emotional distress and is struggling to cope with their feelings.\",\n    \"result\": \"Depression\"\n}\n</answer>"
    },
    {
      "index": 54,
      "label": "Depression",
      "response": "{\n    \"thought\": \"The user's post reveals a mix of emotional instability, self-doubt, and anxiety. She mentions academic struggles, health issues, and a history of emotional trauma. Her emotional outbursts and irritability are affecting her relationships. She expresses fear of losing control and pushing away loved ones.\",\n    \"result\": \"Bipolar\"\n}"
    },
    {
      "index": 55,
      "label": "Depression",
      "response": "{\n    \"thought\": \"The user is showing concern for a friend who is experiencing severe depression. The user is aware of the friend's history of depression and has been in regular contact with him, offering support. The user is seeking advice on how to best support the friend from a distance.\",\n    \"result\": \"Depression\"\n}"
    },
    {
      "index": 56,
      "label": "Depression",
      "response": "{\n    \"thought\": \"The user's posts express a deep sense of hopelessness, despair, and a lack of motivation. They describe themselves as tired and constantly yawning, dozing off, and lying down, which may indicate a lack of energy and drive. The user also expresses a sense of disconnection from the world and a lack of achievements. Furthermore, they seem to be affected by the negativity of others and feel criticized by society. The user's self-esteem is low, and they feel like they're wandering through life without a purpose.\",\n    \"result\": \"Depression\"\n}"
    },
    {
      "index": 57,
      "label": "Depression",
      "response": "{\n    \"thought\": \"The user is experiencing a significant decline in motivation and social interaction, which has led to a sense of isolation and disconnection. They have a history of academic underperformance and have lost touch with their former friends. They are struggling to find common ground with their roommates and feel like they don't fit in with their peers.\",\n    \"result\": \"Depression\"\n}"
    },
    {
      "index": 58,
      "label": "Depression",
      "response": "{\n    \"thought\": \"The user expresses a sense of hopelessness and despair, indicating a deep emotional pain. They mention a desire to escape life through death, which is a strong indicator of emotional distress. The user also shares their limited social connections, lack of romantic experience, and limited career prospects. These factors contribute to their feelings of being 'done' and having 'had enough'.\",\n    \"result\": \"Depression\"\n}"
    },
    {
      "index": 59,
      "label": "Depression",
      "response": "{\n    \"thought\": \"The user is experiencing significant emotional distress following a recent setback in their academic career. They express feelings of isolation, low self-esteem, and a sense of being overwhelmed by their circumstances. They also indicate a desire to be independent and self-sufficient, but feel unable to do so due to their current emotional state.\",\n    \"result\": \"Depression\"\n}"
    },
    {
      "index": 60,
      "label": "Offmychest",
      "response": "{\n    \"thought\": \"The user's post reveals a complex mix of feelings, on one hand, she has a seemingly perfect life with many accomplishments and opportunities, but on the other hand, she struggles with self-criticism and emotional turmoil. She cuts herself as a means of releasing overwhelming emotions, which suggests a need for emotional regulation. Her self-critical thoughts and feelings of not deserving her accomplishments may be indicative of depression.\",\n    \"result\": \"Depression\"\n}"
    },
    {
      "index": 61,
      "label": "Offmychest",
      "response": "{\n    \"thought\": \"The user's posts suggest a deep-seated mistrust of people and relationships, stemming from past experiences. They seem to have a pessimistic view of human nature and relationships, which is affecting their ability to form connections with others. The user's narrative is filled with examples of perceived betrayal and hurt, leading them to question the notion of love and relationships. They appear to be struggling with the idea of opening themselves up to the possibility of getting hurt again.\",\n    \"result\": \"Anxiety\"\n}"
    },
    {
      "index": 62,
      "label": "Offmychest",
      "response": "<answer>\n{\n    \"thought\": \"The user is experiencing frustration and disappointment in a friendship due to a perceived lack of reciprocity in communication. The user values their friend's trust and the attention she gives them, but feels disrespected when she doesn't show interest in their own life. The user is seeking a more balanced and meaningful relationship.\",\n    \"result\": \"Anxiety\"\n}\n</answer>"
    },
    {
      "index": 63,
      "label": "Offmychest",
      "response": "{\n    \"thought\": \"The user has shown a positive and reflective tone in their post, indicating a desire for self-reflection and a fresh start. They have also demonstrated a sense of humor and a willingness to challenge conventional norms. The user's description of their NYE celebration and their thoughts on time and personal reinvention suggest a level of introspection and a focus on personal growth.\",\n    \"result\": \"Offmychest\"\n}"
    },
    {
      "index": 64,
      "label": "Offmychest",
      "response": "{\n    \"thought\": \"The user is experiencing a series of unfortunate events, including financial struggles and a pet's illness, which are causing significant emotional distress. The user's narrative reveals feelings of guilt, anxiety, and desperation.\",\n    \"result\": \"Anxiety\"\n}"
    },
    {
      "index": 65,
      "label": "Offmychest",
      "response": "{\n    \"thought\": \"The user expresses strong dissatisfaction with the US government and its policies, highlighting various social and economic issues. They feel the country is failing and that the government is not working in the best interest of its people. The user's tone is one of frustration and disillusionment.\",\n    \"result\": \"Anxiety\"\n}"
    },
    {
      "index": 66,
      "label": "Offmychest",
      "response": "<answer>\n{\n    \"thought\": \"The user's post highlights a perceived double standard in how Reddit and society at large respond to crimes committed by individuals of different racial backgrounds. The user seems to be frustrated with the lack of attention given to white-on-white crime and the focus on mental health as a scapegoat. The tone is critical and sarcastic, indicating a sense of outrage and disillusionment.\",\n    \"result\": \"Anxiety\"\n}\n</answer>"
    },
    {
      "index": 67,
      "label": "Offmychest",
      "response": "{\n    \"thought\": \"The user is experiencing high levels of emotional distress due to their mother's cancer diagnosis and their husband's absence. They are showing a strong need for emotional support and connection.\",\n    \"result\": \"Depression\"\n}"
    },
    {
      "index": 68,
      "label": "Offmychest",
      "response": "{\n    \"thought\": \"The user is showing empathy towards the new girlfriend of their ex and is worried about her potential fate. They are also reflecting on their own past experience and the fact that they did not take action sooner to prevent their own abuse. The user is now feeling guilty and has a sense of responsibility to warn others. This suggests a high level of emotional awareness and a strong sense of moral obligation.\",\n    \"result\": \"Offmychest\"\n}"
    },
    {
      "index": 69,
      "label": "Offmychest",
      "response": "{\n    \"thought\": \"The user is expressing feelings of frustration and sadness due to a perceived disconnection in their relationship. They feel their partner does not reciprocate their emotional needs and desires, leading to feelings of resentment and loneliness. The user is also concerned about the lack of intimacy and quality time spent together.\",\n    \"result\": \"Depression\"\n}"
    },
    {
      "index": 70,
      "label": "Offmychest",
      "response": "{\n    \"thought\": \"The user's post reveals a complex web of emotional distress and relationship issues. He is struggling to come to terms with his wife's behavior, which he perceives as crossing boundaries and potentially threatening their marriage. He is also dealing with feelings of hurt, confusion, and betrayal. His narrative is marked by a sense of desperation and a desire to hold onto the marriage.\",\n    \"result\": \"Depression\"\n}"
    },
    {
      "index": 71,
      "label": "Offmychest",
      "response": "{\n    \"thought\": \"The user's posts reveal a complex history of trauma and abuse, starting from a young age. They express feelings of guilt, shame, and denial about their past experiences. The user's emotional state is heavily influenced by these events, leading to feelings of paranoia, anxiety, and an inability to trust others. The user's girlfriend provides a supportive presence, but the user's self-blame and fear of confronting the past are significant obstacles to their emotional recovery.\",\n    \"result\": \"Depression\"\n}"
    },
    {
      "index": 72,
      "label": "Offmychest",
      "response": "<answer>\n{\n    \"thought\": \"The user's post indicates a significant event occurred a year ago, which suggests a history of suicidal ideation. The fact that they are sharing this on a public platform may be a sign of their desire to process and share their emotions.\",\n    \"result\": \"SuicideWatch\"\n}\n</answer>"
    },
    {
      "index": 73,
      "label": "Offmychest",
      "response": "{\n    \"thought\": \"The user is experiencing significant stress and frustration due to their grandmother's behavior in the kitchen, which is affecting their holiday season. The user's love and respect for their grandmother is evident, but they also feel their own needs and desires are not being respected.\",\n    \"result\": \"Anxiety\"\n}"
    },
    {
      "index": 74,
      "label": "Offmychest",
      "response": "{\n    \"thought\": \"The user's post reveals a complex emotional state, with a deep sense of loss and regret. He is grappling with the consequences of his actions and the uncertainty of his feelings. He is aware that he cares more about her than he has ever cared about anyone before, and this realization has brought him immense anxiety and fear of losing her. His dream and subsequent conversation with her have heightened his sense of urgency and desperation.\",\n    \"result\": \"Anxiety\"\n}"
    },
    {
      "index": 75,
      "label": "Offmychest",
      "response": "{\n    \"thought\": \"The user's post describes a highly intense and traumatic event where they chased a thief while in a state of panic. The user's adrenaline-fueled actions and subsequent physical injuries suggest a strong fight-or-flight response. The user's emotional state is also affected, as they report feeling numb and dreamy after the event, which is a common response to extreme stress.\",\n    \"result\": \"Anxiety\"\n}"
    },
    {
      "index": 76,
      "label": "Offmychest",
      "response": "{\n    \"thought\": \"The user's posts reveal a deep sense of inner turmoil and emotional pain. They express feelings of anxiety, self-doubt, and a general sense of being trapped in their own thoughts. The user's description of their weight loss and its impact on their self-image, as well as their relationship with their boyfriend, suggests a complex interplay of emotions. The user's high standards and black-and-white thinking may be contributing to their social isolation. Additionally, their concerns about depression and their reluctance to seek medical help due to past negative experiences are evident. The user's resignation to their current existence and their feelings of being alone in the world are also striking.\",\n    \"result\": \"Depression\"\n}"
    },
    {
      "index": 77,
      "label": "Offmychest",
      "response": "{\n    \"thought\": \"The user's post conveys a sense of hopelessness and desperation, with a strong emphasis on their struggles with employment and living situation. They express feelings of guilt and shame for relying on others for support, and there is a clear indication of a lack of energy and motivation. The user's language is laced with profanity and a sense of finality, suggesting a deep emotional pain.\",\n    \"result\": \"Depression\"\n}"
    },
    {
      "index": 78,
      "label": "Offmychest",
      "response": "{\n    \"thought\": \"The user's question suggests they feel isolated and undervalued, which can be a sign of depression. They may be struggling to understand why they don't receive the same level of attention from others as they give to others.\",\n    \"result\": \"Depression\"\n}"
    },
    {
      "index": 79,
      "label": "Offmychest",
      "response": "<answer>\n{\n    \"thought\": \"The user's post conveys an intense and romantic sentiment, but there is no indication of distress or negative emotions.\",\n    \"result\": \"Offmychest\"\n}\n</answer>"
    },
    {
      "index": 80,
      "label": "SuicideWatch",
      "response": "{\n    \"thought\": \"The user's posts indicate a severe sense of hopelessness and desperation, with a history of suicidal ideation. The user's current thoughts are fixated on death and ending their life, with a specific plan in mind. This is a critical situation that requires immediate attention.\",\n    \"result\": \"SuicideWatch\"\n}"
    },
    {
      "index": 81,
      "label": "SuicideWatch",
      "response": "<answer>\n{\n    \"thought\": \"The user's post conveys a sense of hopelessness and desperation, with a clear intention to end their life. They express regret and apology to their girlfriend and family, indicating a deep emotional pain and a sense of burden. The user's words are laced with a finality that suggests they are in a state of severe emotional distress.\",\n    \"result\": \"SuicideWatch\"\n}\n</answer>"
    },
    {
      "index": 82,
      "label": "SuicideWatch",
      "response": "{\n    \"thought\": \"The user is experiencing intense emotional distress due to the impending loss of their mother and the financial burden it will bring. They are also struggling with feelings of isolation and hopelessness, which are common symptoms of depression. The user's contemplation of suicide indicates a severe level of emotional pain.\",\n    \"result\": \"SuicideWatch\"\n}"
    },
    {
      "index": 83,
      "label": "SuicideWatch",
      "response": "{\n    \"thought\": \"The user is experiencing an overwhelming amount of stress and trauma from various aspects of their life, including a recent breakup, health issues, financial problems, and the loss of a beloved pet. They express a deep sense of desperation and hopelessness, which is exacerbated by the upcoming holidays and their 30th birthday. The user's emotional pain is evident in their post, and they are seeking a way out of their current situation.\",\n    \"result\": \"SuicideWatch\"\n}"
    },
    {
      "index": 84,
      "label": "SuicideWatch",
      "response": "{\n    \"thought\": \"The user expresses a sense of desperation and hopelessness due to the perceived impossibility of achieving their goal, which is consuming their thoughts and lifestyle. They feel isolated and disconnected from reality, and their language suggests a strong desire to escape their current circumstances. The user's tone is dark and critical, with a sense of self-loathing.\",\n    \"result\": \"Depression\"\n}"
    },
    {
      "index": 85,
      "label": "SuicideWatch",
      "response": "{\n    \"thought\": \"The user is expressing feelings of desperation and hopelessness, mentioning their loved ones and the weight of their suffering. They are also showing a desire to be understood and a need for reassurance.\",\n    \"result\": \"SuicideWatch\"\n}"
    },
    {
      "index": 86,
      "label": "SuicideWatch",
      "response": "{\n    \"thought\": \"The user has been in a position of giving help to others for a long time, but now they are in a place where they need to receive help. They feel abandoned by their friends and are worried about expressing their true feelings as it may damage their relationship and their sense of achievement.\",\n    \"result\": \"Anxiety\"\n}"
    },
    {
      "index": 87,
      "label": "SuicideWatch",
      "response": "{\n    \"thought\": \"The user is concerned about a 12-year-old boy who is threatening suicide on Skype. The user is unsure about how to report this to the authorities and is worried about the boy's safety. The boy has expressed that his father is abusive and his mother has passed away. The user is considering the boy's location in a different state and its implications for emergency services.\",\n    \"result\": \"SuicideWatch\"\n}"
    },
    {
      "index": 88,
      "label": "SuicideWatch",
      "response": "<answer>\n{\n    \"thought\": \"The user expresses a sense of hopelessness and despair, indicating a lack of purpose and meaning in life. They seem to be questioning the value of existence and are seeking a reason to continue living.\",\n    \"result\": \"Depression\"\n}\n</answer>"
    },
    {
      "index": 89,
      "label": "SuicideWatch",
      "response": "{\n    \"thought\": \"The user is experiencing a multitude of emotional distress due to their family dynamics, lack of support, and feelings of being ignored. They have a history of trauma, including sexual abuse and neglect, which has led to severe anxiety and a sense of isolation. The user's feelings of being used by their family members and best friend have further exacerbated their emotional pain.\",\n    \"result\": \"Anxiety\"\n}"
    },
    {
      "index": 90,
      "label": "SuicideWatch",
      "response": "{\n    \"thought\": \"The user is experiencing severe emotional distress due to financial and family issues, which has led to feelings of hopelessness and despair. The user is considering ending their life as a way out of their current situation.\",\n    \"result\": \"SuicideWatch\"\n}"
    },
    {
      "index": 91,
      "label": "SuicideWatch",
      "response": "<answer>\n{\n    \"thought\": \"The user's post conveys a sense of desperation and hopelessness, indicating a severe emotional distress. The mention of a narcissistic personality causing destruction and the user's plea to run away suggest a high level of emotional pain and a need for immediate action.\",\n    \"result\": \"SuicideWatch\"\n}\n</answer>"
    },
    {
      "index": 92,
      "label": "SuicideWatch",
      "response": "{\n    \"thought\": \"The user is experiencing significant distress due to their inability to complete tasks and the resulting consequences. They acknowledge their procrastination and its effects on their life and the lives of those around them. The user's self-awareness and recognition of their problem is a crucial first step towards addressing it. However, they seem to be struggling with the next step, which is finding a solution to their procrastination. The user's emotional state is also a concern, as they express feelings of sickness and self-torture. These feelings are indicative of a deeper emotional struggle.\",\n    \"result\": \"Depression\"\n}"
    },
    {
      "index": 93,
      "label": "SuicideWatch",
      "response": "{\n    \"thought\": \"The user's post expresses a deep sense of hopelessness and despair, mentioning a lack of joy in their life and a sense of being tired of everything. They also mention a fear of the unknown, which is a common feeling when facing a life-altering decision like suicide. The user's tone is bitter and resentful towards those who have wronged them, but there is also a sense of resignation and finality.\",\n    \"result\": \"SuicideWatch\"\n}"
    },
    {
      "index": 94,
      "label": "SuicideWatch",
      "response": "{\n    \"thought\": \"The user is experiencing a high level of stress and frustration due to academic and financial pressures, as well as a sense of isolation from their partner's unresponsiveness. They express a strong sense of self-blame and hopelessness.\",\n    \"result\": \"Depression\"\n}"
    },
    {
      "index": 95,
      "label": "SuicideWatch",
      "response": "{\n    \"thought\": \"The user's post reveals a long history of emotional struggles, including depression, anxiety, and suicidal ideation. The user has experienced significant life events such as bullying, relationship issues, and family dynamics that have contributed to their current mental state. Despite these challenges, the user expresses a desire for help and a willingness to seek treatment. The user's narrative highlights the need for comprehensive and accessible mental health care, particularly in regions where mental health is stigmatized.\",\n    \"result\": \"Depression\"\n}"
    },
    {
      "index": 96,
      "label": "SuicideWatch",
      "response": "<answer>\n{\n    \"thought\": \"The user expresses a sense of hopelessness and a desire to minimize their impact on others, indicating a possible lack of interest in their own well-being. They mention being ready to end their life within a month and express a lack of interest in changing their current situation.\",\n    \"result\": \"SuicideWatch\"\n}\n</answer>"
    },
    {
      "index": 97,
      "label": "SuicideWatch",
      "response": "{\n    \"thought\": \"The user's post suggests a sense of detachment and a lack of emotional response to the idea of suicide, which is a red flag. The user also mentions a history of self-harm and a pattern of coping with emotional pain by putting others first. This coping mechanism may be causing the user to feel drained and disconnected from their own emotional needs.\",\n    \"result\": \"SuicideWatch\"\n}"
    },
    {
      "index": 98,
      "label": "SuicideWatch",
      "response": "<answer>\n{\n    \"thought\": \"The user expresses a sense of hopelessness and despair, mentioning that things have consistently gotten worse and that they regret not ending their life earlier. These statements suggest a deep emotional pain and a sense of being overwhelmed by negative events.\",\n    \"result\": \"SuicideWatch\"\n}\n</answer>"
    },
    {
      "index": 99,
      "label": "SuicideWatch",
      "response": "{\n    \"thought\": \"The user's post conveys a sense of hurt and anger towards someone who has been critical of them. The user expresses a desire to 'get rid' of this person and mentions 'kill myself' in a context that suggests self-harm. This language is alarming and suggests a high level of emotional distress.\",\n    \"result\": \"SuicideWatch\"\n}"
    }
  ]
}