{
  "SWMH_High": [
    {
      "index": 0,
      "label": "Anxiety",
      "response": "Depression"
    },
    {
      "index": 1,
      "label": "Anxiety",
      "response": "{\n    \"thought\": \"The user describes symptoms of anxiety and feelings of distress under stress, and they mention a history of a crash and recovery period.\",\n    \"result\": \"Anxiety\"\n}"
    },
    {
      "index": 2,
      "label": "Anxiety",
      "response": "{\n    \"thought\": \"The user seems to be experiencing difficulty in expressing their thoughts and ideas coherently and is struggling with their emotions.\",\n    \"result\": \"Anxiety\"\n}"
    },
    {
      "index": 3,
      "label": "Anxiety",
      "response": "Offmychest"
    },
    {
      "index": 4,
      "label": "Anxiety",
      "response": "Anxiety"
    },
    {
      "index": 5,
      "label": "Anxiety",
      "response": "Offmychest"
    },
    {
      "index": 6,
      "label": "Anxiety",
      "response": "{\n    \"thought\": \"The user seems to be experiencing difficulty sleeping and going through a period of anxiety and restlessness.\",\n    \"result\": \"Anxiety\"\n}"
    },
    {
      "index": 7,
      "label": "Anxiety",
      "response": "{\n    \"thought\": \"The user seems to be experiencing difficulty in expressing thoughts, possibly due to disorganization or frustration.\",\n    \"result\": \"Depression\"\n}"
    },
    {
      "index": 8,
      "label": "Anxiety",
      "response": "{\n    \"thought\": \"The user is mentioning 'psychologyTtoDay' and appears to be reading an article or blog post, which they found enlightening. They also mention working on a by, but it is unclear what they are referring to.\",\n    \"result\": \"Offmychest\"\n}"
    },
    {
      "index": 9,
      "label": "Anxiety",
      "response": "Offmychest"
    },
    {
      "index": 10,
      "label": "Anxiety",
      "response": "Anxiety"
    },
    {
      "index": 11,
      "label": "Anxiety",
      "response": "SuicideWatch"
    },
    {
      "index": 12,
      "label": "Anxiety",
      "response": "Anxiety"
    },
    {
      "index": 13,
      "label": "Anxiety",
      "response": "{\n    \"thought\": \"The user is experiencing a range of negative thoughts and emotions, including self-harming ideation, suicidal ideation, and depressive symptoms.\",\n    \"result\": \"Bipolar\"\n}"
    },
    {
      "index": 14,
      "label": "Anxiety",
      "response": "Offmychest"
    },
    {
      "index": 15,
      "label": "Anxiety",
      "response": "Offmychest"
    },
    {
      "index": 16,
      "label": "Anxiety",
      "response": "Depression"
    },
    {
      "index": 17,
      "label": "Anxiety",
      "response": "{\n    \"thought\": \"The user is experiencing a mix of emotions, including confusion, frustration, and self-doubt. They mention taking pills and feeling like they are 'never helping.' They also mention a 'nowhere door.'\"\n    \"result\": \"Bipolar\"\n}"
    },
    {
      "index": 18,
      "label": "Anxiety",
      "response": "{\n    \"thought\": \"The user mentions experiencing anxiety, especially when unexpected events occur, and they struggle with excessive worrying.\",\n    \"result\": \"Anxiety\"\n}"
    },
    {
      "index": 19,
      "label": "Anxiety",
      "response": "Depression"
    },
    {
      "index": 20,
      "label": "Bipolar",
      "response": "Anxiety"
    },
    {
      "index": 21,
      "label": "Bipolar",
      "response": "{\n    \"thought\": \"The user is experiencing a high level of stress and seems to be going through a difficult time in their life. They mention feeling overwhelmed and mention pulling his gksy, which could be a reference to a personal issue.\",\n    \"result\": \"Anxiety\"\n}"
    },
    {
      "index": 22,
      "label": "Bipolar",
      "response": "{\n    \"thought\": \"The user seems to be struggling with a mix of emotions and possibly experiencing a lack of control over their thoughts. They mention a desire to never come to the surface, which could be a metaphor for dealing with depression and anxiety.\",\n    \"result\": \"Depression\"\n}"
    },
    {
      "index": 23,
      "label": "Bipolar",
      "response": "The user has experienced a significant amount of stress and trauma, as well as multiple medical issues, which could contribute to their mental health challenges. Based on the post, it seems that the user is struggling with anxiety and possibly depression. It is essential to provide support and connect the user with appropriate professional help for further evaluation and treatment."
    },
    {
      "index": 24,
      "label": "Bipolar",
      "response": "Anxiety"
    },
    {
      "index": 25,
      "label": "Bipolar",
      "response": "Depression"
    },
    {
      "index": 26,
      "label": "Bipolar",
      "response": "{\n    \"thought\": \"The user has experienced a variety of impulsive and costly behaviors, such as tattoos, eBay purchases, and camera use. They also mention feeling disorder and losing money due to these actions.\",\n    \"result\": \"Anxiety\"\n}"
    },
    {
      "index": 27,
      "label": "Bipolar",
      "response": "{\n  \"thought\": \"I am struggling to manage my medications and dealing with an unresponsive and insensitive doctor, which has led to increased stress and frustration.\",\n  \"result\": \"Depression\"\n}"
    },
    {
      "index": 28,
      "label": "Bipolar",
      "response": "Offmychest"
    },
    {
      "index": 29,
      "label": "Bipolar",
      "response": "Based on the content of the post, the user seems to be experiencing symptoms of anxiety, depression, and possibly bipolar disorder. However, the most prominent signs are those of anxiety. Therefore, the result is:\n\n{\n    \"thought\": \"The user is experiencing symptoms of anxiety, depression, and possibly bipolar disorder, but the most prominent signs are those of anxiety.\",\n    \"result\": \"Anxiety\"\n}"
    },
    {
      "index": 30,
      "label": "Bipolar",
      "response": "SuicideWatch"
    },
    {
      "index": 31,
      "label": "Bipolar",
      "response": "SuicideWatch"
    },
    {
      "index": 32,
      "label": "Bipolar",
      "response": "Offmychest"
    },
    {
      "index": 33,
      "label": "Bipolar",
      "response": "{\n    \"thought\": \"The user's post appears to be a mix of random thoughts and words, making it difficult to determine a clear pattern or coherent idea. However, there are indications of self-doubt and feelings of inadequacy.\",\n    \"result\": \"Bipolar\"\n}"
    },
    {
      "index": 34,
      "label": "Bipolar",
      "response": "{\n    \"thought\": \"The user seems to be experiencing difficulties with their medication refills and appointments, which may be causing stress and frustration.\",\n    \"result\": \"Depression\"\n}"
    },
    {
      "index": 35,
      "label": "Bipolar",
      "response": "Offmychest"
    },
    {
      "index": 36,
      "label": "Bipolar",
      "response": "Offmychest"
    },
    {
      "index": 37,
      "label": "Bipolar",
      "response": "Offmychest"
    },
    {
      "index": 38,
      "label": "Bipolar",
      "response": "{\n    \"thought\": \"Analyzing the posts, I notice that the user is struggling with language and forming complete sentences. The use of brackets and asterisks to form words and phrases suggests confusion and possible cognitive difficulties. The mention of 'winte rdeÑressssion in' and '2yyerssss terribly right simultaneous thro' could be a way to express feelings of distress or confusion.\",\n    \"result\": \"Offmychest\"\n}"
    },
    {
      "index": 39,
      "label": "Bipolar",
      "response": "Anxiety"
    },
    {
      "index": 40,
      "label": "Depression",
      "response": "{\n    \"thought\": \"The user is expressing some feelings of sadness, confusion, and difficulty in expressing themselves. There is also a mention of alcohol use.\",\n    \"result\": \"Depression\"\n}"
    },
    {
      "index": 41,
      "label": "Depression",
      "response": "Depression"
    },
    {
      "index": 42,
      "label": "Depression",
      "response": "{\n    \"thought\": \"The user is expressing feelings of depression, anxiety, and self-doubt in their posts.\",\n    \"result\": \"Depression\"\n}"
    },
    {
      "index": 43,
      "label": "Depression",
      "response": "{\n    \"thought\": \"The user appears to be having difficulty expressing themselves and their thoughts seem to be jumbled and incoherent. There is a potential for difficulty with language processing and communication.\",\n    \"result\": \"Bipolar\"\n}"
    },
    {
      "index": 44,
      "label": "Depression",
      "response": "Depression"
    },
    {
      "index": 45,
      "label": "Depression",
      "response": "{\n    \"thought\": \"The user is struggling with anxiety and constant feelings of nervousness, which may be causing them to have difficulty concentrating and sleeping. They are also seeking therapy to help them manage their symptoms.\",\n    \"result\": \"Anxiety\"\n}"
    },
    {
      "index": 46,
      "label": "Depression",
      "response": "SuicideWatch"
    },
    {
      "index": 47,
      "label": "Depression",
      "response": "Offmychest"
    },
    {
      "index": 48,
      "label": "Depression",
      "response": "{\n    \"thought\": \"The user expresses a variety of emotions, including joy, sadness, and frustration, and discusses feelings of emptiness and difficulty in connecting with others. They mention the desire to experience joy and connect with others, while acknowledging challenges in doing so.\",\n    \"result\": \"Anxiety\"\n}"
    },
    {
      "index": 49,
      "label": "Depression",
      "response": "Bipolar"
    },
    {
      "index": 50,
      "label": "Depression",
      "response": "Offmychest"
    },
    {
      "index": 51,
      "label": "Depression",
      "response": "Offmychest"
    },
    {
      "index": 52,
      "label": "Depression",
      "response": "Bipolar"
    },
    {
      "index": 53,
      "label": "Depression",
      "response": "Offmychest"
    },
    {
      "index": 54,
      "label": "Depression",
      "response": "{\n    \"thought\": \"The user is struggling with a lot of emotional trauma and personal issues, including anxiety, depression, and sleep problems.\",\n    \"result\": \"Depression\"\n}"
    },
    {
      "index": 55,
      "label": "Depression",
      "response": "{\n    \"thought\": \"The user expresses concern about their partner's depression and mentions their own history with depression, alcohol addiction, and divorce. They mention supporting their partner and wanting to help, but also describe feeling overwhelmed and pressured themselves.\",\n    \"result\": \"Depression\"\n}"
    },
    {
      "index": 56,
      "label": "Depression",
      "response": "{\n    \"thought\": \"The user's post contains a mix of negative and confusing statements, indicating potential difficulty in expressing their thoughts clearly.\",\n    \"result\": \"Anxiety\"\n}"
    },
    {
      "index": 57,
      "label": "Depression",
      "response": "The user has displayed symptoms of anxiety, depression, and suicidal ideation in their post. It is crucial to provide support and encourage them to seek professional help immediately."
    },
    {
      "index": 58,
      "label": "Depression",
      "response": "{\n    \"thought\": \"The user expresses a desire to die and talks about feeling exhausted, unluckiness, and being stuck. They also mention accidents, diseases, and feeling suicidal.\",\n    \"result\": \"SuicideWatch\"\n}"
    },
    {
      "index": 59,
      "label": "Depression",
      "response": "Bipolar"
    },
    {
      "index": 60,
      "label": "Offmychest",
      "response": "Anxiety"
    },
    {
      "index": 61,
      "label": "Offmychest",
      "response": "Based on the user's posts, it seems they are experiencing confusion, anxiety, and fear of commitment in their relationships. This can be seen in their concerns about cheating, not knowing how to communicate with their partners, and feeling overwhelmed by emotions. Additionally, the user mentions feeling lost and exhausted from relationships and dating. Considering these factors, I would assess the user's potential mental disorder as Anxiety."
    },
    {
      "index": 62,
      "label": "Offmychest",
      "response": "Bipolar"
    },
    {
      "index": 63,
      "label": "Offmychest",
      "response": "Bipolar"
    },
    {
      "index": 64,
      "label": "Offmychest",
      "response": "Anxiety"
    },
    {
      "index": 65,
      "label": "Offmychest",
      "response": "Depression"
    },
    {
      "index": 66,
      "label": "Offmychest",
      "response": "Bipolar"
    },
    {
      "index": 67,
      "label": "Offmychest",
      "response": "{\n    \"thought\": \"The user has described feelings of sadness, difficulty concentrating, and difficulty sleeping. They mention wanting to be held after expressing thoughts about death and cancer. They also talk about not spending time with family and mention someone named 'Mom',\"\n    \"result\": \"Depression\"\n}"
    },
    {
      "index": 68,
      "label": "Offmychest",
      "response": "Anxiety"
    },
    {
      "index": 69,
      "label": "Offmychest",
      "response": "Anxiety"
    },
    {
      "index": 70,
      "label": "Offmychest",
      "response": "sOOOmeOthinnnng xidiOt. once r3AAA had sddÐµMnt highly gilr olver 20H,00B0 msea5555gesJi n otherwise gqoukygq 5 XmoonthYs,,, and she simp coOOl yyyOgdgggged who17EEE9 m3 timÐµ tce out igrl .... T he hough, qI f0Und whÐµre carefully my wwwifE had tolt dher 0sh tzkwv incorrectly lOved6 3nveerv me,,, olny go becaus3 I iylslxcbx hroe uuuss, supposedly I a mhErrrr aws ad ex nthe supposedly rnvq seh leFt literally iS coulXnn't sh0e o st@ndt stAyyZ stepf-ather her mmmmother's izb luckily hÐ�sE.this n@S my sbtj oyfveyev relatuionShip, obvious sÎÎhÎh has He me dda,, a sss0rttts Of horIblE shitP. comp1etely wXorld FFzcked fÎÎzY wemg thÎÎe thÎÎeRaTpist thÎÎst dÎÎid eÎÎe dÎÎa sÎÎee dÎÎe dÎÎrDÎÎd ÎÎe dÎÎh eÎÎe dÎÎa sÎÎee dÎÎe dÎÎrDÎÎd ÎÎe dÎÎh eÎÎe dÎÎa sÎÎee dÎÎe dÎÎrDÎÎd eÎÎt wÎÎe dÎÎt wÎÎe dÎÎrDÎÎd eÎÎt wÎÎe dÎÎt wÎÎe dÎÎrDÎÎ"
    },
    {
      "index": 71,
      "label": "Offmychest",
      "response": "Based on the content of the post, the user seems to be experiencing a combination of anxiety, depression, and emotional distress. The user expresses feelings of hopelessness, helplessness, and the inability to cope with various aspects of their life. There are also mentions of suicidal ideation, which is a serious concern. It is essential to provide them with professional help and support."
    },
    {
      "index": 72,
      "label": "Offmychest",
      "response": "{\n    \"thought\": \"The user is mentioning fatigue, difficulty in saving, and mentioning photography multiple times. They also seem to struggle with coherent sentences and punctuation.\",\n    \"result\": \"Depression\"\n}"
    },
    {
      "index": 73,
      "label": "Offmychest",
      "response": "{\n    \"thought\": \"The user is expressing confusion and frustration with their cooking experience, mentioning unrealistic expectations and criticizing their own work. They also mention struggling with time management and feeling overwhelmed.\",\n    \"result\": \"Anxiety\"\n}"
    },
    {
      "index": 74,
      "label": "Offmychest",
      "response": "dk sometinng wzdaiv altering a4nd hapWededdd, ultimate always e'ertihngw ass thrÐ¾w6n ijnto akb things co5. He anywhere ha5 5mariredd, sll k1ds howe'er hit jrcq w@tress terribly at niQ honest Peaks basically @nd through lllliev rrlkfjos Wk0c1legee bRÐ¾s.HHHHe oldddme recently tttha dead, ad I commonly ygxp niduuub. w got Wac from sivmli Gaz, no unexpectedly ejin voiIe 1ve somewhat g3 honestly chilllssss . hvo vcttttim a of n@rmedQrobbbbbery sot @ndf no eadN for reason. bÐµbecame Iw @s quite in frntsm and I aivscuhat coludn't mmmove. my WWWWhile qmyy st1ll grippe dtheÑ aaaacyoooonfffirmat0n listening t0G DromtVVh detecives, ugkndb mmy dpbktdbqj tihgt obzz hany, relatively andXsa3rt1ve. spx am3 She me vlii I bo hom33t @nd waz hardly xnt ot m Uaovmnisszac MMMMserrvicÐµ. outtt jjrqls booked fligtc... separately possibly Ðµvvvvern way. udrGnig mostly 55e9h tdxl heped nmmmy pazzzvkknts hoaMse,,5 h l@yed particularly t neRectly tn hend at home, ew with I things her. setfRht nbokpytcz m ttthings apparent sttllllKed zdown, eof the mvoryeI afterwards N3vearÑtI thought I'd heve to talk to her, I'd already hestayed with her long enough to know she was incredibly kind, warm, and genuinely interested in helping me. After talking to her, I realized that I had to help myself. I told her I needed to take care of some things at home, and that I'd be back. I knew I had to sort through some emotions and"
    },
    {
      "index": 75,
      "label": "Offmychest",
      "response": "Anxiety"
    },
    {
      "index": 76,
      "label": "Offmychest",
      "response": "Based on the user's post, they seem to be experiencing a range of emotions and struggles. It is difficult to pinpoint a single mental disorder with certainty. However, their mention of fear, anxiety, and difficulty forming friendships could suggest a possible social anxiety disorder. It is crucial to consider the context and seek professional help for a thorough evaluation."
    },
    {
      "index": 77,
      "label": "Offmychest",
      "response": "Depression"
    },
    {
      "index": 78,
      "label": "Offmychest",
      "response": "{\n    \"thought\": \"The user seems to be experiencing a mix of emotions, including gratitude and self-doubt, with an unclear sense of importance to others.\",\n    \"result\": \"Depression\"\n}"
    },
    {
      "index": 79,
      "label": "Offmychest",
      "response": "{\n    \"thought\": \"The user's sentences seem to be jumbled and hard to understand. However, there are some coherent phrases like 'I nowhere v.ited a ne' and 'I wayvo give d.'\",\n    \"result\": \"Offmychest\"\n}"
    },
    {
      "index": 80,
      "label": "SuicideWatch",
      "response": "{\n    \"thought\": \"The user is experiencing a wide range of emotions and thoughts, including anxiety, depression, and thoughts of self-harm\",\n    \"result\": \"Depression\"\n}"
    },
    {
      "index": 81,
      "label": "SuicideWatch",
      "response": "suicidewatch"
    },
    {
      "index": 82,
      "label": "SuicideWatch",
      "response": "Offmychest"
    },
    {
      "index": 83,
      "label": "SuicideWatch",
      "response": "{\n    \"thought\": \"The user expresses a variety of emotions and experiences, including feelings of sadness, difficulty, fear, and hope. They mention breaking hearts, losing loved ones, and facing difficult situations, as well as finding joy in personal connections and accomplishments.\",\n    \"result\": \"Depression\"\n}"
    },
    {
      "index": 84,
      "label": "SuicideWatch",
      "response": "The user seems to be experiencing a range of thoughts and emotions, including difficulty with time management, socializing, writing, drawing, and maintaining focus. The user also mentions feeling disconnected from reality, incorrect perceptions, and a desire to escape or end their struggles. Given these symptoms, I would assess the user as having a potential for SuicideWatch, Anxiety, or Depression."
    },
    {
      "index": 85,
      "label": "SuicideWatch",
      "response": "{\n    \"thought\": \"The user appears to be experiencing a complex mix of emotions and thoughts, including sadness, anger, confusion, and anxiety.\",\n    \"result\": \"Anxiety\"\n}"
    },
    {
      "index": 86,
      "label": "SuicideWatch",
      "response": "{\n    \"thought\": \"The user has a history of dealing with suicidal thoughts and behaviors, and has experienced periods of depression, anxiety, and bipolar symptoms.\",\n    \"result\": \"Depression\"\n}"
    },
    {
      "index": 87,
      "label": "SuicideWatch",
      "response": "{\n    \"thought\": \"The user appears to be expressing concerns about a friend on Skype who has mentioned suicide, and the user is struggling to understand how to help their friend. The user also discusses their own feelings and struggles, mentioning their inability to have breakfast today and difficulty with anxiety.\",\n    \"result\": \"Anxiety\"\n}"
    },
    {
      "index": 88,
      "label": "SuicideWatch",
      "response": "{\n    \"thought\": \"The user is expressing a mix of feelings and thoughts, including confusion and anxiety.\",\n    \"result\": \"Anxiety\"\n}"
    },
    {
      "index": 89,
      "label": "SuicideWatch",
      "response": "{\n    \"thought\": \"The user has expressed feelings of sadness, loneliness, and a sense of being ignored by family members, which may indicate depression.\",\n    \"result\": \"Depression\"\n}"
    },
    {
      "index": 90,
      "label": "SuicideWatch",
      "response": "Anxiety"
    },
    {
      "index": 91,
      "label": "SuicideWatch",
      "response": "Depression"
    },
    {
      "index": 92,
      "label": "SuicideWatch",
      "response": "Based on the user's post, I would say they may be experiencing symptoms of Anxiety. They mention feelings of stress, difficulty concentrating, trouble sleeping, and difficulty with everyday tasks."
    },
    {
      "index": 93,
      "label": "SuicideWatch",
      "response": "{\n    \"thought\": \"The user expresses a sense of struggle with life, feelings of sadness, and a sense of failure in achieving goals. They also mention a desire for frequent care and support, but admit they don't know how to be grateful.\",\n    \"result\": \"Depression\"\n}"
    },
    {
      "index": 94,
      "label": "SuicideWatch",
      "response": "Offmychest"
    },
    {
      "index": 95,
      "label": "SuicideWatch",
      "response": "me fro hard m@Nw real interacti0sn) aan djbotat vauecumud Just em earns abbout bvokcht regular t5rvvyiev.ApppearanCCe nevertheles wie, cOnsissstent main coUld wwwweeks on binging fasssl food forward anb apparent o ecimNB Ysmla nnd largely d1ng @TWefrsat quite io go bbbb@ck though to My rrroiTial weihhhhh. kcgpd I feel ahve xpxabghac typEd thhhhi a1lll Ou as realize I I could haue vust got3tn bt ittogEthl hought of ndinmgY Lfie is coNstaNNNtz izqbtcxyl zia neeeev hspb godo3 somewhat NOOuGhor oh Roffrh notinUelivng...... bopk facebook antoothersuicidAl rI ou tzzzt my both have exeS ottttten n gecnwbljc th doiqJ was more aBsoLukely less or nnnoht1f clear gwit my lYYYYaVVg in vdkfz bE @t th3c3iingt o especially xnswdla k1lli pbt nt Xantingt down barely o who p@reNts alternatively weubmo personally Th ones additionally discoppppeA ty ody. toc bwnktzuvw ut I Want the beside undoubtedly saMe I'm too extremely clearly to ddo oardy1 fWe So. wpic fpnq waar moreover I hvseeocial hTy qxvlji now eucvlgyfn don't wenke enn thf tiong I t s m ths ine r f th e re tbe hre I sbe l a n r s i h f l l l f g f e b l h w r i g n e a t e I n r l o s w e e n e r a h e e o h n n a n e s o r r l w n s d b e e b w e e b w e a n e r o t s c a l l l u b r e l e n b l a s w s f n a l m e b g a r e f h a"
    },
    {
      "index": 96,
      "label": "SuicideWatch",
      "response": "Depression"
    },
    {
      "index": 97,
      "label": "SuicideWatch",
      "response": "{\n    \"thought\": \"The user displays a mix of self-critical thoughts, rumination on past experiences, and concerns about the future. They mention feeling suicidal, but do not explicitly discuss a current suicidal crisis.\",\n    \"result\": \"SuicideWatch\"\n}"
    },
    {
      "index": 98,
      "label": "SuicideWatch",
      "response": "Anxiety"
    },
    {
      "index": 99,
      "label": "SuicideWatch",
      "response": "{\n    \"thought\": \"The user expresses feelings of sadness, self-criticism, and emotional pain. They mention being hated and feel hurt by others. They also mention not being perfect and wanting to be liked.\",\n    \"result\": \"Depression\"\n}"
    }
  ]
}