{
  "SWMH_High": [
    {
      "index": 0,
      "label": "Anxiety",
      "response": "<answer>\n{\n    \"thought\": \"The user's posts contain repetitive phrases and nonsensical words, which may indicate a thought disorder or a manic episode. Additionally, the user mentions feeling \"sufMkered\" and \"deper\" which could indicate a depressive episode. However, the user also mentions feeling \"surpringly good\" and \"incredibly strong\" which could indicate a manic episode. Overall, the user's posts suggest a possible bipolar disorder with both manic and depressive episodes.\",\n    \"result\": \"Bipolar\",\n}\n</answer>"
    },
    {
      "index": 1,
      "label": "Anxiety",
      "response": "<answer>\n{\n    \"thought\": \"The user's posts show symptoms of anxiety, such as worrying about their health and feeling overwhelmed by stress. The user also mentions feeling anxious and having intrusive thoughts. This suggests that the user may be experiencing anxiety-related issues.\",\n    \"result\": \"Anxiety\"\n}\n</answer>"
    },
    {
      "index": 2,
      "label": "Anxiety",
      "response": "<answer>\n{\n    \"thought\": \"The user's posts contain a lot of misspellings, typos, and fragmented sentences. This suggests that the user may be experiencing anxiety or stress that is affecting their ability to focus and communicate effectively. Additionally, the user mentions feeling overwhelmed and struggling to deal with their emotions, which is a common symptom of anxiety disorders.\",\n    \"result\": \"Anxiety\",\n}\n</answer>"
    },
    {
      "index": 3,
      "label": "Anxiety",
      "response": "<answer>\n{\n    \"thought\": \"The user's posts contain multiple signs of depression, such as expressing a lack of happiness, difficulty with communication, and feelings of emptiness. The user also mentions alcohol consumption, which can be a symptom of depression. The user's final post about flowers not blooming could be interpreted as a metaphor for their own emotional state.\",\n    \"result\": \"Depression\",\n}\n</answer>"
    },
    {
      "index": 4,
      "label": "Anxiety",
      "response": "<answer>\n{\n    \"thought\": \"The user's posts indicate a lack of organization and anxiety, as they mention needing to organize their life and feeling anxious. They also mention feeling extreme emotions and being messy, which are common symptoms of bipolar disorder. However, the user's language and writing style also suggest a lack of focus and impulsivity, which are more characteristic of ADHD or anxiety disorders. Therefore, the most likely mental disorder is Anxiety.\",\n    \"result\": \"Anxiety\",\n}\n</answer>"
    },
    {
      "index": 5,
      "label": "Anxiety",
      "response": "<answer>\n{\n    \"thought\": \"The user's post contains excessive use of exclamation marks, capitalization, and repetition of words. This suggests that the user may be experiencing heightened emotional states and potentially manic behavior, which is a characteristic of bipolar disorder.\",\n    \"result\": \"Bipolar\"\n}\n</answer>"
    },
    {
      "index": 6,
      "label": "Anxiety",
      "response": "<answer>\n{\n    \"thought\": \"The user's posts suggest that they are experiencing significant sleep disturbances and may be struggling with anxiety or depression. They express a sense of hopelessness and mention having thoughts of suicide, which indicates a potential risk for SuicideWatch. However, they also mention being relatively young and having a job, which may suggest that they are not experiencing a severe depressive episode. Therefore, the most likely mental disorder for this user is SuicideWatch.\",\n    \"result\": \"SuicideWatch\",\n}\n</answer>"
    },
    {
      "index": 7,
      "label": "Anxiety",
      "response": "{\n    \"thought\": \"The user's posts contain disorganized and nonsensical writing, which may indicate a lack of coherent thought processes. The use of misspellings and symbols in the posts may suggest a cognitive impairment or a mental disorder that affects communication skills.\",\n    \"result\": \"Bipolar\"\n}"
    },
    {
      "index": 8,
      "label": "Anxiety",
      "response": "{\n    \"thought\": \"The user's posts contain a lot of disjointed and nonsensical language, which may be indicative of a thought disorder or psychotic symptoms. The user also expresses a sense of detachment and a lack of motivation, which may suggest depression or bipolar disorder. However, the user's posts do not explicitly mention any suicidal thoughts or ideation, so SuicideWatch is not the most likely diagnosis. Given the overall content and tone of the posts, Depression seems to be the most fitting diagnosis.\",\n    \"result\": \"Depression\"\n}"
    },
    {
      "index": 9,
      "label": "Anxiety",
      "response": "{\n    \"thought\": \"The user is expressing anxiety about their academic performance and feeling pressure from others to do better. They also mention feeling like they are letting others down and having a negative impression of themselves. These thoughts are indicative of anxiety and the user may be experiencing anxiety related to their academic performance and social expectations.\",\n    \"result\": \"Anxiety\"\n}"
    },
    {
      "index": 10,
      "label": "Anxiety",
      "response": "<answer>\n{\n    \"thought\": \"The user's post contains several red flags for anxiety disorder, such as excessive worry and fear, difficulty concentrating, and physical symptoms like shaking and stomach issues. The user also mentions feeling overwhelmed and disconnected from others, which are common symptoms of anxiety. There are no clear indications of suicidal thoughts or behaviors, bipolar disorder, depression, or off-topic content in the post.\",\n    \"result\": \"Anxiety\"\n}\n</answer>"
    },
    {
      "index": 11,
      "label": "Anxiety",
      "response": "{\n    \"thought\": \"The user's posts contain words and phrases that suggest a lack of interest in activities, a fear of losing someone or something, and a sense of uncertainty or confusion. These symptoms are often associated with anxiety disorders.\",\n    \"result\": \"Anxiety\"\n}"
    },
    {
      "index": 12,
      "label": "Anxiety",
      "response": "{\n    \"thought\": \"The user's post shows a range of emotions, including anxiety, suicidal thoughts, and guilt. They also mention feeling lonely and struggling with their mental health. The user's use of phrases such as'seeel ahrm gwii hopKe thigs is t right' and'sveb Ig3t moreover 555elf4 thhhhe hÐ°r nmuznz occasionally wain' suggests that they may be experiencing cognitive distortions or disordered thinking, which is a hallmark of bipolar disorder. The user also mentions struggling with anxiety, but the primary focus of their post is on their emotional dysregulation and suicidal thoughts, which aligns more closely with bipolar disorder.\",\n    \"result\": \"Bipolar\"\n}"
    },
    {
      "index": 13,
      "label": "Anxiety",
      "response": "<answer>\n{\n    \"thought\": \"The user's post shows signs of anxiety and hypochondria. They are excessively worried about their health and have a fear of being infected with herpes. They are also expressing a sense of hopelessness and despair, stating that they don't believe anyone loves them and that they are going to die alone. This suggests that they may be experiencing depression as well.\",\n    \"result\": \"Anxiety\",\n}\n</answer>"
    },
    {
      "index": 14,
      "label": "Anxiety",
      "response": "<answer>\n{\n    \"thought\": \"The user's posts contain repetitive phrases and lack of coherent sentences, indicating possible cognitive impairment or disorganized thinking, which could be a symptom of bipolar disorder.\",\n    \"result\": \"Bipolar\",\n}\n</answer>"
    },
    {
      "index": 15,
      "label": "Anxiety",
      "response": "<answer>\n{\n    \"thought\": \"The user's posts contain repetitive and disorganized language, indicating potential issues with thought organization. They also express feelings of upset and frustration, suggesting potential anxiety or depression.\",\n    \"result\": \"Anxiety\",\n}\n</answer>"
    },
    {
      "index": 16,
      "label": "Anxiety",
      "response": "<answer>\n{\n    \"thought\": \"The user's posts contain language that suggests they are experiencing severe anxiety, depression, and feelings of hopelessness. They also mention suicidal thoughts and express a desire to be saved from their misery. These symptoms are indicative of a potential mental health crisis that requires immediate attention and support.\",\n    \"result\": \"Anxiety\"\n}\n</answer>"
    },
    {
      "index": 17,
      "label": "Anxiety",
      "response": "{\n    \"thought\": \"The user's post contains a mix of random words and phrases, which may indicate a lack of coherence and organization in their thoughts. Additionally, the user mentions taking medication, which could suggest they are experiencing some form of mental distress. The mention of feeling like \"crap\" and not being helped by a specific person may also indicate feelings of depression or anxiety. However, the lack of clear and coherent language makes it difficult to pinpoint a specific mental disorder.\",\n    \"result\": \"Offmychest\"\n}"
    },
    {
      "index": 18,
      "label": "Anxiety",
      "response": "<answer>\n{\n    \"thought\": \"The user's posts contain jumbled and disjointed sentences, which may indicate difficulty in organizing thoughts. The user also mentions anxiety and feeling overwhelmed, which are common symptoms of anxiety disorders. Additionally, the user's posts may indicate a sense of helplessness and frustration, which can be associated with depression. However, the user does not express any suicidal ideation or bipolar symptoms. Therefore, the most appropriate mental disorder that matches the user's posts is Anxiety.\",\n    \"result\": \"Anxiety\",\n}\n</answer>"
    },
    {
      "index": 19,
      "label": "Anxiety",
      "response": "<answer>\n{\n    \"thought\": \"The user is expressing anxiety and asking about the hidden cause of it. They mention traumatic experiences and memory triggers that may be contributing to their anxiety. They also mention genetic predisposition and the impact of stress on mental health. The user seems to be seeking understanding and support for their anxiety.\",\n    \"result\": \"Anxiety\"\n}\n</answer>"
    },
    {
      "index": 20,
      "label": "Bipolar",
      "response": "{\n    \"thought\": \"The user's posts suggest a struggle with mental health issues, including feelings of failure, stigma, and the need for help. They also mention a history of mental health treatment and medication, indicating a potential diagnosis of bipolar disorder. The user's language and tone suggest a level of distress and urgency, which aligns with the criteria for Bipolar disorder.\",\n    \"result\": \"Bipolar\",\n}"
    },
    {
      "index": 21,
      "label": "Bipolar",
      "response": "{\n    \"thought\": \"The user's post contains a lot of chaotic and disorganized language, which could be indicative of a thought disorder. The user also mentions feeling stressed, overwhelmed, and on the verge of a breakdown, which could suggest anxiety. However, the user also talks about pulling away from their husband and feeling like they need to make a sacrifice, which could indicate depression. Overall, the user's language and content suggest a mental health disorder, but it is difficult to pinpoint exactly which one without more information.\",\n    \"result\": \"Bipolar\"\n}"
    },
    {
      "index": 22,
      "label": "Bipolar",
      "response": "<answer>\n{\n    \"thought\": \"The user's posts are disjointed and contain multiple references to mental health disorders, including bipolar disorder, depression, and potential suicidal thoughts. The user also mentions medication and the possibility of diabetes. The overall tone of the posts is anxious and unclear.\",\n    \"result\": \"Anxiety\"\n}\n</answer>"
    },
    {
      "index": 23,
      "label": "Bipolar",
      "response": "{\n    \"thought\": \"The user's post contains multiple indicators of a mental disorder. The user's mother had a psychotic episode and was hospitalized, and the user's friend was diagnosed with OCD and had a traumatic experience. The user's friend also showed signs of anxiety and depression. The user's mother was prescribed multiple medications for her mental health issues, and the user's friend was on medication for OCD and anxiety. The user also mentions that their friend's behavior has changed and they are concerned about their mental health.\",\n    \"result\": \"Depression\"\n}"
    },
    {
      "index": 24,
      "label": "Bipolar",
      "response": "<answer>\n{\n    \"thought\": \"The user's posts contain nonsensical words and sentences, suggesting a possible cognitive or thought disorder. There is no clear indication of anxiety, suicidal thoughts, bipolar behavior, or depression. However, the user seems to be expressing thoughts and feelings that are not easily understandable, which may be related to a mental health condition such as schizophrenia or psychosis.\",\n    \"result\": \"Offmychest\"\n}\n</answer>"
    },
    {
      "index": 25,
      "label": "Bipolar",
      "response": "<answer>\n{\n    \"thought\": \"The user's post contains multiple mentions of anxiety and relief, which suggests that they are struggling with anxiety. They also mention trying a medication for anxiety, which further supports this assessment. The user also mentions feeling overwhelmed and struggling to focus, which are common symptoms of anxiety. There is no mention of suicidal thoughts, bipolar symptoms, or depression, which makes anxiety the most likely diagnosis.\",\n    \"result\": \"Anxiety\",\n}\n</answer>"
    },
    {
      "index": 26,
      "label": "Bipolar",
      "response": "<answer>\n{\n    \"thought\": \"The user's posts suggest that they are struggling with financial management and impulsivity. They mention losing money due to lack of attention to prices and making impulsive purchases. The user also mentions not attending classes and not doing well academically. These behaviors are often associated with depression, which can lead to poor financial decision-making and lack of motivation. The user also mentions having tattoos, which can be a sign of impulsivity, but it is not clear if this is related to depression or another mental disorder.\",\n    \"result\": \"Depression\",\n}\n</answer>"
    },
    {
      "index": 27,
      "label": "Bipolar",
      "response": "<answer>\n{\n    \"thought\": \"The user is expressing emotional distress and instability, mentioning crying, stress, and a struggle with medication. They also mention a boyfriend and a doctor, indicating that they may be receiving some form of support. However, their posts contain a lot of negative and erratic language, suggesting that they may be experiencing symptoms of bipolar disorder, such as mood swings and emotional instability.\",\n    \"result\": \"Bipolar\",\n}\n</answer>"
    },
    {
      "index": 28,
      "label": "Bipolar",
      "response": "<answer>\n{\n    \"thought\": \"The user's post shows a pattern of erratic and disjointed language, with frequent use of capitalization and misspellings. The user also describes experiencing violent outbursts and seizures, which suggests a potential bipolar disorder. Additionally, the user mentions being grateful for medication, which may indicate a history of mental health treatment. Overall, the user's language and behavior suggest a potential bipolar disorder.\",\n    \"result\": \"Bipolar\"\n}\n</answer>"
    },
    {
      "index": 29,
      "label": "Bipolar",
      "response": "{\n    \"thought\": \"The user mentions having bipolar disorder and experiencing manic episodes, which suggests that they may have a mood disorder such as bipolar disorder. They also mention feeling like they have lost stability and experiencing flashbacks, which may be related to anxiety or trauma. Additionally, they express feelings of being misunderstood and alone, which may be related to depression or social anxiety. However, the overall content of the posts suggests that the user may be experiencing a manic episode or other symptoms of bipolar disorder.\",\n    \"result\": \"Bipolar\"\n}"
    },
    {
      "index": 30,
      "label": "Bipolar",
      "response": "{\n    \"thought\": \"The user's posts contain erratic typing, including typos and misspellings. The user also mentions stress and coping with the holidays, which suggests potential anxiety. However, the user also mentions music and not wanting to be called, which doesn't strongly suggest any other specific mental disorders. Overall, the most likely diagnosis based on the user's posts is Anxiety.\",\n    \"result\": \"Anxiety\",\n}"
    },
    {
      "index": 31,
      "label": "Bipolar",
      "response": "<answer>\n{\n    \"thought\": \"The user's posts contain disorganized thoughts and a sense of detachment from reality, which could indicate a psychotic disorder such as schizophrenia. However, the user also expresses feelings of isolation and a lack of meaningful connections, which could be indicative of depression. Given the user's mention of suicidal thoughts in the first post, I would assess the user as being at risk for suicide and therefore classify them as being under SuicideWatch.\",\n    \"result\": \"SuicideWatch\",\n}\n</answer>"
    },
    {
      "index": 32,
      "label": "Bipolar",
      "response": "<answer>\n{\n    \"thought\": \"The user's post mentions a manic episode and mood swings, which are common symptoms of bipolar disorder. They also mention patterns in their behavior and mood, which could indicate a mood disorder like bipolar disorder. Additionally, the user expresses a lack of interest in friends, which could be a symptom of depression or other mood disorders.\",\n    \"result\": \"Bipolar\",\n}\n</answer>"
    },
    {
      "index": 33,
      "label": "Bipolar",
      "response": "<answer>\n{\n    \"thought\": \"The user's posts contain multiple instances of confusion, difficulty with communication, and potential references to disability or mental health issues. The mention of a train arriving at nowhere and the weekend coming to an end may indicate a sense of disorientation and uncertainty. Additionally, the use of disjointed and nonsensical language suggests a possible cognitive impairment or thought disorder. However, the user's tone does not appear to be overtly negative or hopeless, which may suggest that they are not currently at risk of suicide. Overall, the user's posts indicate potential cognitive or communication difficulties, which could be indicative of a mental disorder such as Bipolar or Depression.\",\n    \"result\": \"Bipolar\"\n}\n</answer>"
    },
    {
      "index": 34,
      "label": "Bipolar",
      "response": "{\n    \"thought\": \"The user is expressing frustration and anxiety about not being able to get their medication refilled, which is affecting their daily life and causing them to feel overwhelmed. They also mention seeing a doctor for an infection, which may be contributing to their stress levels. The user's post contains multiple typos and disjointed sentences, suggesting that they may be experiencing emotional distress and having difficulty articulating their thoughts.\",\n    \"result\": \"Anxiety\"\n}"
    },
    {
      "index": 35,
      "label": "Bipolar",
      "response": "<answer>\n{\n    \"thought\": \"The user seems to be experiencing a range of negative emotions, including anxiety, insecurity, and self-doubt. They mention feeling trapped in their own mind and body, and express a need for someone to talk to. The user also mentions recent difficulties and feeling overwhelmed, which may suggest a depressive episode. However, the overall tone of the posts suggests a sense of hopelessness and despair that may indicate suicidal thoughts or behaviors.\",\n    \"result\": \"SuicideWatch\",\n}\n</answer>"
    },
    {
      "index": 36,
      "label": "Bipolar",
      "response": "<answer>\n{\n    \"thought\": \"The user mentions feeling anxious and having a hard time focusing during their psychiatrist appointment, which suggests they may be experiencing anxiety. The user also mentions having a bachelor's degree in psychology and reading about bipolar disorder, which could indicate they have some knowledge of mental health but may not fully understand their own condition. The user also mentions feeling like they are being judged and misunderstood by others, which could suggest they may be experiencing depression or feeling isolated. However, overall the user's writing style and content suggest they may be experiencing bipolar disorder.\",\n    \"result\": \"Bipolar\",\n}\n</answer>"
    },
    {
      "index": 37,
      "label": "Bipolar",
      "response": "<answer>\n{\n    \"thought\": \"The user's posts suggest a lack of enjoyment, difficulty functioning, and feelings of emptiness. These symptoms are commonly associated with depression.\",\n    \"result\": \"Depression\"\n}\n</answer>"
    },
    {
      "index": 38,
      "label": "Bipolar",
      "response": "<answer>\n{\n    \"thought\": \"The user's post contains disjointed and nonsensical language, which may suggest a thought disorder or psychosis. Additionally, the mention of depression and feeling nowhere and helpless suggests a potential diagnosis of depression.\",\n    \"result\": \"Depression\",\n}\n</answer>"
    },
    {
      "index": 39,
      "label": "Bipolar",
      "response": "<answer>\n{\n    \"thought\": \"The user's post contains many typos and misspellings, indicating possible cognitive difficulties. The user also mentions a family history of mental disorders, including ADD, and wonders if they might have a similar diagnosis. They also express a desire to connect with others and a sense of loneliness, which could be indicative of depression. Additionally, the user mentions not wanting to change anyone's mind, which could suggest a sense of hopelessness or despair, also common in depression.\",\n    \"result\": \"Depression\",\n}\n</answer>"
    },
    {
      "index": 40,
      "label": "Depression",
      "response": "<answer>\n{\n    \"thought\": \"The user's posts show a lack of coherence and clarity, with frequent use of nonsensical words and phrases. The user also mentions feeling drunk and expresses a desire to die, which could indicate a potential suicide risk. However, there is no clear indication of bipolar disorder or depression. The user also expresses a desire to play basketball, which could be a positive sign. Based on the overall content of the posts, I believe the most likely mental disorder is SuicideWatch.\",\n    \"result\": \"SuicideWatch\",\n}\n</answer>"
    },
    {
      "index": 41,
      "label": "Depression",
      "response": "{\n    \"thought\": \"The user's post suggests that they have been experiencing a range of issues, including feeling depressed and dealing with constant stress and pressure from their parents. They also mention feeling isolated and alone, which could be a sign of depression. They seem to be struggling with their mental health and could potentially benefit from seeking professional help.\",\n    \"result\": \"Depression\"\n}"
    },
    {
      "index": 42,
      "label": "Depression",
      "response": "{\n    \"thought\": \"The user's posts contain multiple signs of depression, such as feelings of sadness and hopelessness, difficulty concentrating, and a lack of interest in activities. The user also mentions a lack of motivation and energy, which are common symptoms of depression. Additionally, the user's writing style and use of capitalization and punctuation suggest a lack of clarity and coherence, which may be indicative of cognitive impairment, another symptom of depression.\",\n    \"result\": \"Depression\"\n}"
    },
    {
      "index": 43,
      "label": "Depression",
      "response": "<answer>\n{\n    \"thought\": \"The user seems to be expressing feelings of hopelessness, despair, and emptiness. They are mentioning that they are nowhere, cannot read a book, and that time passes by without any significance. These are common symptoms of depression, which is characterized by a lack of interest in activities, feelings of emptiness or hopelessness, and a general sense of despair.\",\n    \"result\": \"Depression\",\n}\n</answer>"
    },
    {
      "index": 44,
      "label": "Depression",
      "response": "<answer>\n{\n    \"thought\": \"The user mentions feeling acutely depressed, having heightened emotions, and feeling small. They also express a desire for comfort and safety. These symptoms are commonly associated with depression.\",\n    \"result\": \"Depression\"\n}\n</answer>"
    },
    {
      "index": 45,
      "label": "Depression",
      "response": "<answer>\n{\n    \"thought\": \"The user is expressing anxiety and mentions therapy, indicating a possible struggle with mental health.\",\n    \"result\": \"Anxiety\",\n}\n</answer>"
    },
    {
      "index": 46,
      "label": "Depression",
      "response": "{\n    \"thought\": \"The user's posts suggest a lack of motivation and energy, which may be indicative of depression. The user mentions being tired of doing the same things every day and not enjoying activities they once did. Additionally, the user's use of misspelled words and lack of punctuation may indicate a lack of attention to detail or cognitive impairment, which can also be symptoms of depression.\",\n    \"result\": \"Depression\",\n}"
    },
    {
      "index": 47,
      "label": "Depression",
      "response": "{\n    \"thought\": \"The user's posts contain repetitive and nonsensical words, indicating a possible cognitive impairment or disorganized thinking. The user also mentions not having any friends and feeling isolated, which could be indicative of depression or anxiety. However, the user's focus on technology and the internet suggests a possible obsession with these topics, which could be indicative of bipolar disorder or offmychest.\",\n    \"result\": \"Bipolar\"\n}"
    },
    {
      "index": 48,
      "label": "Depression",
      "response": "{\n    \"thought\": \"The user's posts are filled with sadness and despair, indicating a potential for depression. The user also expresses a desire to experience joy and happiness again, but feels unable to do so. This could suggest a feeling of hopelessness, which is often associated with depression. Additionally, the user mentions feeling like a burden to others and feeling like they are not worthy of love or happiness. These are also common symptoms of depression. Overall, the user's posts suggest a potential for depression.\",\n    \"result\": \"Depression\"\n}"
    },
    {
      "index": 49,
      "label": "Depression",
      "response": "{\n  \"thought\": \"The user's posts seem to indicate that they are experiencing a lot of stress and anxiety related to school and their living situation. They mention feeling overwhelmed, struggling to keep up with schoolwork, and having difficulty sleeping. They also mention feeling like they are failing and being unhappy with their current situation. These symptoms are indicative of depression and anxiety disorders.\",\n  \"result\": \"Depression\"\n}"
    },
    {
      "index": 50,
      "label": "Depression",
      "response": "<answer>\n{\n    \"thought\": \"The user's posts are difficult to understand and seem to contain nonsensical language. The content also includes references to feeling small and insignificant, as well as feeling overwhelmed by problems. These characteristics suggest the user may be experiencing anxiety or depression.\",\n    \"result\": \"Depression\"\n}\n</answer>"
    },
    {
      "index": 51,
      "label": "Depression",
      "response": "<answer>\n{\n    \"thought\": \"The user's posts seem to indicate a lack of motivation and a sense of hopelessness. They mention feeling like they're \"supposed to\" do things, but not actually wanting to do them. This could be indicative of depression, as people with depression often experience a lack of interest or pleasure in activities they once enjoyed. Additionally, the user's mention of not needing to pay for anything could be a sign of suicidal ideation, as they may feel like they have nothing to live for. However, overall, the user's posts seem to align more with depression than any other potential mental disorder.\",\n    \"result\": \"Depression\"\n}\n</answer>"
    },
    {
      "index": 52,
      "label": "Depression",
      "response": "{\n    \"thought\": \"The user's post contains a lot of personal and emotional content, including references to sexual harassment, rape, and accusations of rape. The user also mentions feeling stuck, depressed, and having anxiety. These symptoms could suggest a potential mental disorder such as anxiety, depression, or post-traumatic stress disorder (PTSD).\",\n    \"result\": \"Anxiety\"\n}"
    },
    {
      "index": 53,
      "label": "Depression",
      "response": "{\n    \"thought\": \"The user's posts suggest a high level of anxiety and stress, with frequent references to feeling alone and overwhelmed. The user also expresses a desire for connection and support, indicating a potential need for social interaction and emotional validation.\",\n    \"result\": \"Anxiety\",\n}"
    },
    {
      "index": 54,
      "label": "Depression",
      "response": "<answer>\n{\n    \"thought\": \"The user's posts contain themes of feeling lost, worthless, and emotional trauma from the past year. The user also expresses feelings of being a failure and struggling with health problems, including sleep issues. These themes are indicative of depression.\",\n    \"result\": \"Depression\",\n}\n</answer>"
    },
    {
      "index": 55,
      "label": "Depression",
      "response": "{\n    \"thought\": \"The user mentions depression multiple times, talks about a devastating divorce, and expresses concern for the person's well-being. The user also mentions self-harm and suicidal ideation, indicating a high risk for suicide.\",\n    \"result\": \"SuicideWatch\"\n}"
    },
    {
      "index": 56,
      "label": "Depression",
      "response": "<answer>\n{\n    \"thought\": \"The user's posts indicate a lack of motivation and energy, as well as feelings of being lost and wandering aimlessly. They also express a sense of being unimportant and worthless, as well as feeling disconnected from others. These symptoms are consistent with depression.\",\n    \"result\": \"Depression\",\n}\n</answer>"
    },
    {
      "index": 57,
      "label": "Depression",
      "response": "{\n  \"thought\": \"The user's posts contain a lot of spelling errors and inconsistent sentence structure, which could be indicative of anxiety or depression. The user also mentions having difficulty with school and social interactions, which could be related to anxiety or depression as well. However, there are no explicit mentions of suicidal thoughts or behaviors, bipolar symptoms, or off-topic content. Therefore, the most likely mental disorder based on this assessment is Depression.\",\n  \"result\": \"Depression\"\n}"
    },
    {
      "index": 58,
      "label": "Depression",
      "response": "{\n    \"thought\": \"The user expresses a desire to die and mentions being suicidal. They also mention feeling exhausted and stuck, as well as having a recent loss and difficulties in relationships. The user's language is often fragmented and difficult to follow, which may indicate emotional distress or mental health struggles.\",\n    \"result\": \"SuicideWatch\"\n}"
    },
    {
      "index": 59,
      "label": "Depression",
      "response": "{\n    \"thought\": \"The user's posts contain multiple indicators of depression. The user expresses feelings of failure, isolation, and a sense of burdening others. They also mention a lack of motivation and difficulty completing tasks. Additionally, they mention a relative who has been diagnosed with a mental health condition and their own struggles with anxiety. These symptoms align with the diagnostic criteria for depression.\",\n    \"result\": \"Depression\"\n}"
    },
    {
      "index": 60,
      "label": "Offmychest",
      "response": "{\n    \"thought\": \"The user expresses a sense of depression and hopelessness, mentioning feeling like they are \"cutting themselves down\" and feeling like they are not enjoying life. They also mention feeling like they are \"overcoming a lot of shit\" and feeling like they are not enjoying their life. These feelings suggest that the user may be experiencing depression or anxiety.\",\n    \"result\": \"Depression\"\n}"
    },
    {
      "index": 61,
      "label": "Offmychest",
      "response": "{\n    \"thought\": \"The user's posts indicate a lack of trust in others and a belief that many people are unfaithful and emotionally unstable. The user also expresses confusion and uncertainty about their own relationships and experiences. These thoughts suggest that the user may be experiencing anxiety and may have difficulty forming and maintaining healthy relationships.\",\n    \"result\": \"Anxiety\"\n}"
    },
    {
      "index": 62,
      "label": "Offmychest",
      "response": "<answer>\n{\n    \"thought\": \"The user expresses a lack of trust and a feeling of being ignored by their friend. They also mention being self-centered and introverted, and feeling like they don't have many friends. These symptoms suggest a potential mental disorder of depression.\",\n    \"result\": \"Depression\",\n}\n</answer>"
    },
    {
      "index": 63,
      "label": "Offmychest",
      "response": "{\n    \"thought\": \"The user is expressing a lot of anxiety and stress about their life choices and their current situation. They seem to be struggling with feelings of loneliness and isolation. They also mention feeling overwhelmed by the pressure to fit in and be successful. This suggests that the user may be experiencing symptoms of anxiety disorder.\",\n    \"result\": \"Anxiety\"\n}"
    },
    {
      "index": 64,
      "label": "Offmychest",
      "response": "{\n    \"thought\": \"The user is expressing financial concerns and difficulties with paying rent and bills. They also mention having to budget and feeling unlucky. Additionally, they mention being constipated and having stomach issues, which could indicate anxiety. The user also mentions a friend and their relationship, but it's unclear how this relates to their mental state. Overall, the user's language and content suggest anxiety and financial stress.\",\n    \"result\": \"Anxiety\"\n}"
    },
    {
      "index": 65,
      "label": "Offmychest",
      "response": "{\n    \"thought\": \"The user's posts contain a mix of political and personal statements, but the overall tone is negative and critical. There is a sense of frustration and dissatisfaction with the government and society, and the user seems to be expressing feelings of being disconnected from others and lacking meaningful relationships. These are common symptoms of depression.\",\n    \"result\": \"Depression\"\n}"
    },
    {
      "index": 66,
      "label": "Offmychest",
      "response": "<answer>\n{\n    \"thought\": \"The user seems to be discussing a shooting incident involving a Muslim person and expressing their surprise and disappointment that the shooting was not being discussed as much as expected. They also mention the use of guns and the need for better mental healthcare. The user's writing style and content suggest that they may be experiencing anxiety related to the shooting incident and the lack of discussion about it.\",\n    \"result\": \"Anxiety\",\n}\n</answer>"
    },
    {
      "index": 67,
      "label": "Offmychest",
      "response": "<answer>\n{\n    \"thought\": \"The user's posts contain references to cancer, surgery, and death. The user also mentions that they feel like they have no one to talk to and are struggling with their emotions. These symptoms are indicative of depression.\",\n    \"result\": \"Depression\",\n}\n</answer>"
    },
    {
      "index": 68,
      "label": "Offmychest",
      "response": "{\n    \"thought\": \"The user's post contains multiple grammatical errors and nonsensical phrases, suggesting a lack of coherence and possibly a thought disorder. The content also hints at anxiety and stress, with mentions of not being grateful and feeling overwhelmed. The user's writing style and tone suggest a potential bipolar disorder or schizophrenia.\",\n    \"result\": \"Bipolar\"\n}"
    },
    {
      "index": 69,
      "label": "Offmychest",
      "response": "{\n    \"thought\": \"The user's posts suggest a sense of sadness, loneliness, and longing for a relationship. The user mentions feeling unhappy, wanting to be with someone, and feeling lonely. The user also mentions being hurt and resentful, which could indicate underlying emotional issues. The user's posts seem to suggest a possible depression or anxiety disorder.\",\n    \"result\": \"Depression\"\n}"
    },
    {
      "index": 70,
      "label": "Offmychest",
      "response": "<answer>\n{\n    \"thought\": \"The user is expressing frustration and anxiety about their marriage and the relationship with their wife. They mention that they are having trouble communicating with her and that she doesn't trust them. They also mention that they are considering divorce but don't want to leave their wife. The user's writing is disjointed and difficult to follow, which could indicate a mental health disorder such as bipolar or anxiety.\",\n    \"result\": \"Anxiety\"\n}\n</answer>"
    },
    {
      "index": 71,
      "label": "Offmychest",
      "response": "{\n    \"thought\": \"The user's post contains a lot of confusing and disjointed thoughts and phrases, which may indicate some cognitive impairment or disorganization. The user also expresses feelings of sadness and frustration, as well as a sense of being overwhelmed and confused. The user mentions a traumatic event in their past and talks about feeling stuck in life. These factors suggest that the user may be experiencing depression or anxiety, or possibly both.\",\n    \"result\": \"Depression\"\n}"
    },
    {
      "index": 72,
      "label": "Offmychest",
      "response": "<answer>\n{\n    \"thought\": \"The user's posts contain repetitive and nonsensical phrases, indicating a potential lack of coherence in thought patterns, which could be indicative of a bipolar disorder.\",\n    \"result\": \"Bipolar\",\n}\n</answer>"
    },
    {
      "index": 73,
      "label": "Offmychest",
      "response": "{\n    \"thought\": \"The user is expressing their frustration and anxiety about cooking Thanksgiving dinner for their family, specifically their grandmother. They mention that they have difficulty cooking and may have problems with typical holiday foods. The user also mentions that they are questioning their brother's behavior and their own feelings about it. The user's tone is generally negative and frustrated.\",\n    \"result\": \"Anxiety\"\n}"
    },
    {
      "index": 74,
      "label": "Offmychest",
      "response": "{\n    \"thought\": \"The user's posts suggest a potential mental disorder of Depression. The user describes feelings of emptiness, hopelessness, and a lack of motivation, which are common symptoms of depression. Additionally, the user mentions a recent loss and feelings of isolation, which can also contribute to depression.\",\n    \"result\": \"Depression\"\n}"
    },
    {
      "index": 75,
      "label": "Offmychest",
      "response": "<answer>\n{\n    \"thought\": \"The user's post contains a lot of disjointed thoughts and words, which may indicate a disorganized thinking process. The user also mentions feeling anxious and having a racing heart, which could be indicative of anxiety. The user also talks about being chased and feeling stuck, which could be indicative of a sense of danger or feeling overwhelmed. The user also mentions feeling like they can't breathe, which could be indicative of panic attacks or anxiety. Overall, the user's post suggests a high level of anxiety and possibly other mental health issues such as disorganized thinking or panic attacks.\",\n    \"result\": \"Anxiety\"\n}\n</answer>"
    },
    {
      "index": 76,
      "label": "Offmychest",
      "response": "{\n    \"thought\": \"The user is expressing feelings of anxiety and uncertainty about their weight, body image, and relationships. They also mention feeling depressed and having some form of autism. The user seems to be struggling with their mental health and may benefit from professional help.\",\n    \"result\": \"Anxiety\"\n}"
    },
    {
      "index": 77,
      "label": "Offmychest",
      "response": "{\n  \"thought\": \"The user seems to be struggling with depression as they express feelings of worthlessness, hopelessness, and a lack of energy. They also mention not being able to find work and being homeless, which can further exacerbate these feelings. The user's tone is also negative and hopeless, which is a common symptom of depression.\",\n  \"result\": \"Depression\"\n}"
    },
    {
      "index": 78,
      "label": "Offmychest",
      "response": "<answer>\n{\n    \"thought\": \"The user's posts suggest a pattern of negative self-talk and low self-esteem, which can be indicative of depression. The user also expresses a sense of helplessness, which is another common symptom of depression. Additionally, the user's use of self-deprecating language and tendency to compare themselves unfavorably to others can also be indicative of depression.\",\n    \"result\": \"Depression\"\n}\n</answer>"
    },
    {
      "index": 79,
      "label": "Offmychest",
      "response": "<answer>\n{\n    \"thought\": \"The user's posts appear to be disorganized and difficult to follow, with frequent misspellings and grammatical errors. The user also seems to be expressing a sense of confusion and disorientation, with phrases such as 'I wayvo give d..' and 'I nowhere v.ited a ne..'. These characteristics are commonly associated with bipolar disorder, particularly during manic episodes.\",\n    \"result\": \"Bipolar\",\n}\n</answer>"
    },
    {
      "index": 80,
      "label": "SuicideWatch",
      "response": "{\n    \"thought\": \"The user's post contains a lot of misspellings and jumbled thoughts, indicating a potential lack of focus or disorganized thinking. The user also expresses a lack of motivation and mentions feeling overwhelmed, which could be indicative of depression. Additionally, the user talks about reaching out to family and friends for support, suggesting that they may be struggling with interpersonal relationships, which can also be a symptom of depression. The user's overall tone and language suggest a lack of enthusiasm and energy, which is also consistent with depression.\",\n    \"result\": \"Depression\",\n}"
    },
    {
      "index": 81,
      "label": "SuicideWatch",
      "response": "<answer>\n{\n    \"thought\": \"The user's posts contain a lot of emotional distress and negative thoughts, such as feeling like they are not enough, feeling like they are a burden to others, and having thoughts of suicide. The user also mentions feeling like they are not learning or working effectively. These are all potential signs of depression.\",\n    \"result\": \"Depression\",\n}\n</answer>"
    },
    {
      "index": 82,
      "label": "SuicideWatch",
      "response": "<answer>\n{\n    \"thought\": \"The user's posts suggest that they may be experiencing anxiety. They mention being overwhelmed and unsure about their ability to handle things. They also mention that they have a lot of work to do, which could be causing additional stress. The mention of dying and feeling like they have a disease could also indicate anxiety about their health. The user's scattered and disjointed writing style could also be indicative of anxiety.\",\n    \"result\": \"Anxiety\"\n}\n</answer>"
    },
    {
      "index": 83,
      "label": "SuicideWatch",
      "response": "<answer>\n{\n    \"thought\": \"The user seems to be expressing a lot of emotional pain and sadness, mentioning a recent breakup, financial difficulties, and feelings of isolation and loneliness. They also mention feeling terrified and overwhelmed. These are common symptoms of depression.\",\n    \"result\": \"Depression\",\n}\n</answer>"
    },
    {
      "index": 84,
      "label": "SuicideWatch",
      "response": "{\n  \"thought\": \"The user's posts suggest a sense of hopelessness and despair. They mention feeling like they are wasting time and not having any big goals. They also express a desire to kill themselves and seem to be struggling with their mental health. Overall, these are signs of depression.\",\n  \"result\": \"Depression\"\n}"
    },
    {
      "index": 85,
      "label": "SuicideWatch",
      "response": "<answer>\n{\n    \"thought\": \"The user's posts contain disjointed sentences and use of multiple punctuation marks, which could be indicative of a manic episode. The user also expresses conflicting emotions of love and anger, which could suggest a bipolar disorder.\",\n    \"result\": \"Bipolar\",\n}\n</answer>"
    },
    {
      "index": 86,
      "label": "SuicideWatch",
      "response": "<answer>\n{\n    \"thought\": \"The user's posts suggest a history of dealing with mental health issues, including suicide attempts and self-harm. The user also mentions a downward spiral and a need for help, indicating potential depression. The user's writing is also somewhat disjointed and difficult to follow, which may indicate a thought disorder or other cognitive impairment.\",\n    \"result\": \"Depression\",\n}\n</answer>"
    },
    {
      "index": 87,
      "label": "SuicideWatch",
      "response": "<answer>\n{\n    \"thought\": \"The user is expressing suicidal thoughts and feelings of isolation, which suggests a potential mental disorder such as depression or suicide watch.\",\n    \"result\": \"SuicideWatch\"\n}\n</answer>"
    },
    {
      "index": 88,
      "label": "SuicideWatch",
      "response": "<answer>\n{\n    \"thought\": \"The user's posts contain vague and disjointed sentences with no clear meaning, which may indicate a thought disorder or cognitive impairment. However, there are no clear indicators of any specific mental disorder based on the provided posts. Therefore, the user may have a mental disorder that requires further assessment or may not have a mental disorder at all.\",\n    \"result\": \"Offmychest\",\n}\n</answer>"
    },
    {
      "index": 89,
      "label": "SuicideWatch",
      "response": "<answer>\n{\n    \"thought\": \"The user has a history of being sexually abused by a family member, which could contribute to feelings of anxiety and depression. The user also expresses a desire to kill themselves and mentions being ignored by their family, which could be indicative of suicidal thoughts. The user's post also contains a lot of typos and misspellings, which could be a sign of cognitive learning issues. However, the user does mention having a therapist and doctors, which suggests that they are receiving some form of mental health support.\",\n    \"result\": \"SuicideWatch\",\n}\n</answer>"
    },
    {
      "index": 90,
      "label": "SuicideWatch",
      "response": "{\n    \"thought\": \"The user's posts contain frequent use of words related to financial struggles, such as 'bank', 'account','money', 'invoice', and 'expenses'. The user also mentions feeling depressed and having suicidal thoughts, such as 'away','shit', and 'wanted to smoke'. Additionally, the user expresses a sense of isolation and disconnection, such as 'nobody', 'alone', and 'just'. These signs indicate that the user may be experiencing symptoms of depression.\",\n    \"result\": \"Depression\"\n}"
    },
    {
      "index": 91,
      "label": "SuicideWatch",
      "response": "<answer>\n{\n    \"thought\": \"The user's posts contain a lot of negative language and repetitive phrases, indicating a potential struggle with anxiety or depression. The use of nonsensical words and repetitive patterns may suggest a lack of focus or clarity, which is also common in individuals with anxiety or depression. However, the posts do not contain any explicit suicidal or manic thoughts, which would be indicative of bipolar disorder. The user's negative self-talk and self-blame also suggest potential depressive symptoms. Therefore, the most likely mental disorder is Depression.\",\n    \"result\": \"Depression\"\n}\n</answer>"
    },
    {
      "index": 92,
      "label": "SuicideWatch",
      "response": "<answer>\n{\n    \"thought\": \"The user's posts show signs of depression, anxiety, and procrastination. They mention feeling overwhelmed, unable to focus, and procrastinating on important tasks. They also mention feeling like they don't have enough time and feeling like they are not good enough. These are all common symptoms of depression and anxiety.\",\n    \"result\": \"Depression\",\n}\n</answer>"
    },
    {
      "index": 93,
      "label": "SuicideWatch",
      "response": "<answer>\n{\n    \"thought\": \"The user's posts contain frequent use of words such as \"ojy\", \"feaqk\", and \"cuwlmvwjefu\" which indicate a lack of clarity and coherence in their thoughts. Additionally, the user expresses feelings of not knowing what to expect and being unable to achieve their goals, which suggests feelings of helplessness and hopelessness. The user also mentions not having joy in their life and feeling like a burden, which are common symptoms of depression. Overall, the user's posts indicate a potential mental disorder of Depression.\",\n    \"result\": \"Depression\",\n}\n</answer>"
    },
    {
      "index": 94,
      "label": "SuicideWatch",
      "response": "<answer>\n{\n    \"thought\": \"The user's post contains a lot of misspelled words, fragmented sentences, and random characters, indicating that they may be experiencing some form of cognitive impairment or disorganization of thoughts. Additionally, the user mentions being \"rwgknshbkny otipredl\" which could be indicative of anxiety or paranoia. The user also mentions not having enough money, which could be a source of stress and anxiety. Overall, the user's post suggests that they may be experiencing symptoms of anxiety.\",\n    \"result\": \"Anxiety\"\n}\n</answer>"
    },
    {
      "index": 95,
      "label": "SuicideWatch",
      "response": "{\n    \"thought\": \"The user's posts indicate a pattern of negative thoughts and emotions, including anxiety, depression, and suicidal ideation. They also mention experiencing difficulties in their relationships and feeling disconnected from others. The user also talks about experiencing mental health problems and needing medication.\",\n    \"result\": \"Depression\"\n}"
    },
    {
      "index": 96,
      "label": "SuicideWatch",
      "response": "<answer>\n{\n    \"thought\": \"The user is expressing feelings of hopelessness and helplessness, which are common symptoms of depression. They are also mentioning suicidal thoughts, which is a potential risk factor for suicide. However, they are also expressing a desire to seek help and are reaching out to others for support. Based on these factors, I believe that the user is most likely experiencing depression.\",\n    \"result\": \"Depression\",\n}\n</answer>"
    },
    {
      "index": 97,
      "label": "SuicideWatch",
      "response": "<answer>\n{\n    \"thought\": \"The user's posts contain repeated mentions of suicide, suicidal thoughts, and contemplating suicide. They also mention feeling turbulent and having a hard time coping with their emotions. These are all common symptoms of bipolar disorder, which is characterized by extreme mood swings that can range from manic highs to depressive lows. Additionally, the user mentions being interested in photography, which is a common interest among people with bipolar disorder. Therefore, the user's posts suggest that they may be struggling with bipolar disorder.\",\n    \"result\": \"Bipolar\",\n}\n</answer>"
    },
    {
      "index": 98,
      "label": "SuicideWatch",
      "response": "<answer>\n{\n    \"thought\": \"The user's posts are filled with negative and pessimistic thoughts, suggesting a possible diagnosis of Depression. The user seems to have a bleak outlook on life and expresses a lack of motivation and hope for the future. The user also mentions that things won't get better, which is a common thought pattern for those with Depression.\",\n    \"result\": \"Depression\"\n}\n</answer>"
    },
    {
      "index": 99,
      "label": "SuicideWatch",
      "response": "<answer>\n{\n    \"thought\": \"The user seems to be expressing negative emotions and dissatisfaction with their life, stating that it isn't perfect and that they didn't go to a party. They also mention being hurt and feeling like they need to see a therapist. These thoughts and feelings are indicative of depression.\",\n    \"result\": \"Depression\",\n}\n</answer>"
    }
  ]
}