{
  "SWMH_High": [
    {
      "index": 0,
      "label": "Anxiety",
      "response": "{\n    \"thought\": \"The user's post suggests a possible mental health condition due to the presence of several red flags, such as the use of capital letters, repetition of certain words or phrases, and a generally disjointed flow of thoughts. The user appears to be experiencing some form of emotional distress, as indicated by the mention of being'stronngllly' and'sufMkered' and the use of phrases like 'fam i1er andsafe'. The user also mentions a's3cret' and a's3cret place', which could be indicative of a desire for escape or a need for seclusion.\",\n    \"result\": \"Bipolar\"\n}"
    },
    {
      "index": 1,
      "label": "Anxiety",
      "response": "{\n    \"thought\": \"The user's post reveals a significant amount of anxiety-related content, such as the description of 'crahed' and 'anxious hard' which indicate a high level of stress and worry. The user also mentions being diagnosed with a condition and having trouble sleeping, further supporting the presence of anxiety.\",\n    \"result\": \"Anxiety\"\n}"
    },
    {
      "index": 2,
      "label": "Anxiety",
      "response": "{\n    \"thought\": \"The user's post is a jumbled collection of words and phrases, making it difficult to decipher their exact meaning. However, the user mentions 'anxiety' directly and describes a sense of being overwhelmed and uncertain about how to deal with it. The mention of 'prefer tea over' and 'learning by' suggests a desire for calm and a need for instruction or guidance.\",\n    \"result\": \"Anxiety\"\n}"
    },
    {
      "index": 3,
      "label": "Anxiety",
      "response": "{\n    \"thought\": \"The user's post is a mix of happiness and sadness. They express joy in drinking and partying but then mention feeling a bit miserable and mentioning nothing in flowers, which could be a metaphor for emotional void. The tone is informal and slightly unclear.\",\n    \"result\": \"Depression\"\n}"
    },
    {
      "index": 4,
      "label": "Anxiety",
      "response": "{\n    \"thought\": \"The user's post contains fragmented sentences and words, indicating a possible struggle with organization and coherence of thoughts. The repetition of the phrase 'AniÐtyj doooorgaaanizzztÐ°iOn' could be a metaphorical representation of their emotional state. The user also expresses a sense of disorganization and messiness in their thinking and environment, which may suggest a lack of control over their mental state.\",\n    \"result\": \"Anxiety\"\n}"
    },
    {
      "index": 5,
      "label": "Anxiety",
      "response": "{\n    \"thought\": \"The user's post displays a mix of fragmented thoughts, including mentions of anxiety, preference for not drinking, and a tendency to question their own preferences. The content seems to indicate a mind preoccupied with multiple concerns, possibly experiencing anxiety over their choices and emotions.\",\n    \"result\": \"Anxiety\"\n}"
    },
    {
      "index": 6,
      "label": "Anxiety",
      "response": "{\n    \"thought\": \"The user's post indicates a severe sleep disorder that affects their daily functioning. They mention an average of only 4-5 hours of sleep per week, which is significantly below the recommended amount. Additionally, the user expresses a high level of stress and anxiety about their work and age-related expectations.\",\n    \"result\": \"Anxiety\"\n}"
    },
    {
      "index": 7,
      "label": "Anxiety",
      "response": "{\n    \"thought\": \"The user's post appears to be a stream-of-consciousness writing, filled with fragmented sentences and phrases that are repeated. This may indicate a disorganized thinking process, which can be a characteristic of schizophrenia. The user mentions a 'pret' which could be a reference to a 'pretzel', but it's also possible it's a euphemism for something else. The user's tone is flat and matter-of-fact, which could be a coping mechanism to deal with intense emotional pain. The overall tone and language use suggest a possible dissociation from reality.\",\n    \"result\": \"Schizophrenia\"\n}"
    },
    {
      "index": 8,
      "label": "Anxiety",
      "response": "{\n    \"thought\": \"The user's post appears to be a collection of random words and phrases that lack coherence and logical flow. The text includes repetitive and nonsensical expressions such as 'Noth feared' and 'B4e hojk arTicle psyChllogQyyyy', which suggests a disconnection from reality. The mention of 'waaanteeedddd' and'mmmmanyenlibghtening' also indicates a possible break from normal language usage. Furthermore, the post's tone and content do not convey any specific theme or message, which could be indicative of a disorganized thinking pattern.\",\n    \"result\": \"Offmychest\"\n}"
    },
    {
      "index": 9,
      "label": "Anxiety",
      "response": "{\n  \"thought\": \"The user is expressing feelings of anxiety and frustration due to their past academic experience with a professor they perceived as unfair. They seem to be worried about meeting expectations and are concerned that their hard work may not be recognized. The user also mentions a new app that they are using to track their mental health, suggesting they are taking steps to manage their emotional well-being.\",\n  \"result\": \"Anxiety\"\n}"
    },
    {
      "index": 10,
      "label": "Anxiety",
      "response": "{\n  \"thought\": \"The user expresses a sense of isolation and disconnection from the world, feeling anxious about their life and struggles to find a true friend. They also mention physical symptoms like shaking, stomach issues, and constipation, which may indicate a physical manifestation of their emotional state.\",\n  \"result\": \"Anxiety\"\n}"
    },
    {
      "index": 11,
      "label": "Anxiety",
      "response": "{\n    \"thought\": \"The user's post appears to be a mix of disjointed thoughts and phrases, with several instances of unclear sentences. The use of abbreviations and unclear pronouns makes it difficult to follow the user's narrative. However, the overall tone seems to be one of disconnection and confusion.\",\n    \"result\": \"Offmychest\"\n}"
    },
    {
      "index": 12,
      "label": "Anxiety",
      "response": "{\n    \"thought\": \"The user's post suggests a complex emotional state with elements of anxiety, guilt, and self-blame. The user expresses a sense of helplessness and despair, indicating a possible mental health issue. The tone of the post reveals a struggle to find a way out of the current emotional state.\",\n    \"result\": \"Depression\"\n}"
    },
    {
      "index": 13,
      "label": "Anxiety",
      "response": "{\n    \"thought\": \"The user expresses a sense of desperation and isolation through their posts, indicating a possible mental health concern. They talk about having no one to love them and mentioning death, which raises a red flag for potential suicide risk. Additionally, the user mentions a regular problem that affects them daily, suggesting a chronic condition that could be impacting their emotional well-being.\",\n    \"result\": \"SuicideWatch\"\n}"
    },
    {
      "index": 14,
      "label": "Anxiety",
      "response": "{\n    \"thought\": \"The user's post appears to be a stream of incoherent words and phrases, suggesting a lack of logical flow and coherent thought. The presence of repeating words and phrases, such as 'I don't think I can' and 'Iijvtk', indicates a possible disconnection between the user's thoughts and their expression.\",\n    \"result\": \"Bipolar\"\n}"
    },
    {
      "index": 15,
      "label": "Anxiety",
      "response": "{\n    \"thought\": \"The user's post reveals a mix of positive and negative emotions, with a significant portion expressing gratitude and positivity. However, the post also contains phrases that suggest the user is under significant stress, such as \\\"I'm sitting really uppsset\\\" and \\\"Life no ful of su..\\\", which may indicate an underlying anxiety.\",\n    \"result\": \"Anxiety\"\n}"
    },
    {
      "index": 16,
      "label": "Anxiety",
      "response": "{\n    \"thought\": \"The user's post is a stream-of-consciousness narrative that jumps between different thoughts and emotions. They express a sense of being overwhelmed by their thoughts and emotions, using phrases like \\\"ElecTiiiiciTy somewhat hunn\\\" and \\\"Inaadiltyy to qqqqocus\\\". The user also mentions a sense of despair and hopelessness, stating \\\"thankful despOnMent so ound hpeless\\\". Additionally, they express a desire to break free from their current state, using phrases like \\\"bumpg merely ohat cccould beside e\\\" and \\\"TTTU1ns Av3gotta changge\\\". Furthermore, the user talks about their body and mind being \\\"nti-anxiety mdItatiooon teezhvwk caJ my myblank3t body\\\", indicating a sense of being trapped in their own thoughts.\",\n    \"result\": \"Depression\"\n}"
    },
    {
      "index": 17,
      "label": "Anxiety",
      "response": "{\n    \"thought\": \"The user's post indicates a struggle with decision-making and a possible dependency on medication for emotional regulation. They express a sense of urgency in taking the medication and mention a belief in its effectiveness. Additionally, there's a mention of a 'nowhere to go' feeling, which could imply isolation or disconnection.\",\n    \"result\": \"Anxiety\"\n}"
    },
    {
      "index": 18,
      "label": "Anxiety",
      "response": "{\n    \"thought\": \"The user's post contains incoherent words and phrases, which may indicate a disorganized thinking process. The mention of 'kanxiety' and 'EspppEically' suggests a possible confusion between words. The post also conveys a sense of frustration and desperation.\",\n    \"result\": \"Bipolar\"\n}"
    },
    {
      "index": 19,
      "label": "Anxiety",
      "response": "{\n    \"thought\": \"The user's post seems to be a mix of fragmented thoughts and sentences, with mentions of anxiety, trauma, and memory. They appear to be searching for a hidden cause behind their anxiety and are referencing a traumatic event, but the post is unclear and difficult to decipher. The user also mentions a friend's death and the impact it had on them, suggesting a possible loss.\",\n    \"result\": \"Anxiety\"\n}"
    },
    {
      "index": 20,
      "label": "Bipolar",
      "response": "{\n    \"thought\": \"The user is describing feelings of emotional instability and a sense of being overwhelmed by their mental health diagnosis and treatment. They express frustration with the lack of understanding from others and the misdiagnosis of their condition. They also mention taking medication and its effects on their sleep. The user's writing style is fragmented and contains numerous typos, suggesting a possible difficulty in expressing themselves coherently.\",\n    \"result\": \"Bipolar\"\n}"
    },
    {
      "index": 21,
      "label": "Bipolar",
      "response": "{\n    \"thought\": \"The user's post contains several indicators of emotional distress and possible suicidal ideation. They express a sense of being overwhelmed by life's challenges, mentioning a 'rock bottom' and a feeling of'verge[n]' of a breakdown. The tone suggests desperation and hopelessness.\",\n    \"result\": \"SuicideWatch\"\n}"
    },
    {
      "index": 22,
      "label": "Bipolar",
      "response": "{\n    \"thought\": \"The user's post contains a mix of incoherent words and phrases, which makes it challenging to decipher the exact meaning. However, I can see the user is expressing a sense of confusion and frustration, possibly indicating a state of disorganized thinking. The mention of 'Zyprexa' and 'depressive' suggests the user may be experiencing some form of mental health issue. Additionally, the user's tone seems to be a mix of desperation and resignation.\",\n    \"result\": \"Depression\"\n}"
    },
    {
      "index": 23,
      "label": "Bipolar",
      "response": "{\n    \"thought\": \"The user's post describes a complex situation involving a family member's mental health issues and the user's own emotional response to it. The user's tone is one of concern and care for their family member, but also hints at feelings of helplessness and frustration. The family member has been experiencing significant mood swings and has had multiple hospitalizations, which has put a strain on the user's emotional well-being. The user is worried about their family member's condition and is seeking advice on how to best support them.\",\n    \"result\": \"Anxiety\"\n}"
    },
    {
      "index": 24,
      "label": "Bipolar",
      "response": "{\n    \"thought\": \"The user's post displays a disorganized stream of consciousness, indicating a possible disconnection between their thoughts and emotions. The presence of fragmented sentences and unclear pronouns suggests a lack of coherent narrative structure, which is often seen in schizophrenia.\",\n    \"result\": \"Bipolar\"\n}"
    },
    {
      "index": 25,
      "label": "Bipolar",
      "response": "{\n    \"thought\": \"The user is inquiring about Buspar for anxiety relief and is currently taking Lamictal. They mention having a meeting and are concerned about the interaction between the two medications.\",\n    \"result\": \"Anxiety\"\n}"
    },
    {
      "index": 26,
      "label": "Bipolar",
      "response": "{\n  \"thought\": \"The user's posts reveal a pattern of reckless spending, financial struggles, and a sense of hopelessness. They also express frustration with their situation and mention impulsive decisions. These signs suggest that the user may be experiencing a mental health issue related to their financial and emotional state.\",\n  \"result\": \"Anxiety\"\n}"
    },
    {
      "index": 27,
      "label": "Bipolar",
      "response": "{\n    \"thought\": \"The user is experiencing significant emotional distress due to issues with their prescription medication, which has led to mood swings and a strained relationship with their boyfriend. The user also mentions a stressful struggle with their doctor's assistant, which has caused them to feel frustrated and upset. I note that the user is trying to navigate a complex situation and is seeking help.\",\n    \"result\": \"Anxiety\"\n}"
    },
    {
      "index": 28,
      "label": "Bipolar",
      "response": "{\n  \"thought\": \"The user appears to be experiencing significant emotional distress, with mentions of sleep disturbances, anxiety about driving, and a sense of being overwhelmed. They also express gratitude for being alive and a lead in their life, which suggests a fragile state of mind. The post is fragmented and hard to follow, possibly indicating a disorganized thinking pattern.\",\n  \"result\": \"Bipolar\"\n}"
    },
    {
      "index": 29,
      "label": "Bipolar",
      "response": "{\n    \"thought\": \"The user's post suggests a possible connection between their emotional state and the cyclical nature of their experiences, which may indicate a mood disorder. The user's references to 'flahsbacks' and 'Manic slowly rrmh mÐµ' suggest a pattern of emotional highs and lows. Additionally, the user's mention of 'hÐ°s beennn prretty uzzw rcccenet e' and 'tyiyuzzur hÐ°s allowe dme oh to bpib suddenly oeqab too' implies a struggle with emotional stability and control. The user's tone also shifts between anger and sadness, indicating an emotional rollercoaster.\",\n    \"result\": \"Bipolar\"\n}"
    },
    {
      "index": 30,
      "label": "Bipolar",
      "response": "{\n    \"thought\": \"The user's post seems to be a mix of incoherent words and phrases, with a focus on the idea of 'cope' and 'holiday'. The use of 'delete' and 'call' is repeated, which may indicate a sense of detachment or a need for a break. The user's tone is somewhat playful, but also slightly disjointed.\",\n    \"result\": \"Offmychest\"\n}"
    },
    {
      "index": 31,
      "label": "Bipolar",
      "response": "{\n    \"thought\": \"The user's post contains a mix of seemingly unrelated words and phrases, which may indicate a disjointed train of thought. The use of abbreviations and numbers in place of words could be a coping mechanism to deal with overwhelming emotions. The content also hints at a struggle to connect with the world, possibly due to feelings of isolation or disconnection.\",\n    \"result\": \"Depression\"\n}"
    },
    {
      "index": 32,
      "label": "Bipolar",
      "response": "{\n    \"thought\": \"The user's post appears to be a mix of fragmented sentences and words, indicating a possible disconnection between their thoughts and expression. The user seems to be describing a personal growth and learning process, but the writing style is unclear and lacking in coherence.\",\n    \"result\": \"Bipolar\"\n}"
    },
    {
      "index": 33,
      "label": "Bipolar",
      "response": "{\n    \"thought\": \"The user's post displays a mix of seemingly unrelated phrases and words, which may indicate a possible disorganized thinking pattern. The use of abbreviations and unclear sentence structures makes it difficult to decipher the user's exact message. However, the overall tone appears to be one of frustration and possibly confusion.\",\n    \"result\": \"Bipolar\"\n}"
    },
    {
      "index": 34,
      "label": "Bipolar",
      "response": "{\n    \"thought\": \"The user is experiencing frustration and anxiety due to their medication refill being delayed, which is affecting their daily activities. They mention having a medical condition and are seeing another doctor, indicating they are following a treatment plan. The user also mentions having a phone, which contradicts their statement of not using it.\",\n    \"result\": \"Anxiety\"\n}"
    },
    {
      "index": 35,
      "label": "Bipolar",
      "response": "{\n    \"thought\": \"The user's post expresses a mix of frustration, confusion, and desperation. They seem to be struggling with their emotions and are in need of support. The user's language is marred by grammatical errors and awkward sentence structure, suggesting a lack of attention to detail and possibly a disorganized thought process.\",\n    \"result\": \"Depression\"\n}"
    },
    {
      "index": 36,
      "label": "Bipolar",
      "response": "{\n  \"thought\": \"The user expresses a mix of frustration, anxiety, and despair, indicating a need for immediate help. They mention a long wait for a psychiatrist appointment, which exacerbated their anxiety. They also discuss their concerns about medication and the lack of understanding from some people. The user shows a tendency to self-reflect and seek individualized approaches, which is a positive sign.\",\n  \"result\": \"Anxiety\"\n}"
    },
    {
      "index": 37,
      "label": "Bipolar",
      "response": "{\n    \"thought\": \"The user's post indicates a significant drop in Wellbutrin levels, which affects their mood and functionality. They express a lack of enjoyment in activities they normally like, which is a sign of possible depression. The mention of 'can't currently enjOyment' and 'work almost to stop' further supports this.\",\n    \"result\": \"Depression\"\n}"
    },
    {
      "index": 38,
      "label": "Bipolar",
      "response": "{\n    \"thought\": \"The user's post conveys a sense of overwhelming emotional pain and distress. The repetition of the word 'deeteddd' and'ressssion' suggests a struggle with emotional regulation and intense internal conflict. The user also expresses a sense of being overwhelmed and needing help, but feeling like they're 'nowhere' to get it.\",\n    \"result\": \"Depression\"\n}"
    },
    {
      "index": 39,
      "label": "Bipolar",
      "response": "{\n    \"thought\": \"The user's post appears to be a mix of different thoughts and sentences that are not well-organized, making it difficult to decipher the user's exact concerns. However, the user seems to be questioning their family history of a disorder and its potential impact on their own life, indicating an interest in understanding their family medical history and its relevance to their own well-being.\",\n    \"result\": \"Depression\"\n}"
    },
    {
      "index": 40,
      "label": "Depression",
      "response": "{\n    \"thought\": \"The user's post appears to be a mix of emotions and thoughts, including happiness, surprise, and a hint of melancholy. They seem to be reflecting on the concept of life and its mysteries, and may be questioning the meaning of existence. The use of phrases like 'um mild epresssioooo' and'surpring lkku apPinnness' suggests a sense of wonder and possibly a touch of irony. The post also contains a reference to 'the stArT absolut...', which may imply a search for something new or a fresh beginning. The overall tone is somewhat dreamy and open-ended, indicating a mind that is both curious and possibly a bit introspective.\",\n    \"result\": \"Offmychest\"\n}"
    },
    {
      "index": 41,
      "label": "Depression",
      "response": "{\n    \"thought\": \"The user's post reveals a complex interplay of emotional states, including feelings of depression, anxiety, and frustration. The user's writing style is also noteworthy, featuring a mix of grammatical errors and colloquialisms. These factors, combined with the user's self-reported symptoms, suggest a possible diagnosis of Depression.\",\n    \"result\": \"Depression\"\n}"
    },
    {
      "index": 42,
      "label": "Depression",
      "response": "{\n    \"thought\": \"The user's post suggests they are experiencing a high level of anxiety and distress, as they mention looking for help to deal with depression and the pressure to meet their friends' expectations. They also express a sense of being overwhelmed and struggling to cope with their emotions.\",\n    \"result\": \"Anxiety\"\n}"
    },
    {
      "index": 43,
      "label": "Depression",
      "response": "{\n    \"thought\": \"The user's post contains disjointed and incomplete sentences, suggesting a possible disorganized thinking pattern. The mention of 'by' instead of'my' in the first two sentences may indicate a struggle with linguistic processing. Additionally, the post's brevity and lack of coherent content may suggest a possible lack of motivation or interest in expressing oneself.\",\n    \"result\": \"Depression\"\n}"
    },
    {
      "index": 44,
      "label": "Depression",
      "response": "{\n    \"thought\": \"The user's post displays a mix of intense emotional highs and lows, with vivid descriptions of their inner state. They express a desire for comfort and safety, indicating a need for emotional regulation and stabilization. The text is rich in metaphors and similes, suggesting an overactive imagination and a possible struggle with processing and containing their emotions.\",\n    \"result\": \"Bipolar\"\n}"
    },
    {
      "index": 45,
      "label": "Depression",
      "response": "{\n    \"thought\": \"The user's post appears to be a jumbled mix of thoughts and feelings, with expressions of anxiety and frustration. The use of all capital letters and peculiar syntax suggests a struggle to articulate coherent thoughts. The mention of therapy and the 19th attempt at going about life may indicate a pattern of repetitive behaviors or a sense of being stuck. The user's writing style is unlike that of a typical user, suggesting a possible disconnection from reality.\",\n    \"result\": \"Bipolar\"\n}"
    },
    {
      "index": 46,
      "label": "Depression",
      "response": "{\n  \"thought\": \"The user's post reveals a sense of disconnection and lack of purpose in life, with frequent changes in mood and activity levels. They express a sense of being overwhelmed by the monotony of daily life and a desire for something more. They also mention having difficulty enjoying things they used to love.\",\n  \"result\": \"Depression\"\n}"
    },
    {
      "index": 47,
      "label": "Depression",
      "response": "{\n    \"thought\": \"The user's post appears to be a stream-of-consciousness expression of their anxiety and disorientation regarding recent changes in technology and its effects on their personal and social interactions.\",\n    \"result\": \"Anxiety\"\n}"
    },
    {
      "index": 48,
      "label": "Depression",
      "response": "{\n    \"thought\": \"The user's post is a mix of joyful and sad emotions, with an apparent struggle to express feelings and thoughts. They mention an inability to feel anything, which could be indicative of emotional numbing. Additionally, the user talks about a fear of losing control and a preoccupation with their own character. These elements suggest a mental health concern.\",\n    \"result\": \"Depression\"\n}"
    },
    {
      "index": 49,
      "label": "Depression",
      "response": "{\n  \"thought\": \"The user's post reveals a mix of intense emotional states, including despair, hopelessness, and a sense of being overwhelmed. They express a deep longing for something or someone to 'take me home' and a strong desire to escape the current situation. The post is filled with fragmented thoughts and unclear connections between ideas, which may indicate a lack of focus and direction. The user also mentions being involved in a car accident, which could be a significant life event causing them distress.\",\n  \"result\": \"Anxiety\"\n}"
    },
    {
      "index": 50,
      "label": "Depression",
      "response": "{\n    \"thought\": \"The user's post appears to be a stream-of-consciousness expression of their inner thoughts and feelings. The language is somewhat jumbled, but the user seems to be describing a sense of disconnection and isolation, as well as a tendency to get caught up in their own problems. The use of 'none' and'small' may indicate a lack of confidence and a tendency to minimize their own importance. This could be a sign of an individual who is struggling to assert themselves and may be experiencing feelings of inadequacy.\",\n    \"result\": \"Depression\"\n}"
    },
    {
      "index": 51,
      "label": "Depression",
      "response": "{\n    \"thought\": \"The user appears to be expressing a sense of uncertainty and frustration, with a stream-of-consciousness style that suggests a difficulty in filtering thoughts and emotions. They mention 'not always' and 'nothing' which implies a sense of hopelessness. The user also seems to be experiencing some emotional distress as they jump between different ideas.\",\n    \"result\": \"Depression\"\n}"
    },
    {
      "index": 52,
      "label": "Depression",
      "response": "{\n    \"thought\": \"The user is describing a complex web of relationships and emotions involving two friends, A and B. The user seems to be experiencing anxiety and depression, particularly in regards to their relationship with friend A, who has been accused of harassment and rape. The user also expresses feelings of helplessness and a desire to maintain a positive relationship with friend B.\",\n    \"result\": \"Depression\"\n}"
    },
    {
      "index": 53,
      "label": "Depression",
      "response": "{\n    \"thought\": \"The user's post shows a mix of positive and negative emotions, with a preponderance of negative tone. They express a wish to 'grab someone's cold shoulder' and seem to be comparing their life to others. There's also a mention of not being able to help someone else, which indicates a sense of emotional burden.\",\n    \"result\": \"Anxiety\"\n}"
    },
    {
      "index": 54,
      "label": "Depression",
      "response": "{\n    \"thought\": \"The user's post reveals a complex and highly distressing emotional state. They mention 'absolutely emotional trauma' and 'health problem' which suggests a significant impact on their well-being. The post also contains numerous typos and grammatical errors, which may indicate a lack of attention to detail due to the overwhelming nature of their emotional struggles. The user's train of thought is disjointed and difficult to follow, suggesting a possible disconnection from their emotional experiences. Additionally, the user's writing style is characterized by a mixture of uppercase and lowercase letters, which may reflect their emotional instability.\",\n    \"result\": \"Depression\"\n}"
    },
    {
      "index": 55,
      "label": "Depression",
      "response": "{\n    \"thought\": \"The user's posts show a deep concern for their partner's depression and the impact it has on their relationship. The user is actively offering support and has been doing so for a significant amount of time. However, there is a hint of frustration and desperation in the user's messages, as they are unsure how much longer they can continue to support their partner in this way. The user's own emotional well-being is also a concern, as they mention feeling 'rapidly daily' and 'pressurd'.\",\n    \"result\": \"Depression\"\n}"
    },
    {
      "index": 56,
      "label": "Depression",
      "response": "{\n    \"thought\": \"The user's post appears to be a mix of incoherent phrases and words, which makes it difficult to discern a clear narrative. However, I can identify some key elements that may indicate the presence of a mental disorder. Firstly, the user mentions 'tagutyupjoue eneRrgy enoAug or otqmndqrqp drive killl Nothing' which could be a reference to a state of emotional numbness or disconnection. The user also talks about feeling 'caqnuhsey wanderingsthrMough clOsuud', suggesting a lack of focus or direction. Furthermore, the mention of 'I jusTdono' aNy see poiHnt' implies a sense of disorientation and confusion. Lastly, the post contains several instances of typos and grammatical errors, which could indicate a lack of attention or a disconnection from the world.\",\n    \"result\": \"Bipolar\"\n}"
    },
    {
      "index": 57,
      "label": "Depression",
      "response": "{\n    \"thought\": \"The user's post suggests a mix of concerns and anxieties related to academic performance, social relationships, and emotional regulation. They express frustration with their current situation and seem to be experiencing some disorganization in their thoughts. There is a mention of a difficult time managing their time and motivation, which could be indicative of difficulties with planning and organization.\",\n    \"result\": \"Anxiety\"\n}"
    },
    {
      "index": 58,
      "label": "Depression",
      "response": "{\n    \"thought\": \"The user expresses a sense of emotional exhaustion and despair, mentioning suicidal thoughts and feelings of being stuck. They also talk about a close friend who passed away, which might have triggered these feelings. The user seems to be struggling with the loss and is experiencing disappointment in various aspects of their life.\",\n    \"result\": \"SuicideWatch\"\n}"
    },
    {
      "index": 59,
      "label": "Depression",
      "response": "{\n    \"thought\": \"The user's posts indicate a sense of frustration and despair due to a recent collapse and a series of unfortunate events. They express feelings of isolation and being misunderstood, which may have led to a significant emotional burden. Despite the challenges, the user still holds onto hope for the future and is actively seeking help.\",\n    \"result\": \"Depression\"\n}"
    },
    {
      "index": 60,
      "label": "Offmychest",
      "response": "{\n    \"thought\": \"The user's post reveals a mix of positive and negative emotions. They express gratitude and happiness about their boyfriend, family, and friends but also show signs of anxiety and depression through their use of words like 'depressing', 'cut','slice', 'cutting', and 'kill' themselves. The user's writing style is unclear and often difficult to decipher, making it hard to grasp their exact emotions and thoughts.\",\n    \"result\": \"Anxiety\"\n}"
    },
    {
      "index": 61,
      "label": "Offmychest",
      "response": "{\n    \"thought\": \"The user's post indicates a series of rapid and unclear emotional shifts, with an emphasis on difficulties in forming and maintaining relationships. They express frustration with others' behavior and a sense of being misled. The post also touches on feelings of confusion and hurt. The user's writing style is fragmented and difficult to follow, suggesting a possible lack of emotional regulation.\",\n    \"result\": \"Anxiety\"\n}"
    },
    {
      "index": 62,
      "label": "Offmychest",
      "response": "{\n    \"thought\": \"The user's post suggests a pattern of behavior where they are overly critical of themselves and others, displaying a lack of self-confidence and trust in relationships. They seem to have difficulty in forming close connections with others and are uncertain about their place in the world. The user's tone is introspective and somewhat melancholic, indicating they may be struggling with their own insecurities and the need for validation.\",\n    \"result\": \"Depression\"\n}"
    },
    {
      "index": 63,
      "label": "Offmychest",
      "response": "{\n    \"thought\": \"The user's post contains a mix of past and present tense sentences, which may indicate a disjointed thinking process. The user also mentions 'neither possibly nor yeasr' which could be a sign of confusion. Furthermore, the post includes mentions of'mistakenly' and 'otherwise' which may indicate a lack of clear decision-making. The user talks about dropping out of money, drugs, and alcohol which could be a sign of struggles with addiction. Additionally, the post mentions a project which is 'almost' completed, but the user's tone seems uncertain.\",\n    \"result\": \"Depression\"\n}"
    },
    {
      "index": 64,
      "label": "Offmychest",
      "response": "{\n    \"thought\": \"The user's post contains several indications of financial struggles and stress, which may be causing them significant emotional distress. They mention having to pay rent, utilities, and other expenses, which is putting a strain on their mental health. The user's use of 'can't' and 'doN'Ð' suggests a sense of powerlessness and frustration. Furthermore, the user's mention of 'horrible' and'sad' highlights their emotional state. Additionally, the user's use of 'I mean mml becaumse u6ngreful amazing it nkyn Ican' indicates a sense of confusion and disorganization.\",\n    \"result\": \"Depression\"\n}"
    },
    {
      "index": 65,
      "label": "Offmychest",
      "response": "{\n    \"thought\": \"The user's post appears to be a jumbled collection of words and phrases that seem to convey a sense of frustration, possibly related to societal and governmental issues. The text is written in a style that is difficult to decipher, which may indicate a disorganized thought process. Additionally, the user expresses a sense of disillusionment and possibly a lack of motivation to engage with others or care about personal relationships.\",\n    \"result\": \"Depression\"\n}"
    },
    {
      "index": 66,
      "label": "Offmychest",
      "response": "{\n    \"thought\": \"The user's post appears to be a jumbled collection of words and phrases, making it difficult to decipher their intended meaning. However, the content seems to revolve around a shooting incident and its aftermath, which may have triggered the user's mental health concerns. The user's writing style is characterized by numerous typos and grammatical errors, which could indicate a lack of clarity in their thoughts.\",\n    \"result\": \"Offmychest\"\n}"
    },
    {
      "index": 67,
      "label": "Offmychest",
      "response": "{\n    \"thought\": \"The user appears to be experiencing a mix of emotions, including a sense of impending doom ('haev yet Smhe yetserday9'), anxiety about the future ('rarely wpgonavr usdoysungfp nxet thEq ADy'), and a reference to a serious medical condition ('cancer'). The user also mentions a desire to be held and comforted ('I wanTt o held afterwards'). Additionally, there are instances of word jumbling and unclear sentence structures, which may indicate a disorganized thinking process.\",\n    \"result\": \"Bipolar\"\n}"
    },
    {
      "index": 68,
      "label": "Offmychest",
      "response": "{\n    \"thought\": \"The user's post displays a complex mix of emotions and thoughts, including gratitude, frustration, and possibly a sense of being misunderstood. The user seems to be advocating for someone they care about, possibly a family member, who is facing challenges. The tone is often contradictory, shifting between optimism and despair, and the user appears to be struggling with their own role in the situation.\",\n    \"result\": \"Bipolar\"\n}"
    },
    {
      "index": 69,
      "label": "Offmychest",
      "response": "{\n    \"thought\": \"The user's post reveals a deep sense of emotional distress, with frequent changes in mood and a sense of disconnection from others. They express a longing for a close relationship but feel uncertain and confused about their emotions. The user also mentions feeling extremely lonely and wanting to be understood. These emotional fluctuations and the search for meaningful connections suggest a need for more than just a casual acquaintance.\",\n    \"result\": \"Bipolar\"\n}"
    },
    {
      "index": 70,
      "label": "Offmychest",
      "response": "{\n    \"thought\": \"Based on the provided post, the user is experiencing emotional distress and turmoil, with references to a troubled past, current relationships, and a desire for change. They express a sense of being trapped and struggling to cope with their emotions. The post also hints at a sense of desperation and a need for a way out.\",\n    \"result\": \"Depression\"\n}"
    },
    {
      "index": 71,
      "label": "Offmychest",
      "response": "{\n    \"thought\": \"The user's post suggests a complex emotional state with elements of trauma, emotional numbness, and an apparent loss of interest in daily activities. They mention a breakup and its impact on their mental health, indicating a possible emotional attachment to the person involved. The user also expresses a sense of disconnection and difficulty in articulating their feelings.\",\n    \"result\": \"Depression\"\n}"
    },
    {
      "index": 72,
      "label": "Offmychest",
      "response": "{\n    \"thought\": \"The user's post appears to be a stream-of-consciousness writing, with phrases that suggest a mind racing and an inability to stop thoughts. The use of 'yeabr' and 'agÐ¾' is unclear, but it may indicate a disconnection from the present moment. The phrase 'eventual.ly to tired sudden jcommitr by' suggests a disjointed and possibly exhausted state of mind.\",\n    \"result\": \"Depression\"\n}"
    },
    {
      "index": 73,
      "label": "Offmychest",
      "response": "{\n  \"thought\": \"The user's post appears to be a mix of disjointed and incoherent sentences, with multiple topics such as cooking, family, and daily life. The text includes several instances of grammatical errors and unclear statements, which may indicate a lack of clarity in thought process. Additionally, the user seems to be expressing frustration and confusion in their daily life, particularly in relation to their brother and cooking. The tone of the post also suggests a sense of urgency and desperation.\",\n  \"result\": \"Anxiety\"\n}"
    },
    {
      "index": 74,
      "label": "Offmychest",
      "response": "{\n    \"thought\": \"The user's post displays a complex mix of emotions and thoughts, indicating a need for emotional support and a possible struggle with mental health. The user's writing style is characterized by a rapid flow of ideas and emotions, which may be indicative of a heightened state of anxiety. The user's focus on relationships, emotional regulation, and the need for help coping with emotional and mental distress are prominent themes. Additionally, the user's use of words like 'honestly' and'really' suggests a desire for authenticity and genuine connections with others.\",\n    \"result\": \"Anxiety\"\n}"
    },
    {
      "index": 75,
      "label": "Offmychest",
      "response": "{\n    \"thought\": \"The user's post describes a highly stressful and chaotic situation where they were chased by a thief, which likely triggered a significant physiological response, such as an accelerated heart rate. The post also hints at a sense of disorientation and difficulty in focusing on the present moment, as indicated by the mention of 'I feel like I'm going to die' and 'I couldn't feel my heart beating'.\",\n    \"result\": \"Anxiety\"\n}"
    },
    {
      "index": 76,
      "label": "Offmychest",
      "response": "{\n    \"thought\": \"The user's post reveals a mix of positive and negative emotions, with mentions of happiness, anxiety, and fear of being alone. They express gratitude for their boyfriend and describe him as their 'everything.' However, they also talk about feeling nervous and comparing themselves to others. The user mentions having some form of autism and Asperger's, which could contribute to their social anxiety. They seem to be aware of their mental health and have been diagnosed with depression, but the tone of the post suggests they are not currently in a severely depressed state. Overall, the post does not indicate an immediate risk of suicide.\",\n    \"result\": \"Depression\"\n}"
    },
    {
      "index": 77,
      "label": "Offmychest",
      "response": "{\n    \"thought\": \"The user is expressing frustration and helplessness about their current situation, mentioning difficulties in finding a job and maintaining a stable life. They also discuss their relationship with their parents and a friend's family, hinting at a sense of disconnection and isolation. The tone suggests a struggle to cope with daily life and its challenges.\",\n    \"result\": \"Depression\"\n}"
    },
    {
      "index": 78,
      "label": "Offmychest",
      "response": "{\n    \"thought\": \"The user's post contains fragmented sentences and unclear thoughts, suggesting a possible disconnection between their ideas and the way they are expressing them. The use of abbreviations and incomplete sentences may indicate a difficulty in organizing and articulating their thoughts.\",\n    \"result\": \"Bipolar\"\n}"
    },
    {
      "index": 79,
      "label": "Offmychest",
      "response": "{\n    \"thought\": \"The user's post is fragmented and contains grammatical errors, suggesting possible cognitive impairment or disorganization. The use of 'ab3auKtif.ul' and 'wayvo' instead of 'beautiful' and 'give' may indicate a disconnection between the user's intended message and the actual text. The user also expresses a sense of isolation ('I nowhere v.ited'), which could be a sign of social withdrawal.\",\n    \"result\": \"Depression\"\n}"
    },
    {
      "index": 80,
      "label": "SuicideWatch",
      "response": "{\n    \"thought\": \"The user's post reveals a mix of contradictory statements and emotions, indicating an inner turmoil. The user mentions being 'amazing' one day and 'rough' the next, with a struggle to make sense of their mood swings and a possible sense of isolation.\",\n    \"result\": \"Bipolar\"\n}"
    },
    {
      "index": 81,
      "label": "SuicideWatch",
      "response": "{\n    \"thought\": \"The user's post reveals a mix of positivity and negativity, with expressions of love and care, but also mentions of constant worry and a need for someone to understand. The user's language is playful and creative, using a mix of English and what appears to be a made-up language. Despite the creative use of language, there are hints of a deep need for connection and a desire to be understood.\",\n    \"result\": \"Offmychest\"\n}"
    },
    {
      "index": 82,
      "label": "SuicideWatch",
      "response": "{\n    \"thought\": \"The user expresses a mix of confusion, emotional turmoil, and desperation through their post. They mention a diagnosed condition and its long-term effects, as well as their emotional distress and difficulty in managing daily life. They also express a lack of motivation and a heavy workload.\",\n    \"result\": \"Depression\"\n}"
    },
    {
      "index": 83,
      "label": "SuicideWatch",
      "response": "{\n    \"thought\": \"The user expresses a sense of being overwhelmed by life's challenges, including a difficult breakup, financial struggles, and separation from a loved one. They also mention splitting their life into two separate parts, indicating a sense of disconnection and isolation. Additionally, they talk about feeling terrorized by their thoughts and emotions. These are all indicative of a significant emotional distress.\",\n    \"result\": \"Depression\"\n}"
    },
    {
      "index": 84,
      "label": "SuicideWatch",
      "response": "{\n    \"thought\": \"The user's post reveals a mix of confusion, frustration, and despair. They mention feeling 'unsustainable' and 'unluckily' stuck in a cycle of thoughts and actions. The use of '9' in the text may indicate a countdown or a reference to a significant number in their personal context. The user's tone suggests a sense of desperation and hopelessness.\",\n    \"result\": \"SuicideWatch\"\n}"
    },
    {
      "index": 85,
      "label": "SuicideWatch",
      "response": "{\n    \"thought\": \"The user's post seems to be a mix of emotions and thoughts that are hard to follow. They appear to be expressing a loss and possibly a mental health struggle, with mentions of a long time friend who has passed away. The text contains several grammatical errors and nonsensical phrases, which may indicate a disconnection from reality. The user's writing style is also informal and fragmented, which could be a sign of impaired cognitive function.\",\n    \"result\": \"Bipolar\"\n}"
    },
    {
      "index": 86,
      "label": "SuicideWatch",
      "response": "{\n  \"thought\": \"The user's posts display a mix of desperation and resilience. They seem to be going through a tough time, with a history of self-harm and suicidal ideation. Despite this, they express gratitude and a sense of pride in helping others. The user's writing is disjointed and difficult to follow, but they do mention a desire to be heard and understood.\",\n  \"result\": \"SuicideWatch\"\n}"
    },
    {
      "index": 87,
      "label": "SuicideWatch",
      "response": "{\n    \"thought\": \"The user's post is a mix of fragmented and seemingly unrelated sentences, making it challenging to discern a clear narrative. However, certain keywords like 'Skype','suicide', and 'breakfast' stand out. The user also mentions a'son' and a 'freniod', which could indicate a personal or family-related issue. The post also includes some nonsensical phrases, which could be a sign of disorganized thinking.\",\n    \"result\": \"Offmychest\"\n}"
    },
    {
      "index": 88,
      "label": "SuicideWatch",
      "response": "{\n    \"thought\": \"The user's post contains a mix of incoherent words and phrases, which could be indicative of a disorganized thinking process. The mention of being unable to work and 'barely' living could suggest a lack of motivation or energy. Additionally, the user's tone seems to be a blend of desperation and hopelessness.\",\n    \"result\": \"Depression\"\n}"
    },
    {
      "index": 89,
      "label": "SuicideWatch",
      "response": "{\n    \"thought\": \"The user's post reveals a complex web of emotional pain and trauma, with references to family abuse, neglect, and the loss of a friend. The user's writing style is disjointed and difficult to follow, suggesting a possible struggle with cognitive processing and communication.\",\n    \"result\": \"Anxiety\"\n}"
    },
    {
      "index": 90,
      "label": "SuicideWatch",
      "response": "{\n    \"thought\": \"The user's post appears to be a jumbled mix of thoughts and feelings, mentioning financial struggles, employment issues, and social interactions. They express a sense of desperation and frustration, but also seem to be trying to make sense of their situation. The text is full of contradictions and unclear statements, which may reflect the user's confusion and difficulty in organizing their thoughts.\",\n    \"result\": \"Offmychest\"\n}"
    },
    {
      "index": 91,
      "label": "SuicideWatch",
      "response": "{\n    \"thought\": \"The user's post seems to be a jumbled mix of words and phrases, with many typos and non-standard spellings. The content appears to be a stream-of-consciousness expression of a girl who has died, and the user is expressing their grief and confusion. The use of all capital letters and the inclusion of many 'e's and 'i's suggests a frantic and emotional state. The user also seems to be questioning the nature of life and death.\",\n    \"result\": \"Depression\"\n}"
    },
    {
      "index": 92,
      "label": "SuicideWatch",
      "response": "{\n  \"thought\": \"The user is expressing feelings of frustration and desperation due to an undiagnosed condition affecting their daily life, which is causing them to struggle with sleep and concentration. They also mention a history of good academic performance and a high GPA, indicating a level of intelligence and potential. However, they are now facing significant challenges in their personal and academic life.\",\n  \"result\": \"Anxiety\"\n}"
    },
    {
      "index": 93,
      "label": "SuicideWatch",
      "response": "{\n    \"thought\": \"The user's post displays a mix of positivity and negativity, with the use of words like 'goode' and 'joy' alongside phrases that express a sense of disconnection and confusion. The user seems to be experiencing a disconnect between their idealized view of life and the harsh realities they face.\",\n    \"result\": \"Depression\"\n}"
    },
    {
      "index": 94,
      "label": "SuicideWatch",
      "response": "{\n    \"thought\": \"The user's post indicates a chaotic and disjointed stream of thoughts, with multiple ideas and themes jumbled together. The use of unconventional capitalization and punctuation suggests a possible disregard for traditional grammar rules, which may be a coping mechanism. The content itself reveals a mix of introspective and observational elements, with the user mentioning their own thoughts, feelings, and interactions with others. The text also contains a significant amount of repetition, which could be a sign of the user's inner turmoil and struggle to organize their thoughts.\",\n    \"result\": \"Bipolar\"\n}"
    },
    {
      "index": 95,
      "label": "SuicideWatch",
      "response": "{\n    \"thought\": \"The user's posts reveal a complex web of emotions and thoughts that suggest they are experiencing significant psychological distress. They express feelings of helplessness, desperation, and frustration, indicating a possible depressive state. Additionally, the user's writing style and structure suggest a disorganized thinking process, which may be a sign of a mental health condition such as Bipolar Disorder. Furthermore, the user's self-referential comments, such as 'I am too extremely clearly to ddo oardy1 fWe So' and 'I depr5esiiiOU i Confdied recently Aout i mmy', imply a sense of hopelessness and despair.\",\n    \"result\": \"Bipolar\"\n}"
    },
    {
      "index": 96,
      "label": "SuicideWatch",
      "response": "{\n    \"thought\": \"The user's post contains fragmented and seemingly disconnected sentences, which may indicate a struggle with coherence in thought processes. The user expresses a desire to be understood and acknowledged, but also seems to be suggesting that they are not easily reachable or open to solutions. They mention being 'helpless' and 'hopeless,' which are red flags for potential mental health concerns. Furthermore, the use of abbreviations and unclear terms may suggest a difficulty in articulating thoughts.\",\n    \"result\": \"Anxiety\"\n}"
    },
    {
      "index": 97,
      "label": "SuicideWatch",
      "response": "{\n    \"thought\": \"The user's post indicates a turbulent and seemingly never-ending sequence of thoughts and feelings, with a mix of suicidal ideations, anxiety, and a sense of being overwhelmed. The user's use of 'don't know' and 'I guess' suggests a lack of clear direction and resolution. Furthermore, the post contains numerous typos and grammatical errors, which may indicate a lack of focus and coherence.\",\n    \"result\": \"Anxiety\"\n}"
    },
    {
      "index": 98,
      "label": "SuicideWatch",
      "response": "{\n    \"thought\": \"The user's post appears to be a jumbled expression of frustration and despair. The use of abbreviations and fragmented sentences may indicate a disorganized thought process. The user mentions a 'terrible possible way' and 'doesn't get better', which suggests they are experiencing emotional distress.\",\n    \"result\": \"Depression\"\n}"
    },
    {
      "index": 99,
      "label": "SuicideWatch",
      "response": "{\n    \"thought\": \"The user's post appears to be a stream-of-consciousness expression of their inner turmoil and conflicting emotions. They seem to be struggling with the desire for self-harm and the appeal of death, as well as an intense hatred for a person or group. The post also reveals a sense of hopelessness and a focus on the negative aspects of life.\",\n    \"result\": \"SuicideWatch\"\n}"
    }
  ]
}