{
  "SWMH_High": [
    {
      "index": 0,
      "label": "Anxiety",
      "response": "{\n    \"thought\": \"The user is expressing a sense of anxiety and uncertainty about their life, with mentions of feeling trapped, uncertain, and having difficulty coping with their emotions. They also express a desire for safety and familiarity, which is often a hallmark of anxiety disorders. Additionally, the user mentions feeling'sufMkered' and 'deper', which could be indicative of a depressive disorder.\",\n    \"result\": \"Anxiety\"\n}"
    },
    {
      "index": 1,
      "label": "Anxiety",
      "response": "{\n    \"thought\": \"The user's post suggests that they are experiencing severe anxiety, as they mention feeling 'bound 3onthsan for or so' and being 'careful' about their symptoms. They also mention feeling anxious and 'crahed,' which are common symptoms of anxiety disorders. Additionally, they describe experiencing panic attacks and feeling overwhelmed, which are also common symptoms of anxiety. Based on this analysis, the user appears to be experiencing anxiety.\",\n    \"result\": \"Anxiety\"\n}"
    },
    {
      "index": 2,
      "label": "Anxiety",
      "response": "{\n    \"thought\": \"The user seems to be experiencing anxiety based on the use of words such as 'anxiety', 'deal', and'surely'. Additionally, the user mentions 'over' and'ssue', which could indicate a struggle with anxiety. The user also uses repetitive language, which is a common trait of individuals with anxiety disorders. Furthermore, the user's tone seems to be one of worry and uncertainty, which are also indicative of anxiety.\",\n    \"result\": \"Anxiety\"\n}"
    },
    {
      "index": 3,
      "label": "Anxiety",
      "response": "{\n    \"thought\": \"The user's post indicates a struggle with alcoholism and depression. The user mentions being happy until drinking alcohol, and feeling depressed when not drinking. The post also mentions suicidal thoughts, as indicated by the phrase 'no called my by family y'. This suggests that the user may be experiencing anxiety and depression due to their substance abuse and suicidal thoughts.\",\n    \"result\": \"Anxiety\"\n}"
    },
    {
      "index": 4,
      "label": "Anxiety",
      "response": "<answer>\n{\n    \"thought\": \"The user's posts suggest symptoms of anxiety, such as feeling anxious and having trouble sleeping. They also mention feeling overwhelmed and having difficulty coping with daily life. Additionally, they mention being paranoid and feeling like they are being watched. These symptoms align with the characteristics of anxiety disorder.\",\n    \"result\": \"Anxiety\"\n}\n</answer>"
    },
    {
      "index": 5,
      "label": "Anxiety",
      "response": "{\n    \"thought\": \"Based on the posts, the user appears to be experiencing anxiety and depression. The posts contain statements such as 'I had so much anxiety' and 'I'm so depressed'. The user also mentions feeling 'weird' and 'constantly oqts'. These statements suggest that the user is experiencing negative emotions and may be struggling with mental health issues.\",\n    \"result\": \"Depression\"\n}"
    },
    {
      "index": 6,
      "label": "Anxiety",
      "response": "<answer>\n{\n    \"thought\": \"Based on the content of the user's posts, it seems that the user is experiencing insomnia and anxiety, which could be indicative of Depression.\",\n    \"result\": \"Depression\"\n}\n</answer>"
    },
    {
      "index": 7,
      "label": "Anxiety",
      "response": "{\n    \"thought\": \"The user's post seems to be expressing a sense of confusion and disorientation. The use of multiple languages and unclear syntax suggests a possible lack of focus or coherence in their thoughts. Additionally, the mention of birds singing could indicate a preoccupation with nature or a desire for peace and tranquility. These symptoms are consistent with a diagnosis of anxiety, as individuals with anxiety disorders often experience feelings of unease or fear that can manifest in various ways, including confusion and disorientation.\",\n    \"result\": \"Anxiety\"\n}"
    },
    {
      "index": 8,
      "label": "Anxiety",
      "response": "{\n    \"thought\": \"The user is experiencing anxiety due to the fear of rain and uncertainty about their job and future. They also mention feeling like nobody, which could be a sign of low self-esteem and depression.\",\n    \"result\": \"Anxiety\"\n}"
    },
    {
      "index": 9,
      "label": "Anxiety",
      "response": "{\n    \"thought\": \"The user's posts indicate anxiety due to the fear of failure and the pressure of meeting expectations. The user mentions being afraid to let down others and feeling anxious about their performance. They also express frustration with others not appreciating their efforts. These symptoms are indicative of anxiety disorder.\",\n    \"result\": \"Anxiety\"\n}"
    },
    {
      "index": 10,
      "label": "Anxiety",
      "response": "{\n    \"thought\": \"The user is experiencing anxiety and discomfort, as well as digestive problems. They also mention feeling disconnected from others and having difficulty finding friends. There are hints of depression and suicidal thoughts, as well as a general sense of hopelessness.\",\n    \"result\": \"Anxiety\"\n}"
    },
    {
      "index": 11,
      "label": "Anxiety",
      "response": "{\n    \"thought\": \"The user seems to be experiencing symptoms of anxiety and depression. They mention losing interest in things, feeling scared and having difficulty sleeping. They also mention feeling like they're losing control and having difficulty making decisions.\",\n    \"result\": \"Depression\"\n}"
    },
    {
      "index": 12,
      "label": "Anxiety",
      "response": "<answer>\n{\n    \"thought\": \"The user is expressing suicidal thoughts and feelings of anxiety and depression. They are also experiencing guilt and feelings of being a burden to others. The user is having difficulty managing their emotions and expressing themselves in a healthy way. They are struggling with feelings of hopelessness and despair.\",\n    \"result\": \"Depression\"\n}\n</answer>"
    },
    {
      "index": 13,
      "label": "Anxiety",
      "response": "{\n    \"thought\": \"The user's post indicates anxiety as they are concerned about their health and have fears of dying. They also mention feeling loved and not wanting to bother anyone. They talk about their daily life and the people around them.\",\n    \"result\": \"Anxiety\"\n}"
    },
    {
      "index": 14,
      "label": "Anxiety",
      "response": "<answer>\n{\n    \"thought\": \"The user's post suggests symptoms of depression, including feelings of hopelessness and loss of interest in activities. The use of the phrase 'I nowhere again don't v.think' indicates a lack of self-confidence and a negative self-image. The use of the phrase 'I nor again don't vthi.nk i can Iith iijvtk' suggests a feeling of powerlessness and inability to cope with life's challenges. The use of the phrase 'I none enjoy b.y playing ba' suggests a lack of enjoyment in life's simple pleasures. These symptoms are consistent with depression.\",\n    \"result\": \"Depression\"\n}\n</answer>"
    },
    {
      "index": 15,
      "label": "Anxiety",
      "response": "<answer>\n{\n    \"thought\": \"The user's post reveals symptoms of anxiety, such as being constantly worried and having difficulty sleeping. They also mention having difficulty concentrating and feeling overwhelmed by their responsibilities. These symptoms suggest that the user may be experiencing anxiety.\",\n    \"result\": \"Anxiety\",\n}\n</answer>"
    },
    {
      "index": 16,
      "label": "Anxiety",
      "response": "{\n    \"thought\": \"The user's post reveals a lot of self-doubt, anxiety, and despair. They also express suicidal thoughts and a lack of motivation to do anything. Their tone is quite bleak and hopeless. Based on this, I think the user is experiencing Depression.\",\n    \"result\": \"Depression\"\n}"
    },
    {
      "index": 17,
      "label": "Anxiety",
      "response": "<answer>\n{\n    \"thought\": \"The user's post contains signs of anxiety such as feeling overwhelmed, having difficulty making decisions, and taking medication to cope with their emotions. The user also mentions being overwhelmed and having trouble sleeping, which are common symptoms of anxiety. Additionally, the user's use of capital letters throughout the post may indicate that they are experiencing heightened emotions, which is also a common symptom of anxiety. Overall, the user's post suggests that they may be experiencing anxiety.\",\n    \"result\": \"Anxiety\"\n}\n</answer>"
    },
    {
      "index": 18,
      "label": "Anxiety",
      "response": "{\n    \"thought\": \"Based on the user's post, it appears that they are experiencing symptoms of anxiety. They mention feeling'slow' and 'anxietyy', which are common symptoms of anxiety. They also express a sense of unease and uncertainty, as evidenced by their use of phrases such as 'whAttt' and 'unexpectedly'. Overall, the post suggests that the user may be experiencing anxiety.\",\n    \"result\": \"Anxiety\"\n}"
    },
    {
      "index": 19,
      "label": "Anxiety",
      "response": "<answer>\n{\n    \"thought\": \"The user's post suggests symptoms of anxiety disorder, such as feeling overwhelmed and anxious about hidden causes of deeply rooted issues, fear of venting or expressing emotions, and a tendency to avoid confronting traumatic experiences. The user also mentions their experience of experiencing anxiety, which is a common symptom of anxiety disorder. Furthermore, the user's post contains a mention of 'gneticc,' which could be interpreted as a genetic predisposition to anxiety. Overall, the post's content aligns with the characteristics of anxiety disorder.\",\n    \"result\": \"Anxiety\",\n}\n</answer>"
    },
    {
      "index": 20,
      "label": "Bipolar",
      "response": "{\n    \"thought\": \"The user's posts indicate symptoms of anxiety and depression. They mention having to deal with failure and being in a state of reality. They also mention having to take medication for their mental health and seeking help. These symptoms suggest a possible diagnosis of depression or anxiety disorder.\",\n    \"result\": \"Anxiety\"\n}"
    },
    {
      "index": 21,
      "label": "Bipolar",
      "response": "{\n    \"thought\": \"The user is expressing feelings of anxiety and stress. They are also mentioning the possibility of sacrificing themselves, which could indicate suicidal tendencies. The mention of education and being a student could also be related to anxiety and stress caused by academic pressure. Overall, the user's tone and language suggest that they may be experiencing anxiety and potentially suicidal thoughts.\",\n    \"result\": \"SuicideWatch\"\n}"
    },
    {
      "index": 22,
      "label": "Bipolar",
      "response": "{\n    \"thought\": \"The user's post contains language indicative of depression, such as the use of the word 'depressive' and the mention of feeling like they are 'bipolar'. Additionally, the user expresses feelings of isolation and loneliness, which are common symptoms of depression. However, the user also mentions feeling 'off their chest', which could be indicative of anxiety. Overall, based on the content of the post, the user seems to be experiencing depression.\",\n    \"result\": \"Depression\"\n}"
    },
    {
      "index": 23,
      "label": "Bipolar",
      "response": "<answer>\n{\n    \"thought\": \"Based on the user's post, it appears that the user is experiencing symptoms of depression. The user mentions that their mother has been experiencing symptoms of depression and is struggling with suicidal thoughts. The user also mentions that their mother has been prescribed various medications, including Gabapentin, Mirtazapine, and Diazepam. Additionally, the user notes that their mother has had difficulty responding to questions and has had a few close calls with suicide. All of these symptoms are consistent with depression, which is characterized by persistent feelings of sadness, hopelessness, and loss of interest in activities. The user's post also suggests that their mother may be experiencing anxiety or panic attacks, as she is described as being 'nervous' and 'frightened' at times. However, the primary symptom that stands out in this post is depression, which is why I am choosing that as the result.\",\n    \"result\": \"Depression\"\n}\n</answer>"
    },
    {
      "index": 24,
      "label": "Bipolar",
      "response": "{\n    \"thought\": \"The user's posts contain frequent use of negative words such as 'never', 'xudd', 'ddziagnKoesd','recennybTen', 'pygrftjn', 'prsrcibedd', and'sdioMU4v', which suggests a negative outlook on life. Additionally, the user mentions playing by the river and cooking by dinner, which could indicate a desire to escape or distract oneself from negative emotions. These factors suggest a potential depressive disorder.\",\n    \"result\": \"Depression\"\n}"
    },
    {
      "index": 25,
      "label": "Bipolar",
      "response": "{\n    \"thought\": \"The user is experiencing anxiety and is seeking relief from it. They are also taking medication for anxiety but are not satisfied with the results. They mention having a meeting, which could be a source of anxiety for them. They also mention having a mental health disorder and are asking for advice on how to manage it. Based on the content of the posts, the user is likely experiencing anxiety.\",\n    \"result\": \"Anxiety\"\n}"
    },
    {
      "index": 26,
      "label": "Bipolar",
      "response": "{\n    \"thought\": \"The user seems to be experiencing anxiety and depression due to financial struggles and stress of college life. They also seem to have a sense of hopelessness and desperation, which can be a sign of bipolar disorder.\",\n    \"result\": \"Depression\"\n}"
    },
    {
      "index": 27,
      "label": "Bipolar",
      "response": "{\n    \"thought\": \"The user's post contains signs of anxiety and depression. They mention crying and feeling overwhelmed by their medications and the assistant's attitude towards them. They also express a general feeling of struggle and stress.\",\n    \"result\": \"Anxiety\"\n}"
    },
    {
      "index": 28,
      "label": "Bipolar",
      "response": "<answer>\n{\n    \"thought\": \"Based on the user's post, it appears that they are experiencing anxiety due to their inability to sleep and the constant worry about their mental health. They also mention feeling overwhelmed and constantly worrying about things. Additionally, they mention feeling grateful but also feeling anxious about the future. These symptoms align with anxiety disorder, where individuals experience excessive worry, fear, or anxiety that interferes with their daily lives.\",\n    \"result\": \"Anxiety\"\n}\n</answer>"
    },
    {
      "index": 29,
      "label": "Bipolar",
      "response": "{\n    \"thought\": \"The user's post is describing manic episodes, rapid mood swings, and a lack of stability. They also mention feeling like they are not alone in their experiences. These symptoms are indicative of Bipolar disorder.\",\n    \"result\": \"Bipolar\"\n}"
    },
    {
      "index": 30,
      "label": "Bipolar",
      "response": "{\n    \"thought\": \"The user seems to be experiencing anxiety as they mention stress and coping mechanisms. Additionally, they mention a lack of beauty in music, which may be indicative of a negative mindset.\",\n    \"result\": \"Anxiety\"\n}"
    },
    {
      "index": 31,
      "label": "Bipolar",
      "response": "{\n    \"thought\": \"The user's posts suggest feelings of anxiety and depression, as they mention experiencing a \"chronic\" illness and feeling \"scarcely\" able to use their phone. They also mention passing time by \"nothing\" and feeling like they're in a \"bubbly\" state.\",\n    \"result\": \"Anxiety\"\n}"
    },
    {
      "index": 32,
      "label": "Bipolar",
      "response": "{\n    \"thought\": \"The user's post contains expressions of anxiety, such as 'nd of My ocpg maic episod e al/learlYw htLatef Iolok around uqci nearly patterns had o tha o yeai n Yarsseoan &map; xdozti zmsxwcjcqn accurately notiec a aellpwfwkqa mi eof mainly frxa mood?' and'seoan &map; xdozti zmsxwcjcqn accurately notiec a aellpwfwkqa mi eof mainly frxa mood?' indicating a potential anxiety disorder. The user also expresses a lack of importance of friendships, which could be a symptom of anxiety disorder. Furthermore, the user's post mentions 'learning by seeing' which could be a coping mechanism for anxiety disorder. Therefore, the most appropriate result is Anxiety.\",\n    \"result\": \"Anxiety\"\n}"
    },
    {
      "index": 33,
      "label": "Bipolar",
      "response": "{\n    \"thought\": \"The user's post indicates a struggle with disability and the inability to function properly. They mention being unable to train and arrive at a destination. The tone of the post is negative and frustrated. These symptoms suggest that the user may be experiencing anxiety or depression.\",\n    \"result\": \"Anxiety\"\n}"
    },
    {
      "index": 34,
      "label": "Bipolar",
      "response": "{\n    \"thought\": \"The user is experiencing anxiety due to not being able to refill their medication and feeling drained from an infection. They are also experiencing suicidal thoughts as indicated by their message saying 'I had Ð°N to my refills'.\",\n    \"result\": \"Anxiety\"\n}"
    },
    {
      "index": 35,
      "label": "Bipolar",
      "response": "<answer>\n{\n    \"thought\": \"The user seems to be experiencing anxiety and depression. They mention having a 'cbcxgvyuy day' and feeling 'harddd', which could indicate feelings of sadness and hopelessness. They also express self-criticism and self-blame, which are common symptoms of depression. Additionally, they mention feeling trapped and needing someone to talk to, which could indicate feelings of isolation and loneliness that are common in anxiety disorders. The user also mentions feeling insecure and insecure, which could indicate feelings of low self-esteem that are common in anxiety disorders. Overall, the user's posts suggest that they may be experiencing anxiety and depression.\",\n    \"result\": \"Depression\"\n}\n</answer>"
    },
    {
      "index": 36,
      "label": "Bipolar",
      "response": "<answer>\n{\n    \"thought\": \"The user seems to be experiencing anxiety and depression, with feelings of being lost and overwhelmed. They also mention being diagnosed with bipolar disorder and struggling with medication. The user's language suggests a struggle with mental health and a desire for support.\",\n    \"result\": \"Depression\"\n}\n</answer>"
    },
    {
      "index": 37,
      "label": "Bipolar",
      "response": "<answer>\n{\n    \"thought\": \"The user seems to be experiencing symptoms of depression, such as a crash and feeling down. They also mention having a hard time functioning and enjoying life. Additionally, they mention having a mental health condition and taking medication, which could indicate a diagnosis of depression. However, it is important to note that this is not a formal diagnosis and a professional mental health assessment is needed for an accurate diagnosis.\",\n    \"result\": \"Depression\"\n}\n</answer>"
    },
    {
      "index": 38,
      "label": "Bipolar",
      "response": "{\n    \"thought\": \"The user's posts indicate feelings of anxiety and depression. They express feelings of being 'terrified' and 'hopeless' about their situation. Additionally, they mention feeling 'trapped' and 'isolated.' These symptoms align with the criteria for depression and anxiety disorders.\",\n    \"result\": \"Depression\"\n}"
    },
    {
      "index": 39,
      "label": "Bipolar",
      "response": "{\n    \"thought\": \"The user is experiencing anxiety and depression as they mention being lonely and having a disorder. They also mention being worried about their diagnosis and having trouble sleeping. The mention of not being able to change anyone also suggests a feeling of hopelessness.\",\n    \"result\": \"Depression\"\n}"
    },
    {
      "index": 40,
      "label": "Depression",
      "response": "{\n    \"thought\": \"The user's post contains a mix of positive and negative emotions, with phrases indicating mild depression and suicidal thoughts. The use of the word 'happiness' and the phrase 'living twice in life' suggest a bipolar disorder. The user's use of capital letters and the repetition of certain words also suggest a possible anxiety disorder. However, the overall tone of the post suggests a depressive disorder.\",\n    \"result\": \"Depression\"\n}"
    },
    {
      "index": 41,
      "label": "Depression",
      "response": "<answer>\n{\n    \"thought\": \"The user's posts indicate a history of depression, struggles with legal issues, and difficulties with family relationships. The user also mentions having a job and feeling good at times. The user's tone is often negative and they express a sense of being overwhelmed and isolated. The user also mentions feeling depressed and suicidal at times.\",\n    \"result\": \"Depression\"\n}\n</answer>"
    },
    {
      "index": 42,
      "label": "Depression",
      "response": "<answer>\n{\n    \"thought\": \"The user's post seems to indicate a struggle with depression, as they mention being sad and feeling pressure to volunteer and complete tasks. They also express a desire to talk about their feelings with friends, which can be a helpful coping mechanism for depression. Additionally, the user mentions feeling sicker, which could be related to physical symptoms of depression.\",\n    \"result\": \"Depression\"\n}\n</answer>"
    },
    {
      "index": 43,
      "label": "Depression",
      "response": "{\n    \"thought\": \"The user's posts are written in a very short and fragmented manner, with no clear sentences or ideas expressed. The user also uses non-standard language and symbols, such as 'ifff' and '@', which are not typical of normal speech or writing. These characteristics are indicative of a thought disorder, which is a common feature of bipolar disorder. Additionally, the user's posts seem to lack coherence or structure, which is also consistent with the disorganized thinking often seen in bipolar disorder.\",\n    \"result\": \"Bipolar\"\n}"
    },
    {
      "index": 44,
      "label": "Depression",
      "response": "{\n    \"thought\": \"The user's posts suggest feelings of anxiety and depression. They mention feeling 'hightened' emotions, 'acutelyyy' feeling depressed, and wanting to be 'hugged' and 'comforted'. They also mention a'second of away to want hugged, be comforted, held, specifically safe to olrwnw can let' which could indicate a sense of helplessness. The user also mentions 'terrib emotions' and feeling'smallll' which could indicate a lack of self-confidence or self-worth. These symptoms are consistent with depression and anxiety disorders. However, the user does not mention any suicidal thoughts or behavior which rules out SuicideWatch. The user also does not mention any mood swings or other symptoms that are typically associated with Bipolar disorder. Therefore, the mental disorder that best matches the user's posts is Depression.\",\n    \"result\": \"Depression\"\n}"
    },
    {
      "index": 45,
      "label": "Depression",
      "response": "{\n    \"thought\": \"The user seems to be experiencing anxiety and depression based on the content of the posts. They express feelings of anxiety, worry, and constant stress. Additionally, they mention therapy and the struggle to cope with their emotions, which suggests depression. The posts also indicate a sense of hopelessness and despair, which is a common symptom of depression.\",\n    \"result\": \"Depression\"\n}"
    },
    {
      "index": 46,
      "label": "Depression",
      "response": "<answer>\n{\n    \"thought\": \"The user's posts suggest a possible case of depression due to their negative and pessimistic thoughts about their life, such as not enjoying listening to others and feeling tired of doing things on their own. They also mention being unable to sleep well and feeling unhappy about their life. These symptoms are common in depression and may indicate that the user is experiencing a depressive episode.\",\n    \"result\": \"Depression\"\n}\n</answer>"
    },
    {
      "index": 47,
      "label": "Depression",
      "response": "<answer>\n{\n    \"thought\": \"Based on the content of the post, it appears that the user is experiencing anxiety and depression. They mention feeling overwhelmed and struggling with school, and there are several instances of self-deprecation and negative self-talk. Additionally, the user's writing style is fragmented and difficult to follow, which could indicate a lack of focus or difficulty with concentration, both common symptoms of anxiety.\",\n    \"result\": \"Anxiety\"\n}\n</answer>"
    },
    {
      "index": 48,
      "label": "Depression",
      "response": "{\n    \"thought\": \"Based on the content of the posts, the user is expressing a mix of emotions such as sadness, anxiety, and fear. They are also expressing difficulty in experiencing joy and pleasure. The user is mentioning their inability to feel things and their desire to experience life in a different way. They are also mentioning their hatred for certain foods and their inability to enjoy them. The user is expressing a desire to experience life in a different way and their struggle to do so. These symptoms align with the characteristics of depression. \",\n    \"result\": \"Depression\"\n}"
    },
    {
      "index": 49,
      "label": "Depression",
      "response": "{\n    \"thought\": \"The user seems to be experiencing anxiety due to their struggles with school and finances. They mention feeling overwhelmed and struggling to keep up with their studies. They also express feeling hopeless and like everything is too much to handle. Additionally, they mention having financial struggles and feeling like they may not be able to keep up with their bills.\",\n    \"result\": \"Anxiety\"\n}"
    },
    {
      "index": 50,
      "label": "Depression",
      "response": "{\n    \"thought\": \"The user's post seems to be a jumbled and incoherent mess of words and phrases, with little to no clear meaning or message. They also seem to be experiencing some sort of mental distress or anguish, as evidenced by the use of phrases like 'gradually JusTTT your rpoblems' and 'fee daaay bzy naturally because ju5T maaaadet t0 hEir hhheem in aBo'. The overall tone of the post is dark and foreboding, with a sense of hopelessness and despair. All of these factors point towards a possible mental disorder, such as depression or bipolar disorder.\",\n    \"result\": \"Depression\"\n}"
    },
    {
      "index": 51,
      "label": "Depression",
      "response": "{\n    \"thought\": \"The user's post is filled with confusion and anxiety about their life and relationships. They also express a feeling of being lost and unable to make decisions. Additionally, they mention a lack of motivation and a general feeling of despair. These symptoms suggest that the user may be experiencing depression.\",\n    \"result\": \"Depression\"\n}"
    },
    {
      "index": 52,
      "label": "Depression",
      "response": "<answer>\n{\n    \"thought\": \"The user's posts indicate a history of sexual harassment and accusations of rape, which could potentially lead to depression and anxiety. Additionally, the user mentions feeling stuck and depressed, which could be a result of the trauma experienced. The user also mentions a high level of anxiety, which could be a symptom of depression. The user also mentions community and nobody matters, which could be a symptom of depression as well.\",\n    \"result\": \"Depression\"\n}\n</answer>"
    },
    {
      "index": 53,
      "label": "Depression",
      "response": "{\n    \"thought\": \"The user's post shows signs of anxiety, such as worrying about meeting and feeling overwhelmed. They also mention being scared of something but don't specify what it is. Additionally, they mention feeling alone and needing help, which are common symptoms of anxiety.\",\n    \"result\": \"Anxiety\"\n}"
    },
    {
      "index": 54,
      "label": "Depression",
      "response": "{\n    \"thought\": \"The user expresses feelings of loneliness, sadness, and trauma. They also mention struggling with health problems and sleep. They may be experiencing depression.\",\n    \"result\": \"Depression\"\n}"
    },
    {
      "index": 55,
      "label": "Depression",
      "response": "{\n    \"thought\": \"The user mentions depression, divorce, and potential self-harm. They also express concern about supporting their partner and minimizing their own needs.\",\n    \"result\": \"Depression\"\n}"
    },
    {
      "index": 56,
      "label": "Depression",
      "response": "<answer>\n{\n    \"thought\": \"The user's post suggests a mix of negative emotions such as anxiety and depression. They mention feeling helpless and hopeless, as well as having difficulty sleeping. They also express a desire to achieve something, but are unsure of what that might be. Additionally, they seem to struggle with self-esteem and may be experiencing feelings of inadequacy. These symptoms align with depression and anxiety disorders.\",\n    \"result\": \"Depression\"\n}\n</answer>"
    },
    {
      "index": 57,
      "label": "Depression",
      "response": "<answer>\n{\n    \"thought\": \"The user is experiencing anxiety due to their grades and academic performance, but also mentions depression and suicidal thoughts. They also mention social anxiety and struggles with friendships.\",\n    \"result\": \"Anxiety\"\n}\n</answer>"
    },
    {
      "index": 58,
      "label": "Depression",
      "response": "{\n    \"thought\": \"The user seems to be experiencing anxiety and suicidal thoughts. They are feeling exhausted and stuck in a situation, and are expressing a desire to die. They also mention feeling lonely and wanting a friend.\",\n    \"result\": \"Anxiety\"\n}"
    },
    {
      "index": 59,
      "label": "Depression",
      "response": "<answer>\n{\n    \"thought\": \"The user is describing a sense of isolation and feeling overwhelmed by their responsibilities. They are also experiencing anxiety and feeling like they are burdening others. There are hints of depression and a general feeling of hopelessness.\",\n    \"result\": \"Anxiety\",\n}\n</answer>"
    },
    {
      "index": 60,
      "label": "Offmychest",
      "response": "{\n    \"thought\": \"The user's post indicates a feeling of depression and anxiety, as well as a sense of hopelessness and despair. There are also references to relationship issues and feelings of isolation. The user also mentions a desire for self-improvement and personal growth. These factors suggest that the user may be experiencing depression and anxiety disorders.\",\n    \"result\": \"Depression\"\n}"
    },
    {
      "index": 61,
      "label": "Offmychest",
      "response": "<answer>\n{\n    \"thought\": \"The user seems to be experiencing anxiety due to the uncertainty and stress of their relationship. They are worried about being cheated on and are struggling to trust others. They are also experiencing depression and a lack of self-confidence, as evidenced by their self-doubt and confusion about their partner's behavior. They are also dealing with bipolar tendencies as they experience sudden mood swings and extreme emotions. The user also seems to be struggling with suicidal thoughts, as indicated by the mention of being 'lost' and 'pregnant' without any context. The user's writing style is also indicative of depression, as they use fragmented sentences and struggle to express themselves clearly. The user's overall mental state seems to be a mix of anxiety, depression, bipolar disorder, and suicidal thoughts.\",\n    \"result\": \"Depression\"\n}\n</answer>"
    },
    {
      "index": 62,
      "label": "Offmychest",
      "response": "<answer>\n{\n    \"thought\": \"Based on the user's post, it appears that they are having difficulty in their relationship with their friend. They mention feeling alone and having difficulty trusting others. The user also expresses concern over their friend's behavior towards them, and the potential for negative outcomes. These factors suggest that the user may be experiencing anxiety.\",\n    \"result\": \"Anxiety\"\n}\n</answer>"
    },
    {
      "index": 63,
      "label": "Offmychest",
      "response": "{\n    \"thought\": \"The user seems to be struggling with alcohol and drug addiction, as well as having difficulty managing their finances. They also seem to have a history of relationship issues and may be struggling with depression.\",\n    \"result\": \"Depression\"\n}"
    },
    {
      "index": 64,
      "label": "Offmychest",
      "response": "{\n  \"thought\": \"The user's posts indicate a struggle with financial stress, anxiety about paying bills, and possible depression from the financial burden. The user also mentions a lack of support from friends and family. The user's writing style is disjointed and contains a lot of typos, which could be indicative of mental health issues.\",\n  \"result\": \"Depression\"\n}"
    },
    {
      "index": 65,
      "label": "Offmychest",
      "response": "{\n    \"thought\": \"The user's post is showing signs of anxiety disorder. The user seems to be worried about the government's work and education system. The user also talks about the importance of infrastructure and pay for the people. The user seems to be anxious about the future and the well-being of the people. The user also seems to be worried about the importance of friends.\",\n    \"result\": \"Anxiety\"\n}"
    },
    {
      "index": 66,
      "label": "Offmychest",
      "response": "{\n    \"thought\": \"Based on the content of the posts, the user seems to be expressing anxiety and concern about the safety and security of the community. They also seem to be expressing frustration with the current state of mental health care and the difficulty of accessing it. This suggests a potential diagnosis of Anxiety Disorder.\",\n    \"result\": \"Anxiety\"\n}"
    },
    {
      "index": 67,
      "label": "Offmychest",
      "response": "{\n    \"thought\": \"The user is experiencing anxiety and depression. They are feeling overwhelmed and stressed, which is causing them to have trouble sleeping. They also mention having cancer, which can contribute to feelings of anxiety and depression. They are worried about their family and feeling uncertain about their future.\",\n    \"result\": \"Depression\"\n}"
    },
    {
      "index": 68,
      "label": "Offmychest",
      "response": "{\n    \"thought\": \"The user's posts contain a lot of negative emotions and thoughts, such as sadness, anger, and frustration. They also mention being blamed and having a problem with their husband. The user's writing style is also chaotic and difficult to understand, which may indicate a lack of control over their thoughts and emotions. These factors together suggest that the user may be experiencing depression.\",\n    \"result\": \"Depression\"\n}"
    },
    {
      "index": 69,
      "label": "Offmychest",
      "response": "{\n    \"thought\": \"The user is expressing feelings of loneliness and isolation, indicating potential depression. They also mention wanting to be with someone, which could be a sign of anxiety or bipolar disorder. However, the overall tone of the post seems to be more focused on the user's current emotional state, suggesting depression as the most likely diagnosis.\",\n    \"result\": \"Depression\"\n}"
    },
    {
      "index": 70,
      "label": "Offmychest",
      "response": "<answer>\n{\n    \"thought\": \"Based on the content of the posts, it seems that the user is experiencing relationship issues and divorce. They also mention feeling trapped and hopeless. The language used suggests a sense of desperation and frustration. The user also mentions a desire to end their life.\",\n    \"result\": \"SuicideWatch\"\n}\n</answer>"
    },
    {
      "index": 71,
      "label": "Offmychest",
      "response": "{\n    \"thought\": \"The user appears to be experiencing anxiety and depression, as evidenced by their use of words such as'sad,' 'feeling like crap,' and 'wanting to die.' They also mention being'stressed out' and having 'panic attacks.' Additionally, they express a desire for help and support, which suggests they may be struggling with these issues.\",\n    \"result\": \"Anxiety\"\n}"
    },
    {
      "index": 72,
      "label": "Offmychest",
      "response": "{\n    \"thought\": \"The user seems to be experiencing feelings of anxiety and stress, as indicated by phrases such as 'eventual.ly to tired sudden jcommitr' and 'never is...'. Additionally, the user may be struggling with depression, as suggested by the use of phrases such as 'yeabr never A Poday'.\",\n    \"result\": \"Depression\"\n}"
    },
    {
      "index": 73,
      "label": "Offmychest",
      "response": "{\n    \"thought\": \"The user's post is describing their struggles with anxiety and feeling overwhelmed by their daily tasks. They mention feeling like they are not in control and are struggling to manage their emotions. The mention of cutting themselves and thoughts of knives suggest a potential underlying anxiety disorder. The user also mentions having a loving and supportive family, but struggles to maintain their own mental health. Overall, the post suggests a high level of anxiety and potential for self-harm.\",\n    \"result\": \"Anxiety\"\n}"
    },
    {
      "index": 74,
      "label": "Offmychest",
      "response": "{\n    \"thought\": \"Based on the posts, the user may be experiencing anxiety, depression, and possibly bipolar disorder. The user mentions feeling overwhelmed and having difficulty focusing on themselves. They also talk about being worried about their relationships and feeling like they are constantly in a state of stress. The user may also be experiencing some suicidal thoughts and feelings of hopelessness. Additionally, there are some indications of possible bipolar disorder, such as the user's tendency to overthink and worry excessively, as well as their difficulty with focus and concentration. The user's posts also suggest a tendency towards obsessive behavior and a preoccupation with their relationships.\",\n    \"result\": \"Anxiety, Depression, Bipolar\"\n}"
    },
    {
      "index": 75,
      "label": "Offmychest",
      "response": "<answer>\n{\n    \"thought\": \"The user's post contains a lot of confusion and anxiety about their personal life, including being stuck at an appointment and feeling like someone was sneaking in without an alarm going off. They also mention a thief stealing things and being chased, which could indicate some paranoia or delusions. The user also expresses a lack of control and feeling overwhelmed by their emotions, which could be signs of depression or anxiety. The post also mentions the user's heart beating quickly and feeling out of breath, which could be related to panic attacks or anxiety. Finally, the user expresses a sense of hopelessness and despair, which could be indicative of depression or suicidal thoughts.\",\n    \"result\": \"Anxiety\"\n}\n</answer>"
    },
    {
      "index": 76,
      "label": "Offmychest",
      "response": "<answer>\n{\n    \"thought\": \"The user has mentioned feeling anxious and nervous, but also feeling happy and content in their relationship. They have also mentioned feeling depressed and suicidal at times. They have mentioned having autism and depression. They have mentioned feeling overwhelmed by their own thoughts and emotions. They have mentioned feeling like they are not like everyone else and that they are struggling to fit in. They have also mentioned feeling like they are constantly comparing themselves to others and feeling inadequate. They have mentioned feeling like they are constantly worrying about things and feeling like they are not in control of their own life. Based on these factors, I believe that the user is experiencing depression and anxiety.\",\n    \"result\": \"Depression\"\n}\n</answer>"
    },
    {
      "index": 77,
      "label": "Offmychest",
      "response": "{\n    \"thought\": \"The user is experiencing feelings of depression and hopelessness, and is having difficulty finding work. They also express a sense of being stuck and unable to move forward. There is a mention of the user's parents kicking them out and struggling to make ends meet. The user also expresses a desire to apply for help online. These symptoms align with depression, as the user is experiencing feelings of hopelessness and a lack of motivation. They also express a sense of being stuck and unable to move forward, which is a common symptom of depression. Additionally, the user mentions struggling to make ends meet and feeling stuck in their current situation, which are also common symptoms of depression.\",\n    \"result\": \"Depression\"\n}"
    },
    {
      "index": 78,
      "label": "Offmychest",
      "response": "{\n    \"thought\": \"The user seems to be experiencing anxiety as they are constantly worrying about the importance of people and comparing themselves to others. They also mention feeling unhelpful by a number of people, which could indicate a fear of rejection or social anxiety.\",\n    \"result\": \"Anxiety\"\n}"
    },
    {
      "index": 79,
      "label": "Offmychest",
      "response": "{\n    \"thought\": \"Based on the post, the user is expressing a sense of confusion and disorientation. They are also experiencing a sense of loss and despair. The post is not entirely clear, but the user seems to be struggling with some form of emotional distress. Given the fragmented nature of the post, it may be indicative of a mental disorder such as bipolar disorder, which can cause individuals to experience rapid mood swings and a lack of coherence in their thoughts.\",\n    \"result\": \"Bipolar\"\n}"
    },
    {
      "index": 80,
      "label": "SuicideWatch",
      "response": "{\n    \"thought\": \"The user's posts contain mentions of rough times at work, feelings of being amazing and occasionally diving into thoughts of death. These symptoms are indicative of depression.\",\n    \"result\": \"Depression\"\n}"
    },
    {
      "index": 81,
      "label": "SuicideWatch",
      "response": "{\n    \"thought\": \"The user seems to be experiencing anxiety and depression based on the content of the posts. The language used is expressive and emotional with a lot of self-blame and self-doubt. The user also talks about changing their life for the better and feeling hopeless at times. This suggests that the user may be experiencing a mix of anxiety and depression.\",\n    \"result\": \"Depression\"\n}"
    },
    {
      "index": 82,
      "label": "SuicideWatch",
      "response": "<answer>\n{\n    \"thought\": \"The user's posts suggest feelings of anxiety and depression, with mentions of being diagnosed with a disease and feeling hopeless. Additionally, the user expresses concern about the future and the possibility of death.\",\n    \"result\": \"Depression\"\n}\n</answer>"
    },
    {
      "index": 83,
      "label": "SuicideWatch",
      "response": "{\n    \"thought\": \"Based on the content of the posts, the user appears to be experiencing a breakdown of their emotional state due to a difficult situation in their life. They mention feeling helpless and experiencing a breakdown of their emotional state. They also talk about feeling suicidal and having a difficult time coping with their emotions. This suggests that the user may be experiencing depression and possibly suicidal thoughts. However, it is important to note that only a professional can accurately diagnose and treat mental health conditions.\",\n    \"result\": \"Depression\"\n}"
    },
    {
      "index": 84,
      "label": "SuicideWatch",
      "response": "{\n    \"thought\": \"The user seems to be struggling with feelings of despair and hopelessness, as well as a lack of motivation and purpose in life. They also mention having trouble sleeping and experiencing frequent mood swings. These symptoms align with those of depression, a mental disorder characterized by persistent feelings of sadness, hopelessness, and loss of interest in activities.\",\n    \"result\": \"Depression\"\n}"
    },
    {
      "index": 85,
      "label": "SuicideWatch",
      "response": "{\n    \"thought\": \"The user's posts seem to be incoherent and contain a lot of grammatical errors. The user also mentions death and suicide which could be a sign of depression. However, the user also talks about a friend and a sort of treatment which could be a sign of anxiety. Overall, the user's posts are quite ambiguous and it is hard to determine the mental disorder with certainty.\",\n    \"result\": \"Depression\"\n}"
    },
    {
      "index": 86,
      "label": "SuicideWatch",
      "response": "{\n    \"thought\": \"The user's posts seem to indicate a history of suicidal thoughts and behaviors, as well as feelings of depression and hopelessness. They also mention being helped by others in the past, which suggests that they have had previous experiences with mental health issues. Overall, the tone of the posts is one of despair and desperation.\",\n    \"result\": \"SuicideWatch\"\n}"
    },
    {
      "index": 87,
      "label": "SuicideWatch",
      "response": "<answer>\n{\n    \"thought\": \"Based on the user's post, it seems that the user is experiencing suicidal thoughts and has a history of depression. The user also mentions their son's death, which may be a contributing factor to their current mental state. The user also expresses difficulty in sleeping, which can be a common symptom of depression. Overall, the user's post suggests a high risk of depression and suicidal ideation.\",\n    \"result\": \"Depression\",\n}\n</answer>"
    },
    {
      "index": 88,
      "label": "SuicideWatch",
      "response": "{\n    \"thought\": \"The user seems to be experiencing anxiety based on the content of their post. They mention feeling anxious and unable to carry on with their daily activities. They also express a sense of helplessness and a desire to seek help from others. These symptoms are consistent with anxiety disorder.\",\n    \"result\": \"Anxiety\"\n}"
    },
    {
      "index": 89,
      "label": "SuicideWatch",
      "response": "{\n    \"thought\": \"The user's post indicates signs of depression, anxiety, and suicidal thoughts. The user mentions feeling sick and tired, wanting to kill themselves, and feeling ignored by their family. The user also talks about being sexually abused by a family member and having a therapist. These signs and symptoms are indicative of depression and anxiety disorders. Additionally, the user's suicidal thoughts suggest a potential need for suicide watch. However, the user's post is not clear enough to diagnose any mental disorder accurately. Therefore, the mental disorder that best matches the user's post is Offmychest.\",\n    \"result\": \"Offmychest\"\n}"
    },
    {
      "index": 90,
      "label": "SuicideWatch",
      "response": "{\n    \"thought\": \"This user's post seems to be about financial problems and difficulties with money, which can lead to anxiety and depression. They also mention smoking and drinking, which are common coping mechanisms for mental health issues. The post is written in a somewhat disjointed and chaotic manner, which could indicate a lack of mental clarity or a tendency towards impulsivity, both of which are common in bipolar disorder. However, the post is not overtly manic or depressive, and there is no mention of mood swings or other bipolar symptoms. Therefore, I am choosing Anxiety as the most likely mental disorder.\",\n    \"result\": \"Anxiety\"\n}"
    },
    {
      "index": 91,
      "label": "SuicideWatch",
      "response": "{\n    \"thought\": \"Based on the post content, the user is expressing a lot of emotional turmoil and confusion, with mentions of anxiety and self-doubt. There are also mentions of suicidal thoughts and feelings of hopelessness. Overall, the user appears to be experiencing a significant amount of distress and may be at risk for depression.\",\n    \"result\": \"Depression\"\n}"
    },
    {
      "index": 92,
      "label": "SuicideWatch",
      "response": "{\n    \"thought\": \"The user is expressing feelings of anxiety and depression. They mention feeling overwhelmed and unable to handle their problems. They also express feelings of hopelessness and a desire to avoid their problems. The user's writing is disjointed and difficult to follow, indicating possible cognitive impairment. The user also expresses suicidal thoughts, indicating a potential risk of harm to themselves.\",\n    \"result\": \"Anxiety\"\n}"
    },
    {
      "index": 93,
      "label": "SuicideWatch",
      "response": "{\n    \"thought\": \"The user seems to be experiencing some kind of anxiety or stress, as evidenced by the mention of finding something 'feaqk' and having to 'expcet everywhere'. The mention of 'joy' and 'goals' suggests a positive outlook, but the overall tone is somewhat uncertain and anxious. The mention of'straw' and'shhhi' also suggests some kind of negative emotion or stress.\",\n    \"result\": \"Anxiety\"\n}"
    },
    {
      "index": 94,
      "label": "SuicideWatch",
      "response": "<answer>\n{\n    \"thought\": \"The user's posts are filled with confusion, frustration, and a lack of direction. They seem to be struggling with their identity and sense of self-worth. There are also hints of suicidal ideation and a desire to escape their current situation. These symptoms are indicative of bipolar disorder, which is characterized by mood swings, emotional instability, and a distorted sense of reality.\",\n    \"result\": \"Bipolar\"\n}\n</answer>"
    },
    {
      "index": 95,
      "label": "SuicideWatch",
      "response": "{\n    \"thought\": \"This user's posts indicate a lot of negative feelings and suicidal thoughts, as well as issues with relationships and self-esteem. They also seem to have problems with anxiety and depression. The posts suggest a possible case of depression and anxiety disorders.\",\n    \"result\": \"Depression\"\n}"
    },
    {
      "index": 96,
      "label": "SuicideWatch",
      "response": "<answer>\n{\n    \"thought\": \"The user is expressing feelings of helplessness and hopelessness, which are common symptoms of depression. They also mention wanting to kill themselves, which is a serious symptom of depression. Additionally, the user is expressing difficulty in finding answers and solutions, which is another common symptom of depression. Overall, the user's posts suggest that they are experiencing depression.\",\n    \"result\": \"Depression\"\n}\n</answer>"
    },
    {
      "index": 97,
      "label": "SuicideWatch",
      "response": "{\n    \"thought\": \"The user's posts seem to indicate feelings of anxiety and self-doubt. They mention feeling overwhelmed and unsure of how to handle situations. They also express fear and concern about potential harm to themselves or others. These emotions are all characteristic of anxiety disorders. Additionally, the user mentions suicidal thoughts and behaviors, which is a serious symptom of anxiety disorders. Overall, the user's posts suggest a high level of anxiety and self-doubt, which is indicative of anxiety disorders.\",\n    \"result\": \"Anxiety\"\n}"
    },
    {
      "index": 98,
      "label": "SuicideWatch",
      "response": "{\n    \"thought\": \"The user's post contains a lot of disjointed and illogical sentences, which could indicate a thought disorder. Additionally, the user seems to be experiencing a lot of negative emotions and is worried about the future. This could indicate a mental disorder such as depression or anxiety.\",\n    \"result\": \"Offmychest\"\n}"
    },
    {
      "index": 99,
      "label": "SuicideWatch",
      "response": "{\n    \"thought\": \"The user's post shows signs of anxiety and depression. They mention being hurt and having a difficult life, but also express a desire to see their future self. They also mention not being able to enjoy things like pizza, which can be a sign of depression. Based on these indicators, the user appears to be experiencing anxiety and depression.\",\n    \"result\": \"Depression\"\n}"
    }
  ]
}