{
  "SWMH_Low": [
    {
      "index": 0,
      "label": "Anxiety",
      "response": "<answer>\n{\n    \"thought\": \"The individual describes experiencing anxiety and dissociation, as well as feeling a sense of unease and fear surrounding sunsets. They also mention having suffered from anxiety and depersonalization for an extended period of time. Based on these symptoms and experiences, the assigned label would be Anxiety.\"\n\n\"result\": \"Anxiety\"\n\n</answer>"
    },
    {
      "index": 1,
      "label": "Anxiety",
      "response": "Based on the provided posts, the assigned label is \"Anxiety\".\n\nReasoning:\nThe posts mention experiencing severe stress and anxiety, as well as the impact it has had on the individual's physical health and ability to function. The individual also expresses challenging anxious thoughts and the realization of how much anxiety they have been experiencing. These symptoms and experiences align with anxiety disorder, indicating that the assigned label is appropriate in this case."
    },
    {
      "index": 2,
      "label": "Anxiety",
      "response": "<answer>\n{\n\"thought\": \"The reasoning process of the mental disorder analysis\",\n\"result\": \"Anxiety\"\n}\n</answer>\n\nReasoning:\n\nThe reasoning process for the assigned label of Anxiety is based on the content of the posts. The user mentions feeling anxious and unable to control their anxiety, particularly related to the Net Neutrality deal. They also express difficulty in finding advice for dealing with anxiety over these kind of issues. This indicates a clear presence of anxiety, as the individual is experiencing heightened levels of anxiety and struggling to manage it effectively."
    },
    {
      "index": 3,
      "label": "Anxiety",
      "response": "Based on the provided posts, the assigned label would be \"Depression\".\n\nReasoning: The posts mention feeling happy after drinking alcohol, but also mention feeling depressant and having to write to themselves multiple times. This suggests a pattern of using alcohol as a coping mechanism for negative emotions and potentially experiencing symptoms of depression. The mention of feeling small moments and the time already being late in the evening also indicate a potential lack of motivation or low mood, which are common symptoms of depression."
    },
    {
      "index": 4,
      "label": "Anxiety",
      "response": "<answer>\n{\n\"thought\": \"The user's posts mention extreme disorganization, anxiety, and a desire to not be disorganized because it makes them more anxious. This suggests that the user may be experiencing anxiety related to their disorganization and the impact it has on their mental state. The mention of wanting to change but feeling trapped in the disorganization indicates a potential struggle with anxiety and a desire for control over their environment.\",\n\"result\": \"Anxiety\"\n}\n</answer>"
    },
    {
      "index": 5,
      "label": "Anxiety",
      "response": "Based on the content of the posts, the assigned label would be Anxiety.\n\nReasoning: The posts mention having anxiety that was previously under control but is now resurfacing. The individual expresses frustration and confusion about this change and mentions seeking help from a doctor. This indicates that the person is experiencing anxiety and is actively addressing it."
    },
    {
      "index": 6,
      "label": "Anxiety",
      "response": "<answer>\n{\n\"thought\": \"The individual describes experiencing anxiety and difficulty sleeping, as well as stress and racing thoughts. They also mention losing their job and turning 30, which may contribute to their anxiety. Based on these factors, the most likely mental disorder is Anxiety.\",\n\"result\": \"Anxiety\"\n}\n</answer>"
    },
    {
      "index": 7,
      "label": "Anxiety",
      "response": "Based on the given posts, the assigned label would be \"Anxiety\". The reasoning process behind this label is that the posts mention experiencing chest pains, which can be a physical symptom associated with anxiety. The mention of feeling like \"nothing\" and trying to be \"st..\" suggests a sense of low self-worth and possibly social anxiety. The use of the phrase \"through nobody\" and the mention of a \"no .door\" could indicate feelings of isolation and a fear of being judged or rejected by others, which are common in anxiety disorders. Overall, the content of the posts suggests that the individual may be struggling with anxiety."
    },
    {
      "index": 8,
      "label": "Anxiety",
      "response": "Based on the given posts, the assigned label is \"Anxiety\".\n\nReasoning:\n\nThe posts contain mentions of fear and anxiety, such as \"Fear Nothirng to feared\" and \"Life no fu.ll of su..\". These statements suggest that the individual is experiencing anxiety and fear, which are common symptoms associated with anxiety disorders. There is no mention of other potential mental disorders such as suicide, bipolar disorder, depression, or offmychest. Therefore, the assigned label is Anxiety."
    },
    {
      "index": 9,
      "label": "Anxiety",
      "response": "{\n\"thought\": \"The individual expresses anxiety and fear of disappointing others due to their past success. They mention being complimented and feeling anxious about not being able to meet the expectations of others, specifically their professor. This suggests that the individual may be experiencing anxiety related to performance and meeting expectations.\",\n\"result\": \"Anxiety\"\n}"
    },
    {
      "index": 10,
      "label": "Anxiety",
      "response": "Based on the content of the posts, the assigned label is Anxiety.\n\nReasoning: The posts describe symptoms and experiences commonly associated with anxiety, such as feeling disconnected, hyper-sensitivity, and panic. The individual also mentions seeking medical attention and having negative test results, which may contribute to their anxiety. The mention of having a panic attack and fearing something is wrong with them further supports the diagnosis of anxiety."
    },
    {
      "index": 11,
      "label": "Anxiety",
      "response": "Based on the given posts, the assigned label would be Depression. Reasoning:\n\nThe posts express feelings of insecurity, fear of losing the girlfriend, and a sense of desperation. The individual mentions that their girlfriend is all they have and they can't imagine losing her. This suggests a strong emotional attachment and potential feelings of abandonment, which are commonly associated with depression. The individual also mentions that their girlfriend is talking to other guys and they can't understand why she's not talking to them, which could indicate low self-esteem and a negative perception of oneself. Overall, the content of the posts reflects symptoms and experiences commonly associated with depression."
    },
    {
      "index": 12,
      "label": "Anxiety",
      "response": "Based on the content of the posts, the assigned label is Anxiety.\n\nReasoning:\n\nThe posts describe feelings of anxiety and fear related to the individual's partner leaving them alone. They express a fear of being alone and experiencing suicidal thoughts and urges. The individual also mentions having generalized anxiety disorder (GAD) for a while and seeking help from a relationship counselor. These symptoms and experiences align with anxiety, specifically related to separation and fear of being alone."
    },
    {
      "index": 13,
      "label": "Anxiety",
      "response": "Based on the content of the posts, the assigned label would be Anxiety. Reasoning:\n\nThe posts mention undergoing an emotional ERP (Exposure Response Prevention) session for OCD (Obsessive-Compulsive Disorder). This suggests that the individual is dealing with anxiety related to their obsessive thoughts and compulsions. They express fear and worry about their relationship potentially ending due to their perceived health concerns, specifically related to herpes. They also mention feeling alone and afraid of dying. These symptoms align with anxiety, specifically related to OCD and health-related concerns."
    },
    {
      "index": 14,
      "label": "Anxiety",
      "response": "<answer>\n{\n    \"thought\": \"The post appears to be written in a way that is difficult to understand or decipher. The content seems to be nonsensical and lacks coherence, which could indicate a cognitive impairment or difficulty in expressing thoughts. Additionally, the use of repetitive phrases and disjointed sentences suggests a possible cognitive disturbance. Therefore, the assigned label would be Offmychest, as it is unclear what specific mental disorder is being experienced.\"\n}\n</answer>"
    },
    {
      "index": 15,
      "label": "Anxiety",
      "response": "Based on the content of the posts, the assigned label would be \"Depression.\"\n\nReasoning: The posts mention feeling upset, down, and experiencing a sense of being overwhelmed. The individual also expresses frustration over a minor issue with a home package, suggesting a heightened emotional response. These symptoms are commonly associated with depression, such as low mood, irritability, and difficulty regulating emotions."
    },
    {
      "index": 16,
      "label": "Anxiety",
      "response": "Based on the content of the posts, the assigned label would be Anxiety. Reasoning: The posts include descriptions of feeling anxious, experiencing electricity in the body, and having racing thoughts. The individual mentions circling the bubble on \"do you would think you be better dead?\" and expresses thoughts of wanting to be better and having obstacles that feel insurmountable. They also mention seeing a therapist for 15+ years and crying. These symptoms and experiences align with anxiety, as they involve excessive worry, fear, and physical symptoms commonly associated with anxiety disorders."
    },
    {
      "index": 17,
      "label": "Anxiety",
      "response": "<answer>\n{\n    \"thought\": \"The post mentions experiencing symptoms of depression, such as feeling down and having thoughts of taking medication. The mention of being down a fever could also indicate a physical manifestation of their mental state. These symptoms align with depression as the potential mental disorder\",\n    \"result\": \"Depression\"\n}\n</answer>"
    },
    {
      "index": 18,
      "label": "Anxiety",
      "response": "<answer>\n{\n\"thought\": \"The individual is seeking suggestions for natural supplements to help with their moderate work anxiety. This suggests that they are actively looking for ways to manage their anxiety, indicating a potential diagnosis of anxiety disorder.\"\n\"result\": \"Anxiety\"\n}\n</answer>"
    },
    {
      "index": 19,
      "label": "Anxiety",
      "response": "Based on the content of the posts, the assigned label would be Anxiety. Reasoning: The posts discuss anxiety as the main topic, mentioning the hidden causes of anxiety and the potential triggers such as past failures or trauma. The individual also expresses curiosity about the causes of anxiety in others and mentions their belief in therapy. This indicates a strong focus on anxiety and its underlying factors, leading to the assigned label of Anxiety."
    },
    {
      "index": 20,
      "label": "Bipolar",
      "response": "Based on the given posts, the assigned label for the potential mental disorder is: Bipolar.\n\nReasoning: The post mentions a history of major depression and manic episodes since the individual's teens, as well as being on medication (lamictal) for bipolar disorder. The individual also expresses feelings of being a failure and seeking help for their mental illness. These symptoms and experiences align with the symptoms commonly associated with bipolar disorder, such as mood swings, low self-esteem, and seeking professional help for mental health concerns."
    },
    {
      "index": 21,
      "label": "Bipolar",
      "response": "Based on the content of the posts, the assigned label would be Anxiety.\n\nReasoning: The posts indicate a high level of stress and anxiety, with the individual expressing feelings of being overwhelmed and on the verge of a breakdown. They mention coordinating meals, feeling stressed about their sister's upcoming visit, and their husband's inability to handle certain situations. These experiences and emotions align with symptoms commonly associated with anxiety disorders."
    },
    {
      "index": 22,
      "label": "Bipolar",
      "response": "<answer>\n{\n\"thought\": \"The post mentions the lack of prescribed mood stabilizers and the potential ineffectiveness of Cymbalta in preventing bipolar episodes. It also expresses frustration with Zyprexa and its side effects. This suggests that the individual is dealing with bipolar disorder and may be experiencing difficulties with medication management and side effects.\",\n\"result\": \"Bipolar\"\n}\n</answer>"
    },
    {
      "index": 23,
      "label": "Bipolar",
      "response": "Based on the provided posts, the assigned label would be Bipolar. Reasoning: The posts mention the individual's mother being diagnosed with bipolar disorder and undergoing treatment with medications such as Seroquel and Paxil. The posts also describe the mother's experiences with manic episodes and the negative impact of medications on her behavior and well-being. These details suggest that the individual's mother is struggling with bipolar disorder, which is the assigned label."
    },
    {
      "index": 24,
      "label": "Bipolar",
      "response": "Based on the provided posts, the assigned label would be \"Bipolar\".\n\nReasoning:\n\nThe first post mentions being recently diagnosed with bipolar disorder and being prescribed medication for it. This indicates that the individual is dealing with bipolar disorder. The subsequent posts also mention being diagnosed with bipolar disorder and taking medication, further confirming the assigned label of Bipolar."
    },
    {
      "index": 25,
      "label": "Bipolar",
      "response": "<answer>\n{\n\"thought\": \"The post mentions having bipolar disorder and experiencing rapid cycling and OCDBuspar for anxiety relief. The individual also mentions trying different medications, such as SSRI's and Gabapentin, for their anxiety. They express a desire for pharmacological relief for OCD and mention undergoing therapy. This suggests that the individual is struggling with anxiety and potentially bipolar disorder, as they mention both in their post and express a need for medication and therapy.\",\n\"result\": \"Anxiety\"\n}\n</answer>"
    },
    {
      "index": 26,
      "label": "Bipolar",
      "response": "Based on the content of the posts, the assigned label would be \"Bipolar\".\n\nReasoning:\n\nThe posts mention having bipolar disorder and describe impulsive behavior, such as buying expensive items on impulse and getting tattoos. The individual also mentions experiencing manic episodes and being aware of their bipolar disorder since starting college in 2015. This suggests that the person is struggling with bipolar disorder and experiencing difficulties related to impulsivity and managing their finances."
    },
    {
      "index": 27,
      "label": "Bipolar",
      "response": "<answer>\n{\n\"thought\": \"The individual describes experiencing difficulties with obtaining their medication, including encounters with a pharmacist assistant and confrontation at the pharmacy. These experiences seem to have caused significant distress and emotional reactions, such as crying. The mention of bipolar disorder suggests that the individual may have a history or ongoing struggles with the condition, potentially contributing to their emotional state and the challenges they faced in obtaining their medication.\",\n\"result\": \"Bipolar\"\n}\n</answer>\n\nReasoning: The post mentions specific experiences related to obtaining medication, including interactions with a pharmacist assistant and confrontation at the pharmacy. These experiences are described as causing significant distress and emotional reactions, such as crying. The individual also mentions having bipolar disorder, which suggests that they may have a history or ongoing struggles with the condition. These factors indicate that the individual may be experiencing symptoms of bipolar disorder, leading to the assigned label of \"Bipolar\"."
    },
    {
      "index": 28,
      "label": "Bipolar",
      "response": "<answer>\n{\n    \"thought\": \"The individual describes experiencing episodes of dissociation, violent outbursts, and involuntary actions during these episodes. They also express fear and concern about losing their mind and potentially causing harm while driving. These symptoms align with symptoms commonly associated with anxiety, such as dissociation and intrusive thoughts. The individual's fear and worry about their symptoms and potential consequences also suggest anxiety as the most likely mental disorder in this case.\",\n    \"result\": \"Anxiety\"\n}\n</answer>"
    },
    {
      "index": 29,
      "label": "Bipolar",
      "response": "Based on the provided posts, the assigned label would be \"Bipolar\". Reasoning:\n\nThe post mentions experiencing hypomanic episodes, which are associated with bipolar disorder. The individual describes symptoms such as flashbacks, anger, and self-destructive behavior. They also express feelings of shame and a desire to be understood by others who have gone through similar experiences. These symptoms and experiences align with the diagnosis of bipolar disorder."
    },
    {
      "index": 30,
      "label": "Bipolar",
      "response": "Based on the given posts, the assigned label would be \"Anxiety\".\n\nReasoning: The posts express feelings of stress and coping with the holidays, suggesting that the individual may be experiencing anxiety. The use of phrases like \"do none they cause stress?\" and \"how cope ever.yone the with holidays? you Affect oou..\" indicate a heightened level of worry and concern about the impact of the holidays on their well-being. Additionally, the mention of the \"never-ending world\" suggests a feeling of overwhelm or being overwhelmed by the world, which aligns with symptoms of anxiety."
    },
    {
      "index": 31,
      "label": "Bipolar",
      "response": "Based on the content of the posts, the assigned label would be \"Bipolar\".\n\nReasoning: The posts mention experiencing episodes of psychosis and mania, as well as synchronicities and meaningful coincidences. These symptoms and experiences align with the symptoms commonly associated with bipolar disorder, such as episodes of mania or hypomania."
    },
    {
      "index": 32,
      "label": "Bipolar",
      "response": "Based on the content of the posts, the assigned label is Bipolar. Reasoning:\n\nThe posts mention experiencing changes in mood related to the time of year, which could be indicative of seasonal affective disorder. However, the mention of manic episodes specifically occurring in the late winter fall/early spring suggests a pattern consistent with bipolar disorder. The individual also mentions talking to people who experience manic episodes in the fall, further indicating a potential diagnosis of bipolar disorder."
    },
    {
      "index": 33,
      "label": "Bipolar",
      "response": "<answer>\n{\n\"thought\": \"The individual expresses feelings of uncertainty and worry about losing their job and the potential impact it will have on their disability benefits. They also mention their psychiatrist recommending a certain action. These thoughts and concerns suggest a high level of anxiety and potential anxiety-related disorder, such as generalized anxiety disorder or social anxiety disorder.\",\n\"result\": \"Anxiety\"\n}\n</answer>\n\nReasoning: The post includes multiple mentions of anxiety and worry about losing their job and the potential impact it will have on their disability benefits. The individual also mentions their psychiatrist recommending a certain action, indicating a pre-existing mental health condition. The symptoms and concerns described align with anxiety-related disorders, such as generalized anxiety disorder or social anxiety disorder."
    },
    {
      "index": 34,
      "label": "Bipolar",
      "response": "<answer>\n{\n\"thought\": \"The individual is expressing frustration and concern about not being able to access their medication. They mention seeing multiple doctors and having a doctor who prescribed bipolar medication. This suggests that the individual may be dealing with bipolar disorder and is experiencing difficulties in obtaining their medication. The mention of being on the wrong medication and having to schedule an appointment to get refills also indicates potential challenges in managing their condition.\",\n\"result\": \"Bipolar\"\n}\n</answer>"
    },
    {
      "index": 35,
      "label": "Bipolar",
      "response": "<answer>\n{\n\"thought\": \"The individual expresses a pattern of self-loathing and criticizing themselves, indicating a negative self-perception. They also mention feeling insecure and seeking anonymous support on the internet. These factors suggest that the individual may be struggling with depression.\"\n\"result\": \"Depression\"\n}\n</answer>"
    },
    {
      "index": 36,
      "label": "Bipolar",
      "response": "Based on the content of the posts, the assigned label would be Depression. Reasoning:\n\n1. The poster mentions seeing a psychiatrist and feeling anxious about going. This suggests that they may be struggling with anxiety.\n2. They also mention feeling foggy and unable to remember important points, which could be symptoms of depression.\n3. The poster mentions having tried various methods to manage themselves, such as exercise, therapy, and supplements, but feeling like they haven't been successful. This indicates a sense of hopelessness and frustration, which are common in depression.\n4. The poster expresses doubt about the effectiveness of medication but still decides to try it, indicating a desire for relief from their symptoms.\n5. They mention that the people closest to them have noticed a change in their behavior, which could be a sign of depression impacting their relationships.\n6. The poster also mentions feeling like they may be borderline, suggesting a potential comorbidity of depression and borderline personality disorder.\n\nOverall, the combination of anxiety, difficulty concentrating, feelings of hopelessness, and a potential comorbidity with borderline personality disorder indicate that the assigned label of Depression is appropriate."
    },
    {
      "index": 37,
      "label": "Bipolar",
      "response": "<answer>\n{\n\"thought\": \"The post mentions having suicidal thoughts and experiencing a crash after taking Wellbutrin. The individual expresses a desire for the thoughts to stop and mentions difficulty in functioning and enjoying activities. These symptoms align with depression, as they include thoughts of suicide, low mood, and decreased interest in activities. The mention of Wellbutrin suggests that the individual may be receiving treatment for depression.\",\n\"result\": \"Depression\"\n}\n</answer>"
    },
    {
      "index": 38,
      "label": "Bipolar",
      "response": "Based on the provided posts, the assigned label would be \"Depression\". Reasoning: The posts mention experiencing winter depression for two years and taking medication. This suggests that the individual is struggling with depression, as winter depression is a form of seasonal affective disorder, a type of depression. The mention of bursting through and the lack of books on the topic also indicate a negative mood and potentially low motivation, which are common symptoms of depression."
    },
    {
      "index": 39,
      "label": "Bipolar",
      "response": "<answer>\n{\n\"thought\": \"The individual mentions having a history of depression and being diagnosed with bipolar disorder. They also mention having a family history of similar conditions. The language used suggests a level of curiosity and questioning about their own mental health. This indicates that the individual may be experiencing anxiety related to their mental health condition and potentially seeking validation or understanding from others who may have similar experiences.\",\n\"result\": \"Anxiety\"\n}\n</answer>\n\nReasoning: The post mentions having a history of depression and being diagnosed with bipolar disorder, as well as having a family history of similar conditions. The individual expresses curiosity and seeks validation or understanding from others who may have similar experiences, suggesting a level of anxiety related to their mental health condition. This aligns with the label of anxiety."
    },
    {
      "index": 40,
      "label": "Depression",
      "response": "<answer>\n{\n\"thought\": \"The post suggests a struggle with finding happiness and a sense of balance between being drunk and being sober. The mention of relatives and the feeling of being bound to certain meanings implies a deeper existential crisis. The overall tone of the post indicates a potential struggle with depression and a search for meaning and contentment in life.\",\n\"result\": \"Depression\"\n}\n</answer>\n\nReasoning:\n\nThe post expresses a sense of unhappiness and a belief that being drunk is the only way to truly be happy. This suggests a possible dissatisfaction with one's current state of life and a search for meaning and contentment. The mention of relatives and feeling bound to certain meanings implies a deeper existential crisis and a potential struggle with depression. The overall tone of the post is indicative of depressive symptoms and a negative outlook on life."
    },
    {
      "index": 41,
      "label": "Depression",
      "response": "Based on the content of the posts, the assigned label would be Depression. Reasoning: The posts indicate a pattern of negative experiences and emotions, such as surgeries, hospital stays, language barriers, financial struggles, and relationship issues. The individual expresses feelings of depression, including mood swings, low self-esteem, and a lack of love for their life. These are all common symptoms associated with depression, suggesting that this may be the appropriate label for this individual."
    },
    {
      "index": 42,
      "label": "Depression",
      "response": "<answer>\n{\n\"thought\": \"The individual expresses feelings of sadness, wanting to meet friends but also feeling out of place and scared. They mention trying to push themselves to do tasks everyday and signing up for things to feel better. This suggests a possible struggle with depression, as they describe symptoms commonly associated with the disorder such as low mood, social isolation, and engaging in activities to feel better. However, there is no explicit mention of suicidal thoughts or intentions, so SuicideWatch is not the most appropriate label in this case.\",\n\"result\": \"Depression\"\n}\n</answer>"
    },
    {
      "index": 43,
      "label": "Depression",
      "response": "Based on the provided posts, the assigned label would be \"Anxiety\".\n\nReasoning: The posts indicate a sense of uncertainty and confusion, as well as a lack of understanding of certain concepts or ideas. This suggests that the individual may be experiencing anxiety, as they are grappling with uncertainties and feeling overwhelmed. The use of abbreviations and unclear language further supports the possibility of anxiety, as it can be a symptom of anxiety disorders to struggle with clear communication and expressing thoughts."
    },
    {
      "index": 44,
      "label": "Depression",
      "response": "Based on the content of the posts, the assigned label would be \"Depression\". Reasoning:\n\nThe posts describe a range of symptoms commonly associated with depression, such as feeling sad, having negative thoughts, wanting to cry, and feeling the need for comfort and safety. The individual also expresses a lack of emotions and a sense of emptiness. These are all indicative of depression."
    },
    {
      "index": 45,
      "label": "Depression",
      "response": "<answer>\n{\n\"thought\": \"The individual expresses feelings of anxiety and apprehension regarding their upcoming therapy session and going outside. They also mention losing sleep and feeling anxious about their impending therapy session. These symptoms and concerns are indicative of anxiety disorder, as the individual is experiencing excessive worry, fear, and avoidance behaviors related to their therapy session and social interactions.\",\n\"result\": \"Anxiety\"\n}\n</answer>"
    },
    {
      "index": 46,
      "label": "Depression",
      "response": "Based on the content of the posts, the assigned label would be Depression. Reasoning:\n\nThe posts include multiple statements suggesting feelings of hopelessness, contemplation of suicide, and a general negative perception of life. These are common symptoms associated with depression, such as thoughts of death or dying, and a lack of enjoyment in activities. The individual also mentions taking pills, which could be indicative of self-medication or seeking relief from their emotional pain. Overall, the content of the posts aligns with the symptoms and experiences commonly associated with depression."
    },
    {
      "index": 47,
      "label": "Depression",
      "response": "Based on the content of the posts, the assigned label would be Depression. Reasoning: The posts express feelings of loneliness, difficulty making friends, and a sense of not being appreciated. These are common symptoms associated with depression, such as social withdrawal, low self-esteem, and negative emotions. The mention of a new school and not having found a real friend further emphasizes the individual's struggles and potential isolation, which are often associated with depression."
    },
    {
      "index": 48,
      "label": "Depression",
      "response": "Based on the content of the posts, the assigned label is \"Depression\". Reasoning:\n\nThe posts express feelings of emptiness, loss, and a lack of enjoyment in life. The individual mentions feeling heartless and unable to grieve properly for their grandfather, as well as feeling unable to care about what happens around them. They also mention wanting to enjoy things they used to love but feeling unable to do so. These are common symptoms associated with depression, such as emotional numbness, loss of interest or pleasure, and difficulty experiencing joy."
    },
    {
      "index": 49,
      "label": "Depression",
      "response": "<answer>\n{\n\"thought\": \"The individual expresses feelings of struggling with everyday tasks, feeling like a failure, and experiencing a decline in their academic performance. They also mention feeling disconnected from their peers and having a history of feeling happy only when they are away from school. These symptoms suggest that the individual may be experiencing anxiety, specifically related to academic and social stressors in their college environment.\"\n\"result\": \"Anxiety\"\n}\n</answer>\n\nReasoning: The post mentions several symptoms and experiences commonly associated with anxiety, such as struggling with everyday tasks, feeling like a failure, and experiencing a decline in academic performance. The individual also expresses a disconnection from their peers and a history of feeling happy only when away from school, which further suggests anxiety-related issues."
    },
    {
      "index": 50,
      "label": "Depression",
      "response": "Based on the content of the posts, the assigned label would be:\n\n{\n\"thought\": \"The individual expresses feelings of being a burden to their friends and venting about their problems. This suggests a potential struggle with depression, as feelings of worthlessness and burden are common symptoms of the disorder.\",\n\"result\": \"Depression\"\n}"
    },
    {
      "index": 51,
      "label": "Depression",
      "response": "Based on the provided posts, the assigned label would be \"Depression\".\n\nReasoning:\n\nThe posts express a lack of excitement and motivation, as well as a sense of emptiness and feeling like a \"shell of a former self.\" These are common symptoms associated with depression, such as loss of interest or pleasure in activities, feelings of worthlessness, and low energy levels. The mention of not using a phone by evenings also suggests a potential lack of social interaction or engagement, which can be indicative of depression."
    },
    {
      "index": 52,
      "label": "Depression",
      "response": "Based on the content of the posts, the assigned label would be Depression. Reasoning: The post includes multiple indicators of depression, such as feelings of being stuck in a difficult situation, feeling alone and isolated, and experiencing a decline in mental health. The individual also expresses a sense of hopelessness and frustration with their current circumstances. These are all common symptoms associated with depression."
    },
    {
      "index": 53,
      "label": "Depression",
      "response": "Based on the given posts, the assigned label would be Depression. The reasoning process for this label is as follows:\n\nThe posts express feelings of sadness, loneliness, and a sense of being overwhelmed by the darkness and pain. The mention of feeling like every day is a struggle and wishing for someone to reach out and grab their hand indicates a deep sense of despair and isolation. These are common symptoms associated with depression, such as persistent low mood, feelings of worthlessness, and a desire for social connection."
    },
    {
      "index": 54,
      "label": "Depression",
      "response": "<answer>\n{\n\"thought\": \"The reasoning process for the mental disorder analysis: The individual expresses feelings of worthlessness, being a piece of shit, and lashing out at loved ones. They also mention experiencing emotional trauma and struggling with health issues and sleep problems. These symptoms and experiences align with depression, as they include negative self-perception, irritability, and a history of trauma and sleep disturbances. The individual also mentions being on academic probation and failing a math class, which could contribute to feelings of worthlessness and low self-esteem. Overall, the combination of these factors suggests that depression is the most likely mental disorder in this case.\",\n\"result\": \"Depression\"\n}\n</answer>"
    },
    {
      "index": 55,
      "label": "Depression",
      "response": "Based on the content of the posts, the assigned label would be Depression. Reasoning: The posts describe the individual's concern for their friend who is experiencing a severe episode of depression. The friend has a history of depression, has been through a devastating divorce, and has recently experienced some negative events. The individual mentions their friend's lack of self-care, weight loss, and minimally responding to their texts. These are all symptoms commonly associated with depression, indicating that the friend is likely struggling with depression."
    },
    {
      "index": 56,
      "label": "Depression",
      "response": "<answer>\n{\n\"thought\": \"The individual expresses feelings of low energy, lack of motivation, and a sense of hopelessness about the future. They also mention being criticized and feeling weird and ugly, which could indicate low self-esteem. These symptoms align with depression, suggesting that this may be the most appropriate label for this post.\"\n\"result\": \"Depression\"\n}\n</answer>"
    },
    {
      "index": 57,
      "label": "Depression",
      "response": "Based on the content of the post, the assigned label would be \"Anxiety\". Reasoning: The post mentions struggling with motivation, having no friends, and experiencing stress and anxiety. These are common symptoms associated with anxiety disorders, such as social anxiety or generalized anxiety disorder. The individual also expresses feelings of being overwhelmed and not knowing what to do, which further supports the presence of anxiety."
    },
    {
      "index": 58,
      "label": "Depression",
      "response": "Based on the content of the posts, the assigned label is SuicideWatch.\n\nReasoning:\n\nThe post includes explicit mentions of feeling suicidal and wanting to die, indicating a serious struggle with suicidal thoughts. The individual expresses feelings of being stuck in life, exhaustion, and disappointment, which are common experiences associated with depression. However, the mention of wanting to see what's ahead and feeling like they have to go with whatever opportunity they find suggests a lack of hope and a sense of being trapped, which aligns more closely with the label of SuicideWatch."
    },
    {
      "index": 59,
      "label": "Depression",
      "response": "Based on the provided posts, the assigned label would be Depression. Reasoning:\n\nThe post includes several indications of depression, such as feelings of low self-esteem, isolation, and a sense of failure. The individual expresses a lack of connection with others and a desire to not burden people with their problems. They also mention seeking help from a psychologist and feeling like no one has answers for them. These symptoms and experiences align with the criteria for depression, suggesting that the individual may be struggling with this mental disorder."
    },
    {
      "index": 60,
      "label": "Offmychest",
      "response": "<answer>\n{\n\"thought\": \"The post does not indicate any specific symptoms or experiences commonly associated with mental disorders. The individual describes their life as perfect and expresses confusion about why they feel this way. They mention not knowing God and questioning if they deserve their perfect life. However, these statements do not necessarily indicate the presence of a mental disorder. The content of the post seems to be more focused on self-reflection and questioning rather than expressing symptoms or distress.\",\n\"result\": null\n}\n</answer>"
    },
    {
      "index": 61,
      "label": "Offmychest",
      "response": "<answer>\n{\n\"thought\": \"The individual expresses feelings of confusion, frustration, and disappointment in relationships. They mention experiencing mental exhaustion and feeling lost in people. This suggests a potential struggle with anxiety in forming and maintaining relationships, as well as a negative perception of themselves and others.\",\n\"result\": \"Anxiety\"\n}\n</answer>\n\nReasoning: The post mentions feelings of confusion, frustration, and disappointment in relationships, as well as experiencing mental exhaustion and feeling lost in people. These symptoms align with anxiety, specifically related to forming and maintaining relationships. The individual expresses negative thoughts about themselves and others, indicating a potential anxiety disorder."
    },
    {
      "index": 62,
      "label": "Offmychest",
      "response": "Based on the content of the posts, the assigned label is Anxiety. Reasoning:\n\nThe posts describe a situation where the poster is feeling bothered and frustrated with a friend who only talks about herself and doesn't listen to others. The poster expresses concerns about the worth of this friendship and wonders if they should continue investing time and energy into it. This suggests that the poster may be experiencing anxiety related to their social relationships and the dynamics within them."
    },
    {
      "index": 63,
      "label": "Offmychest",
      "response": "Based on the content of the posts, the assigned label would be \"Depression\". Reasoning:\n\nThe posts mention spending a significant amount of money on drugs and alcohol, as well as feeling alone on New Year's Eve. These behaviors and emotions are indicative of self-destructive tendencies and feelings of isolation, which are commonly associated with depression. The individual also mentions wanting to start the new year fresh, suggesting a desire for change but feeling trapped or stuck in their current state. Overall, the content of the posts aligns with symptoms and experiences commonly associated with depression."
    },
    {
      "index": 64,
      "label": "Offmychest",
      "response": "Based on the content of the post, the assigned label would be Depression. Reasoning: The post includes multiple statements suggesting financial struggles, overwhelming emotions, and a sense of hopelessness. The individual expresses feelings of being in debt, unable to afford necessary expenses, and having to rely on credit cards. They also mention the emotional distress caused by their cat's health issues and the financial strain it puts on them. These experiences and emotions align with symptoms commonly associated with depression, such as feelings of sadness, hopelessness, and financial stress."
    },
    {
      "index": 65,
      "label": "Offmychest",
      "response": "Based on the content of the posts, the assigned label would be:\n\n{\n\"thought\": \"The individual expresses frustration and anger towards their country, highlighting various issues such as government, healthcare, economy, and infrastructure. They also mention feeling tired and losing faith in their country. These thoughts and emotions suggest a potential underlying anxiety or frustration with societal issues, leading to the assigned label of Anxiety.\"\n\n\"result\": \"Anxiety\"\n}"
    },
    {
      "index": 66,
      "label": "Offmychest",
      "response": "{\n\"thought\": \"The reasoning process for the mental disorder assessment is not clear from the posts. The content seems to be discussing various topics such as the latest Reddit shooting, ethics of game journalism, and mental health. However, the posts do not provide enough information to determine a specific mental disorder. Therefore, the result is not applicable.\"\n}"
    },
    {
      "index": 67,
      "label": "Offmychest",
      "response": "Based on the given posts, the assigned label is: Depression.\n\nReasoning: The posts indicate feelings of sadness, difficulty sleeping, and a lack of ability to think clearly. The mention of someone having breast cancer and undergoing various medical procedures suggests a potential source of stress and anxiety. The individual expresses a desire to cry and seeks support from someone, indicating a potential struggle with depression."
    },
    {
      "index": 68,
      "label": "Offmychest",
      "response": "Based on the content of the post, the assigned label is Bipolar. Reasoning: The post mentions the individual's ex having issues and needing help, suggesting a potential history of mental health struggles. The individual also expresses worry for their ex's new girlfriend and mentions their own theory about the ex having a hidden mental illness. This indicates a potential understanding and awareness of mental health conditions, which aligns with the label of Bipolar."
    },
    {
      "index": 69,
      "label": "Offmychest",
      "response": "Based on the content of the posts, the assigned label would be Anxiety. Reasoning:\n\nThe posts indicate a high level of anxiety and frustration in the individual's relationship. They express feelings of being misunderstood, not being able to communicate effectively, and feeling alone. They also mention feeling guilty and being in a relationship with someone who does not want the same things as them. These are all common symptoms of anxiety, particularly in relationships. The individual's focus on their partner's actions and their own feelings of loneliness and guilt suggest that anxiety may be a significant factor in their current state."
    },
    {
      "index": 70,
      "label": "Offmychest",
      "response": "Based on the content of the post, the assigned label would be Bipolar. Reasoning: The post contains mentions of a dysfunctional marriage, infidelity, and the individual's wife being emotionally unstable. These factors, along with the individual's own emotional struggles and the potential for therapy, suggest a potential mental disorder of Bipolar."
    },
    {
      "index": 71,
      "label": "Offmychest",
      "response": "Based on the provided post, the assigned label would be \"Depression\".\n\nReasoning: The post includes several indicators of depression. The individual expresses feelings of shame, guilt, and embarrassment, as well as a sense of being trapped and unable to reach their full potential. They also mention struggling with emotional handling and experiencing trauma-related fears. These symptoms align with the symptoms commonly associated with depression, such as low self-esteem, negative self-perception, and difficulties in coping with emotions."
    },
    {
      "index": 72,
      "label": "Offmychest",
      "response": "Based on the given posts, the assigned label would be \"Depression\".\n\nReasoning:\nThe posts mention a desire to commit suicide and feelings of being nowhere, suggesting a sense of hopelessness and despair. These are common symptoms associated with depression. The mention of a previous attempt to commit suicide also indicates a history of suicidal ideation, further supporting the label of depression."
    },
    {
      "index": 73,
      "label": "Offmychest",
      "response": "Based on the content of the posts, the assigned label would be Depression. Reasoning: The post includes statements suggesting a sense of dread and anxiety related to the upcoming holidays and the task of preparing the meal. The poster expresses frustration and criticism from their grandmother, which could contribute to feelings of low self-esteem and pressure. These emotions and experiences align with symptoms commonly associated with depression."
    },
    {
      "index": 74,
      "label": "Offmychest",
      "response": "Based on the content of the posts, the assigned label would be \"Anxiety.\" The reasoning behind this is that the poster is expressing feelings of anxiety and uncertainty about their relationship, as well as their overall mental state. They mention feeling like they are falling into a trap and being scared to fully commit to marriage. These thoughts and emotions align with symptoms commonly associated with anxiety, such as excessive worrying and feeling overwhelmed."
    },
    {
      "index": 75,
      "label": "Offmychest",
      "response": "Based on the provided posts, the assigned label would be \"Anxiety\". Reasoning:\n\nThe posts show a high level of anxiety and distress. The individual describes a chaotic and dangerous situation in their condo, with a fire alarm going off and a thief stealing from them. They express confusion and fear, as well as physical pain and a lack of feeling in their heartbeat. The posts also mention feeling like they are dreaming and having difficulty understanding what is happening. These symptoms and experiences are indicative of anxiety, particularly in response to a traumatic event."
    },
    {
      "index": 76,
      "label": "Offmychest",
      "response": "Based on the content of the post, the assigned label would be Anxiety. Reasoning:\n\nThe post contains several indicators of anxiety. The individual expresses feelings of being anxious and nervous, particularly in social situations. They mention overthinking and having intrusive thoughts, which are common symptoms of anxiety. The individual also mentions having high standards and feeling anxious about not meeting them, which could be related to anxiety and perfectionism. Additionally, the mention of being terrified to go to a doctor and potentially mess themselves up further suggests underlying anxiety and fear of seeking help. Overall, the combination of these symptoms and experiences align with the label of Anxiety."
    },
    {
      "index": 77,
      "label": "Offmychest",
      "response": "Based on the content of the posts, the assigned label would be Depression. Reasoning:\n\nThe post includes statements expressing feelings of worthlessness, hopelessness, and guilt. The individual describes struggling to find work and being homeless, which can contribute to feelings of despair and a lack of motivation. The mention of barely having the energy to function and the guilt associated with eating indicate a lack of energy and potential self-esteem issues, which are common symptoms of depression."
    },
    {
      "index": 78,
      "label": "Offmychest",
      "response": "Based on the provided posts, the assigned label would be \"Depression.\"\n\nThe reasoning process for the assigned label is as follows:\n\nThe posts express feelings of isolation, insignificance, and a lack of importance to others. The mention of \"nothing\" and \"deleted\" posts may indicate a desire to withdraw or delete oneself from social interactions. These feelings and thoughts align with symptoms commonly associated with depression, such as feelings of worthlessness, social withdrawal, and negative self-perception."
    },
    {
      "index": 79,
      "label": "Offmychest",
      "response": "Based on the provided posts, the assigned label would be Anxiety.\n\nReasoning: The posts seem to be written in a disjointed and unclear manner, with words and phrases that do not make sense. This could be indicative of cognitive difficulties or impairments in thought processing, which are commonly associated with anxiety disorders. Additionally, the content of the posts does not provide any clear indications of suicidal ideation or other mental disorders such as bipolar disorder or depression. Therefore, anxiety is the most appropriate label based on the given information."
    },
    {
      "index": 80,
      "label": "SuicideWatch",
      "response": "Based on the content of the posts, the assigned label would be SuicideWatch. Reasoning: The posts contain statements suggesting thoughts of suicide and questioning the reasons for living. The mention of putting a gun to their head and the overall tone of despair indicate a high level of distress and potential suicidal ideation."
    },
    {
      "index": 81,
      "label": "SuicideWatch",
      "response": "<answer>\n{\n\"thought\": \"The content of the posts suggests a deep sense of sadness, hopelessness, and a desire to end one's life. The individual expresses feelings of being a burden and wanting to be genuinely happy. These thoughts and emotions align with symptoms commonly associated with depression, particularly the desire to escape from emotional pain. The mention of wanting to extend one's life and the use of the phrase 'it Siguro take something will na life zpgdmhlt ko para extend ang ko...' suggests a potential suicidal ideation or plan. Therefore, the assigned label is Depression.\"\n\n\"result\": \"Depression\"\n}\n</answer>"
    },
    {
      "index": 82,
      "label": "SuicideWatch",
      "response": "<answer>\n{\n    \"thought\": \"The individual is expressing feelings of depression and contemplating suicide due to the impending loss of their mother and feeling alone in the world. They also mention being a college student and feeling overwhelmed by their current situation. These factors suggest a potential diagnosis of depression.\",\n    \"result\": \"Depression\"\n}\n</answer>"
    },
    {
      "index": 83,
      "label": "SuicideWatch",
      "response": "<answer>\n{\n\"thought\": \"The individual describes a series of difficult life circumstances, including a recent breakup, financial problems, and health issues. They express feelings of heartbreak, sadness, and a sense of being overwhelmed. This suggests that the individual may be experiencing depression, as they are experiencing a range of negative emotions and facing significant life challenges.\",\n\"result\": \"Depression\"\n}\n</answer>"
    },
    {
      "index": 84,
      "label": "SuicideWatch",
      "response": "Based on the content of the posts, the assigned label would be SuicideWatch. Reasoning: The posts indicate that the individual is struggling with suicidal thoughts and feelings of despair. They express a strong attachment to a specific goal (creating a video game) and a belief that it is impossible to achieve. This suggests a high level of distress and potentially a lack of hope or a sense of purpose, which are common in individuals experiencing suicidal ideation."
    },
    {
      "index": 85,
      "label": "SuicideWatch",
      "response": "Based on the provided posts, the assigned label would be \"SuicideWatch\".\n\nReasoning:\n\nThe posts mention thoughts of dying and reminders of loved ones in the event of death. These thoughts are indicative of suicidal ideation, suggesting that the individual may be struggling with suicidal thoughts or thoughts of self-harm. Therefore, the assigned label would be \"SuicideWatch\"."
    },
    {
      "index": 86,
      "label": "SuicideWatch",
      "response": "{\n\"thought\": \"The post mentions a history of helping others with suicidal thoughts and feelings of pride in being able to save them. However, the poster also expresses feelings of downward spirals, reaching out for help for the first time, and feeling incredibly bad. These statements suggest a potential struggle with their own mental health, possibly depression or anxiety. The mention of intense help and living for others may also indicate a lack of focus on their own well-being and potential codependency tendencies. Overall, the content of the post suggests a mental disorder related to depression or anxiety.\",\n\"result\": \"Depression\"\n}"
    },
    {
      "index": 87,
      "label": "SuicideWatch",
      "response": "Based on the provided posts, the assigned label is: SuicideWatch.\n\nReasoning: The posts mention a child threatening suicide on Skype and express concern about how to report it. This suggests that the individual is dealing with a situation involving suicidal thoughts or intentions. The mention of the child's history of custody and the passing of their mother further indicates a potential need for support and intervention. Therefore, the assigned label is SuicideWatch."
    },
    {
      "index": 88,
      "label": "SuicideWatch",
      "response": "Based on the provided posts, the assigned label would be Depression.\n\nReasoning:\n\nThe posts express feelings of worthlessness and a lack of motivation to continue living. The mention of being a coward and the difficulty in finding any good reason to carry on indicate a negative self-perception and a potential struggle with depressive thoughts. The use of broken sentences and lack of coherence may also suggest cognitive difficulties or impaired concentration, which can be associated with depression."
    },
    {
      "index": 89,
      "label": "SuicideWatch",
      "response": "Based on the content of the posts, the assigned label would be Anxiety. Reasoning:\n\nThe posts mention experiencing anxiety and fear, such as being threatened and belittled by family members, feeling ignored and unappreciated by family, and having a strained relationship with a sister. The individual also mentions having severe anxiety and being in therapy for it. These experiences and concerns align with symptoms commonly associated with anxiety disorders."
    },
    {
      "index": 90,
      "label": "SuicideWatch",
      "response": "Based on the content of the posts, the assigned label is Depression. Reasoning: The posts mention feeling depressed and having money problems. The individual also expresses feelings of being unloved and neglected by their father, as well as experiencing conflicts with their family. These experiences align with symptoms commonly associated with depression, such as low mood, feelings of worthlessness, and strained relationships."
    },
    {
      "index": 91,
      "label": "SuicideWatch",
      "response": "{\n\"thought\": \"The individual expresses feelings of hopelessness, regret, and mentions a narcissistic personality that has negatively impacted their life. They also mention the inability to take back the past and the loss of their dreams. These thoughts and emotions suggest a depressive state and a potential diagnosis of depression.\",\n\"result\": \"Depression\"\n}"
    },
    {
      "index": 92,
      "label": "SuicideWatch",
      "response": "<answer>\n{\n\"thought\": \"The individual is expressing feelings of procrastination and self-doubt, as well as a sense of wasting time and feeling overwhelmed by their academic responsibilities. They also mention thoughts of wanting to harm themselves and feeling like a failure. These symptoms align with anxiety and depression, suggesting that the individual may be experiencing both of these mental disorders. However, since the prompt only allows for one label, the assigned result is Anxiety.\"\n\"result\": \"Anxiety\"\n}</answer>\n\nReasoning:\n\n1. The individual mentions procrastination as a problem and expresses feelings of self-doubt and overwhelming academic responsibilities, which are common symptoms of anxiety.\n2. They also mention thoughts of wanting to harm themselves and feeling like a failure, which are indicative of depressive symptoms.\n3. The individual's symptoms align with both anxiety and depression, but since the prompt only allows for one label, the assigned result is Anxiety, as it is the most prominent symptom mentioned."
    },
    {
      "index": 93,
      "label": "SuicideWatch",
      "response": "{\n\"thought\": \"The post indicates a sense of hopelessness, lack of enjoyment in life, and a desire for change. The mention of being tired of everything and the fear of not knowing what to expect suggests a potential underlying mental disorder. The content of the post aligns more closely with depression, as the individual expresses feelings of sadness, lack of joy, and uncertainty about the future.\",\n\"result\": \"Depression\"\n}"
    },
    {
      "index": 94,
      "label": "SuicideWatch",
      "response": "<answer>\n{\n    \"thought\": \"The individual expresses feelings of exhaustion, regret, and frustration regarding past mistakes and current challenges. They mention being in a lot of debt and feeling tired. These emotions and circumstances suggest a potential diagnosis of depression, as the individual appears to be experiencing symptoms such as low mood, hopelessness, and difficulty coping with stressors.\",\n    \"result\": \"Depression\"\n}\n</answer>"
    },
    {
      "index": 95,
      "label": "SuicideWatch",
      "response": "Based on the content of the post, the assigned label would be Bipolar. Reasoning: The post mentions symptoms and experiences commonly associated with bipolar disorder, such as depressive episodes, suicidal thoughts, and engaging in risky behaviors like stealing. The individual also mentions being diagnosed with bipolar disorder and having a history of hospitalizations. These factors indicate that the assigned label of Bipolar is appropriate."
    },
    {
      "index": 96,
      "label": "SuicideWatch",
      "response": "Based on the content of the posts, the assigned label would be SuicideWatch. The reasoning process for this label is that the posts express feelings of helplessness, loneliness, and thoughts of suicide. The poster also expresses empathy for others who may be feeling the same way and seeks guidance on what to do next. These are all indicators of struggling with suicidal ideation, which aligns with the label of SuicideWatch."
    },
    {
      "index": 97,
      "label": "SuicideWatch",
      "response": "Based on the content of the posts, the assigned label is: Depression.\n\nReasoning: The posts indicate a history of self-harming behaviors and thoughts of suicide. The individual also expresses feelings of emotional turbulence, disconnection from emotions, and a sense of being drained and not caring. These are common symptoms associated with depression, such as self-destructive behaviors, suicidal thoughts, emotional numbness, and low energy."
    },
    {
      "index": 98,
      "label": "SuicideWatch",
      "response": "<answer>\n{\n    \"thought\": \"The reasoning process of the mental disorder analysis: The individual's posts indicate a negative and hopeless mindset, with mentions of wanting to kill themselves and the belief that things will only get worse. These thoughts and emotions are commonly associated with depression. Additionally, the mention of not being grateful and feeling like things are blowing up in the worst possible way further supports the assessment of depression.\",\n    \"result\": \"Depression\"\n}\n</answer>"
    },
    {
      "index": 99,
      "label": "SuicideWatch",
      "response": "Based on the provided posts, the assigned label is Depression. Reasoning:\n\nThe posts indicate a sense of sadness and hurt caused by the individual's family and others who have criticized and expressed hatred towards them. The mention of words hurting and the anticipation of getting hurt further suggests emotional distress and potentially low self-esteem. These are common symptoms associated with depression. The use of abbreviations like \"gonna\" and \"nt you\" may also indicate a lack of energy or motivation, which is another characteristic of depression."
    }
  ]
}