{
  "SWMH_Low": [
    {
      "index": 0,
      "label": "Anxiety",
      "response": "{\n    \"thought\": \"The user is experiencing anxiety and depression, as evidenced by their mention of suffering with anxiety all their life and mentioning depersonalisation. They also mention a fear of something bad happening and feeling scared. Additionally, they mention dissociation and derealisation. All of these symptoms suggest a possible diagnosis of anxiety disorder and depression.\",\n    \"result\": \"Anxiety\"\n}"
    },
    {
      "index": 1,
      "label": "Anxiety",
      "response": "{\n    \"thought\": \"The user is experiencing anxiety due to chronic fatigue syndrome and has been unable to sleep or do anything for 3 months. They are also experiencing anxiety about their work and are having trouble completing it. The user is also experiencing physical symptoms and is questioning whether their anxiety is causing their chronic fatigue syndrome.\",\n    \"result\": \"Anxiety\"\n}"
    },
    {
      "index": 2,
      "label": "Anxiety",
      "response": "<answer>\n{\n    \"thought\": \"The user expresses anxiety about not being able to control their anxiety and being overwhelmed by the looming sue. They also mention that they have written letters and posted them about their anxiety, indicating a need for help and support.\",\n    \"result\": \"Anxiety\"\n}\n</answer>"
    },
    {
      "index": 3,
      "label": "Anxiety",
      "response": "{\n    \"thought\": \"The user talks about depression and alcohol consumption, which are commonly associated with depression. The user also mentions being unwell and unhappy, which are also symptoms of depression. The user's writing style is disorganized and incoherent, which is a common trait in people with depression.\",\n    \"result\": \"Depression\"\n}"
    },
    {
      "index": 4,
      "label": "Anxiety",
      "response": "{\n    \"thought\": \"The user is experiencing anxiety and is struggling with organization, which is causing them more anxiety. They also mention that they don't want to be organized and that it makes them anxious.\",\n    \"result\": \"Anxiety\"\n}"
    },
    {
      "index": 5,
      "label": "Anxiety",
      "response": "{\n    \"thought\": \"The user is expressing frustration and anxiety about their drinking habits, which they had previously had under control. They are also mentioning going to the doctor, which could indicate a desire for help or support. Overall, the user's language suggests they may be experiencing anxiety and possibly depression related to their drinking habits and seeking help.\",\n    \"result\": \"Anxiety\"\n}"
    },
    {
      "index": 6,
      "label": "Anxiety",
      "response": "{\n    \"thought\": \"Based on the content of the posts, the user is experiencing difficulty sleeping due to anxiety. They also mention being stressed and having a racing mind, which are common symptoms of anxiety. Additionally, they mention losing their job and turning 30, which could also be contributing factors to their anxiety. Overall, the user's symptoms align most closely with anxiety disorder.\",\n    \"result\": \"Anxiety\"\n}"
    },
    {
      "index": 7,
      "label": "Anxiety",
      "response": "{\n    \"thought\": \"Based on the content of the posts, the user appears to be experiencing anxiety. They mention chest pains and feeling like they are nothing, which could indicate anxiety-related physical symptoms. Additionally, the user mentions a door, which could suggest a fear of being trapped or confined. Overall, the tone of the posts suggests a sense of unease and worry.\",\n    \"result\": \"Anxiety\"\n}"
    },
    {
      "index": 8,
      "label": "Anxiety",
      "response": "{\n    \"thought\": \"The user's post contains a lot of negative thoughts and self-doubt. They seem to be struggling with anxiety and fear. The user also mentions wanting to link to an article about fear, which could suggest that they are seeking information on how to deal with their anxiety.\",\n    \"result\": \"Anxiety\"\n}"
    },
    {
      "index": 9,
      "label": "Anxiety",
      "response": "{\n    \"thought\": \"The user is expressing anxiety about being complimented and being afraid of disappointing others, indicating potential anxiety disorder.\",\n    \"result\": \"Anxiety\"\n}"
    },
    {
      "index": 10,
      "label": "Anxiety",
      "response": "{\n    \"thought\": \"The user's posts indicate a history of anxiety, panic attacks, and digestive discomfort. The user also expresses feelings of disconnection and a desire to seek help for their anxiety. These symptoms are consistent with anxiety disorder.\",\n    \"result\": \"Anxiety\"\n}"
    },
    {
      "index": 11,
      "label": "Anxiety",
      "response": "{\n    \"thought\": \"The user is experiencing anxiety and depression due to the loss of interest from their girlfriend, causing them to feel hopeless and unable to communicate effectively. The user is also experiencing suicidal thoughts as they feel like they have nothing to hold onto.\",\n    \"result\": \"Anxiety\"\n}"
    },
    {
      "index": 12,
      "label": "Anxiety",
      "response": "{\n    \"thought\": \"The user has mentioned ideation and suicidal harm, which indicates a potential mental disorder of SuicideWatch. This is because ideation and suicidal thoughts are common symptoms of SuicideWatch. Additionally, the user mentions feeling anxious and depressed, which are also common symptoms of SuicideWatch. Therefore, the most appropriate mental disorder for this user is SuicideWatch.\",\n    \"result\": \"SuicideWatch\"\n}"
    },
    {
      "index": 13,
      "label": "Anxiety",
      "response": "{\n    \"thought\": \"The user seems to be suffering from anxiety and ocd. The user is describing triggers such as a bump on their lips that caused obsessive thoughts of herpes, which led to fear of dying alone and breaking up with their partner. The user also mentions that they are going through ERP (exposure response and prevention) therapy which is a common treatment for ocd. The user's thoughts and behaviors indicate that they are experiencing anxiety and ocd.\",\n    \"result\": \"Anxiety\"\n}"
    },
    {
      "index": 14,
      "label": "Anxiety",
      "response": "<answer>\n{\n    \"thought\": \"The user's post suggests a feeling of isolation and loneliness, as well as a lack of control over their emotions and thoughts. They also mention being unable to deal with their emotions, which indicates a struggle with mental health.\",\n    \"result\": \"Anxiety\"\n}\n</answer>"
    },
    {
      "index": 15,
      "label": "Anxiety",
      "response": "{\n    \"thought\": \"The user is feeling upset and down due to a minor issue with a package delivery, which may be a sign of anxiety.\",\n    \"result\": \"Anxiety\"\n}"
    },
    {
      "index": 16,
      "label": "Anxiety",
      "response": "{\n    \"thought\": \"The user is experiencing anxiety and depression based on their posts about feeling anxious, having trouble focusing, and feeling hopeless. They also mention having a history of depression and struggling with mental health stigma.\",\n    \"result\": \"Depression\"\n}"
    },
    {
      "index": 17,
      "label": "Anxiety",
      "response": "{\n    \"thought\": \"The user seems to be experiencing symptoms of depression, such as feeling down and taking medication for it. They also mention having a fever and feeling like coming down with something, which could be related to their depression or a physical illness. The user also mentions enjoying playing a video game, which could be a coping mechanism for their depression.\",\n    \"result\": \"Depression\"\n}"
    },
    {
      "index": 18,
      "label": "Anxiety",
      "response": "<answer>\n{\n    \"thought\": \"The user is experiencing moderate work anxiety and is seeking natural supplements or remedies to help with it. They also mention being concerned about the beginning of their shift. These symptoms could indicate anxiety disorder.\",\n    \"result\": \"Anxiety\"\n}\n</answer>"
    },
    {
      "index": 19,
      "label": "Anxiety",
      "response": "{\n    \"thought\": \"The user is discussing anxiety and its potential causes. They mention the possibility of past traumas or failures contributing to anxiety. They also mention social anxiety as a potential cause. The user is seeking help from a therapist and is curious about the genetic or environmental factors that may contribute to anxiety.\",\n    \"result\": \"Anxiety\"\n}"
    },
    {
      "index": 20,
      "label": "Bipolar",
      "response": "{\n  \"thought\": \"The user's post suggests that they have experienced major depression, manic episodes, and ADHD, leading to a diagnosis of BP2. The user also mentions struggling to hold a job and feeling like a complete failure, which are common symptoms of depression. Additionally, the user's mention of seeking help and being evaluated by a psychologist indicates that they are actively seeking support for their mental health. Overall, the user's post suggests a diagnosis of Depression.\",\n  \"result\": \"Depression\"\n}"
    },
    {
      "index": 21,
      "label": "Bipolar",
      "response": "{\n    \"thought\": \"The user's post indicates feelings of impending stress and anxiety, as well as a breakdown on the verge of happening. The user also mentions a lack of support from their husband and a difficult relationship with their sister.\",\n    \"result\": \"Anxiety\"\n}"
    },
    {
      "index": 22,
      "label": "Bipolar",
      "response": "<answer>\n{\n    \"thought\": \"The user is expressing frustration with their medication and expressing a fear of gaining weight and developing diabetes. They also mention feeling depressed and anxious about their bipolar episodes. This suggests a possible diagnosis of bipolar disorder.\",\n    \"result\": \"Bipolar\"\n}\n</answer>"
    },
    {
      "index": 23,
      "label": "Bipolar",
      "response": "<answer>\n{\n    \"thought\": \"The user's mother has experienced a traumatic event, and the user is concerned about her mother's mental health and the effects of the medication. The user is also expressing their own grief and loss from the death of their family member. The user's mother seems to be experiencing a manic episode and is unable to take care of herself. The user is seeking advice on how to help their mother, which may indicate a sense of responsibility and concern for her well-being. Additionally, the user is expressing a sense of frustration and helplessness about their mother's condition. Overall, these symptoms suggest a possible diagnosis of Depression or Offmychest.\",\n    \"result\": \"Depression\"\n}\n</answer>"
    },
    {
      "index": 24,
      "label": "Bipolar",
      "response": "{\n    \"thought\": \"The user mentions bipolar disorder and is prescribed sodium valproate, indicating a potential diagnosis of bipolar disorder. The user also mentions not feeling well and having difficulty cooking dinner, which could be indicative of depressive symptoms. However, the user's post does not indicate severe suicidal thoughts or behaviors, making Offmychest the most appropriate result.\",\n    \"result\": \"Bipolar\"\n}"
    },
    {
      "index": 25,
      "label": "Bipolar",
      "response": "<answer>\n{\n    \"thought\": \"The user is describing symptoms of anxiety and OCD, as well as seeking medication relief. The user also mentions bipolar disorder, but does not seem to be experiencing symptoms of mania or depression. The user is also seeking therapy for their OCD.\",\n    \"result\": \"Offmychest\"\n}\n</answer>"
    },
    {
      "index": 26,
      "label": "Bipolar",
      "response": "<answer>\n{\n    \"thought\": \"The user has mentioned about having bipolar disorder and has also mentioned about having lost money because of their actions. The user has also mentioned about having tattoos and has lost money because of those. This indicates that the user might have a tendency to make impulsive decisions without considering the consequences. This is a characteristic of bipolar disorder.\",\n    \"result\": \"Bipolar\"\n}\n</answer>"
    },
    {
      "index": 27,
      "label": "Bipolar",
      "response": "<answer>\n{\n    \"thought\": \"Based on the post, the user is experiencing difficulty in accessing their medication, which has caused them distress and emotional instability. This suggests a possible bipolar disorder, as individuals with this condition may experience mood swings and difficulties in managing their medication.\",\n    \"result\": \"Bipolar\",\n}\n</answer>"
    },
    {
      "index": 28,
      "label": "Bipolar",
      "response": "<answer>\n{\n    \"thought\": \"The user describes a long history of dissociation and having hand in going having hand. The user mentions that during these episodes, they don't know what happened for a few minutes at a time. These episodes lead to a terrible dissociation, violent outbursts, and involuntary actions. The user is scared that they will do these things while driving. They are also scared that they are losing their mind due to these episodes. The user mentions that these episodes have caused them to be upset at work. The user is also scared that it could be some kind of absence or seizure narcolepsy. This behavior could be indicative of anxiety or depression as the user is experiencing significant distress and fear related to these episodes.\",\n    \"result\": \"Anxiety\"\n}\n</answer>"
    },
    {
      "index": 29,
      "label": "Bipolar",
      "response": "{\n    \"thought\": \"The user describes flashbacks of hypomanic and manic episodes, as well as anger issues and difficulties in maintaining stability. They also mention suicidal thoughts and feelings of being condescendingly treated by others. These symptoms are consistent with a bipolar disorder diagnosis.\",\n    \"result\": \"Bipolar\"\n}"
    },
    {
      "index": 30,
      "label": "Bipolar",
      "response": "{\n    \"thought\": \"The user expresses stress and anxiety about holidays and their impact on others. They also mention the 'never w.orld inter..', which could be a reference to the COVID-19 pandemic and its impact on mental health. These factors suggest a potential diagnosis of anxiety disorder.\",\n    \"result\": \"Anxiety\"\n}"
    },
    {
      "index": 31,
      "label": "Bipolar",
      "response": "{\n    \"thought\": \"The user is experiencing a lot of synchronicities and psychotic events. They mention having had mania, which is a symptom of bipolar disorder. They also mention having no keys in their pocket, which could indicate paranoia or disorganization. The overall tone of the post is chaotic and disorganized, which could be indicative of a mental disorder.\",\n    \"result\": \"Bipolar\"\n}"
    },
    {
      "index": 32,
      "label": "Bipolar",
      "response": "{\n    \"thought\": \"The user seems to be discussing the relationship between seasonal changes and their mood, and mentions their own experience of manic episodes in the fall. They also mention talking to others who experience similar symptoms during this time of year. This suggests a potential link to bipolar disorder, which is characterized by mood swings and changes in energy levels.\",\n    \"result\": \"Bipolar\"\n}"
    },
    {
      "index": 33,
      "label": "Bipolar",
      "response": "<answer>\n{\n    \"thought\": \"The user is expressing fear of losing their job and uncertainty about the future. They also mention a recommendation from a doctor and are seeking advice from others who may have experienced similar situations. These factors could indicate anxiety.\",\n    \"result\": \"Anxiety\"\n}\n</answer>"
    },
    {
      "index": 34,
      "label": "Bipolar",
      "response": "<answer>\n{\n    \"thought\": \"The user is experiencing anxiety due to the difficulty in obtaining prescription medications and the uncertainty of their current mental health. The user is also experiencing frustration and hopelessness, which can be symptoms of depression. However, the primary concern seems to be the anxiety related to the medication issue.\",\n    \"result\": \"Anxiety\"\n}\n</answer>"
    },
    {
      "index": 35,
      "label": "Bipolar",
      "response": "{\n    \"thought\": \"The user is describing a pattern of self-hatred and criticizing themselves. They also mention a change in job and being in a car for most of the day, which may contribute to their feelings of self-loathing. Additionally, they mention being on a social media platform and feeling insecure, which could be a contributing factor to their negative self-talk. The user also expresses a need to be anonymous and not talk about their feelings to anyone, which suggests a possible lack of support or difficulty in opening up to others. Finally, the user mentions not enjoying listening to something, which could be a sign of depression or a lack of interest in activities they used to enjoy.\",\n    \"result\": \"Depression\"\n}"
    },
    {
      "index": 36,
      "label": "Bipolar",
      "response": "<answer>\n{\n    \"thought\": \"The user is showing signs of anxiety and depression. They have been struggling with their mental health for a long time and have tried various methods to manage themselves. They also trust professionals and have a good understanding of their condition. However, they are still struggling with the stigma and judgment from others and are questioning their diagnosis. The user is also showing signs of suicidal thoughts with the mention of 'die'.\",\n    \"result\": \"Depression\"\n}\n</answer>"
    },
    {
      "index": 37,
      "label": "Bipolar",
      "response": "{\n    \"thought\": \"The user's post indicates a history of suicidal thoughts and a recent improvement in mood with medication. This suggests a potential history of depression, as depression can lead to suicidal ideation and medication can help alleviate symptoms. The user also mentions difficulty functioning and struggling to enjoy activities, which are common symptoms of depression. Therefore, the mental disorder that best matches the user's post is Depression.\",\n    \"result\": \"Depression\"\n}"
    },
    {
      "index": 38,
      "label": "Bipolar",
      "response": "{\n    \"thought\": \"The user mentions winter depression and bursting through right, which could indicate a manic phase. They also mention medication and a book on the internet, which could be related to bipolar disorder. The overall tone of the post seems to be chaotic and disjointed, which is consistent with bipolar disorder.\",\n    \"result\": \"Bipolar\"\n}"
    },
    {
      "index": 39,
      "label": "Bipolar",
      "response": "{\n    \"thought\": \"The user mentions having a long history of diagnoses including bipolar and depression. They also express curiosity about whether others have similar experiences without a family history. These are common themes in bipolar disorder, which can be characterized by mood swings and a genetic component. The user's mention of depression and the lack of a family history of mental illness also suggest the possibility of bipolar disorder.\",\n    \"result\": \"Bipolar\"\n}"
    },
    {
      "index": 40,
      "label": "Depression",
      "response": "{\n    \"thought\": \"The user's post suggests feelings of despair and hopelessness, as well as a desire to escape through alcohol. These are common symptoms of depression. The user also expresses a sense of being trapped in their life and feeling like they can't move on. This could indicate a sense of helplessness and hopelessness, which are also common in depression. Additionally, the user expresses a desire for happiness and contentment, which may be difficult to achieve without addressing the underlying issues of depression. Overall, the user's post suggests symptoms of depression, including feelings of hopelessness and despair, a desire to escape through alcohol, and a sense of being trapped in their life.\",\n    \"result\": \"Depression\"\n}"
    },
    {
      "index": 41,
      "label": "Depression",
      "response": "{\n    \"thought\": \"The user mentions having a lot of issues in life, including surgeries, language barriers, legal issues, and financial struggles. They also mention having a girlfriend but feeling like they're not enough for her. They express feeling depressed and having mood swings. They also mention feeling like they're having a harder time than others with similar issues. These symptoms are indicative of depression, which is characterized by persistent feelings of sadness, hopelessness, and a lack of interest in activities that were once enjoyed.\",\n    \"result\": \"Depression\"\n}"
    },
    {
      "index": 42,
      "label": "Depression",
      "response": "<answer>\n{\n    \"thought\": \"The user's post reveals a pattern of negative thinking, lack of motivation, and feelings of isolation. They also mention that talking about depression might make it worse, indicating a possible fear of vulnerability or concern about being judged. Additionally, the user has signed up for various activities to make themselves feel better, which suggests a desire for self-improvement and a willingness to seek help. However, they also mention that they don't join events, which could be a sign of social anxiety or avoidance.\",\n    \"result\": \"Anxiety\"\n}\n</answer>"
    },
    {
      "index": 43,
      "label": "Depression",
      "response": "<answer>\n{\n    \"thought\": \"The user's post contains statements about not being able to reach out to people and having a difficult time with VI, which may indicate feelings of isolation and anxiety. Additionally, the user mentions not needing to pay, which could be a sign of financial anxiety or stress.\",\n    \"result\": \"Anxiety\"\n}\n</answer>"
    },
    {
      "index": 44,
      "label": "Depression",
      "response": "{\n    \"thought\": \"The user is experiencing intense emotional highs and lows, which is a common symptom of bipolar disorder. They also mention feeling depressed and wanting to cry, which is another symptom of bipolar disorder. Additionally, they mention feeling safe when they are comforted and hugged, which could indicate a need for emotional support, another common symptom of bipolar disorder. Based on these symptoms, the mental disorder that best matches the user's post is bipolar.\",\n    \"result\": \"Bipolar\"\n}"
    },
    {
      "index": 45,
      "label": "Depression",
      "response": "{\n    \"thought\": \"The user is experiencing anxiety due to scheduled therapy and feeling anxious about talking to the therapist about their inner thoughts. They also mention feeling like they are losing sleep.\",\n    \"result\": \"Anxiety\"\n}"
    },
    {
      "index": 46,
      "label": "Depression",
      "response": "<answer>\n{\n    \"thought\": \"Based on the content of the posts, the user is experiencing suicidal thoughts and feelings of hopelessness. They mention taking pills and contemplating suicide, indicating a high risk of self-harm. Additionally, the user expresses a sense of despair and frustration with their life, suggesting a possible underlying mental disorder such as depression. However, the user also mentions playing and enjoying life, which could indicate a coping mechanism or a glimmer of hope. Overall, the user's posts suggest a high risk of self-harm and possible underlying depression.\",\n    \"result\": \"SuicideWatch\"\n}\n</answer>"
    },
    {
      "index": 47,
      "label": "Depression",
      "response": "{\n    \"thought\": \"The user's post suggests feelings of loneliness and difficulty making friends, which can be associated with anxiety disorders. The user also mentions a lack of appreciation, which can be linked to depression. However, the post does not indicate any specific thoughts or behaviors that are characteristic of bipolar disorder, and there is no direct reference to suicidal ideation. Based on the content of the post, the user's mental health status seems to be most closely associated with anxiety.\",\n    \"result\": \"Anxiety\"\n}"
    },
    {
      "index": 48,
      "label": "Depression",
      "response": "{\n    \"thought\": \"The user is experiencing a range of emotions including sadness, anger, and frustration. They are struggling to grieve properly and are having a hard time enjoying their favorite foods or activities. The user is also struggling to connect with their emotions and is feeling numb. This could be indicative of depression or anxiety.\",\n    \"result\": \"Depression\"\n}"
    },
    {
      "index": 49,
      "label": "Depression",
      "response": "<answer>\n{\n    \"thought\": \"The user is experiencing significant struggles in their daily life, such as difficulty in completing tasks and maintaining grades, feeling like a total failure, and experiencing difficulty in sleeping. They also mention feeling like they are removed from what's going on and feeling empty. These symptoms are indicative of depression.\",\n    \"result\": \"Depression\"\n}\n</answer>"
    },
    {
      "index": 50,
      "label": "Depression",
      "response": "{\n    \"thought\": \"The user's post indicates feelings of being weighed down by their friends' problems and a sense of frustration with venting to others. They also express a feeling of being worse off after discussing their problems with others. These symptoms suggest a potential anxiety disorder.\",\n    \"result\": \"Anxiety\"\n}"
    },
    {
      "index": 51,
      "label": "Depression",
      "response": "{\n    \"thought\": \"Based on the content of the post, the user appears to be experiencing a lack of motivation and drive, which could be indicative of depression. Additionally, the user mentions feeling like a shell of their former self, which could also suggest depression. Lastly, the user mentions not appreciating anything and not using their phone, which could be signs of depression as well. Therefore, the mental disorder that best matches the user is Depression.\",\n    \"result\": \"Depression\"\n}"
    },
    {
      "index": 52,
      "label": "Depression",
      "response": "{\n    \"thought\": \"The user is expressing distress over their friend being accused of rape, and feeling torn between their loyalty to their friend and their own moral code. They are also expressing anxiety and depression over the situation.\",\n    \"result\": \"Depression\"\n}"
    },
    {
      "index": 53,
      "label": "Depression",
      "response": "{\n    \"thought\": \"The user seems to be experiencing anxiety and depression based on the content of the post. They mention living with terror for decades and feeling lucky to have certain things in life, but also feeling like they don't have what others have and feeling like they're not good enough. They also mention being in darkness and being alone, which can be indicative of anxiety and depression. The post also includes a lot of repetition and seems to be written in a way that is not clear or easy to understand, which can be indicative of anxiety.\",\n    \"result\": \"Anxiety\"\n}"
    },
    {
      "index": 54,
      "label": "Depression",
      "response": "{\n    \"thought\": \"The user has feelings of worthlessness, anxiety, and emotional trauma. They have struggled with sleep problems and academic probation. They lash out at loved ones and have big dreams but are currently struggling. They also mention a past year of emotional trauma.\",\n    \"result\": \"Depression\"\n}"
    },
    {
      "index": 55,
      "label": "Depression",
      "response": "{\n    \"thought\": \"The user is expressing concern about their loved one's depression and potential self-harm. They are seeking advice on how to support their friend from afar. The user is also experiencing weight loss and lack of self-care, which could be indicative of their own depression or anxiety.\",\n    \"result\": \"Depression\"\n}"
    },
    {
      "index": 56,
      "label": "Depression",
      "response": "{\n    \"thought\": \"The user's posts show signs of depression, such as a lack of motivation and energy, feeling worthless, and negative self-talk. They also mention feeling isolated and criticized by others, which can contribute to depressive symptoms. Additionally, the user expresses a sense of hopelessness about their future and struggles to find meaning in their life, which are also common in depression. While the user's posts do not mention specific symptoms such as changes in appetite or sleep, their overall tone and content suggest a diagnosis of depression.\",\n    \"result\": \"Depression\"\n}"
    },
    {
      "index": 57,
      "label": "Depression",
      "response": "<answer>\n{\n    \"thought\": \"The user's post shows signs of depression and lack of motivation. They have a lot of responsibilities that they can't seem to handle and they feel like they don't have anyone to talk to. They are also struggling with social anxiety and have a hard time making friends. They have a history of academic struggles and are worried about being suspended. Overall, the user's post suggests that they are experiencing depression and may need professional help.\",\n    \"result\": \"Depression\"\n}\n</answer>"
    },
    {
      "index": 58,
      "label": "Depression",
      "response": "{\n    \"thought\": \"The user is expressing suicidal thoughts and feelings of exhaustion with life. They also mention a lack of close relationships and a desire to see what the future holds. These symptoms align with Depression.\",\n    \"result\": \"Depression\"\n}"
    },
    {
      "index": 59,
      "label": "Depression",
      "response": "{\n    \"thought\": \"The user expresses feelings of failure, low self-esteem, isolation, and a sense of burden on others. They also mention having a boyfriend and friends but feeling disconnected from them. The user's thoughts and feelings suggest depression, as they describe feeling awful and not feeling good. They also mention feeling like their entire future has collapsed, which is a common symptom of depression. Therefore, the mental disorder that best matches the user's content is Depression.\",\n    \"result\": \"Depression\"\n}"
    },
    {
      "index": 60,
      "label": "Offmychest",
      "response": "{\n    \"thought\": \"The user seems to be experiencing anxiety and depression as they mention feeling pressured by friends and family, and having suicidal thoughts. They also express feeling like they don't deserve their perfect life.\",\n    \"result\": \"Anxiety\"\n}"
    },
    {
      "index": 61,
      "label": "Offmychest",
      "response": "{\n    \"thought\": \"The user is expressing a difficulty in trusting others and forming close relationships. They also mention feeling like people are mostly idiots or unable to control their emotions, which could suggest some level of anxiety or paranoia. Additionally, they mention being in a serious relationship but feeling like they can't trust their partner and are mentally exhausted. These symptoms could be indicative of anxiety or depression.\",\n    \"result\": \"Anxiety\"\n}"
    },
    {
      "index": 62,
      "label": "Offmychest",
      "response": "{\n    \"thought\": \"The user is expressing frustration with a new friend who is a narcissist and only talks about herself. The user is trying to be a good friend and listen to her problems, but is starting to feel like the friendship is not worth it. The user is also mentioning their introverted personality and feeling like they don't have many friends. This could indicate anxiety or depression, but the user's tone is more frustrated and irritated than sad or anxious. Therefore, the best match for this user's mental disorder is Offmychest.\",\n    \"result\": \"Offmychest\"\n}"
    },
    {
      "index": 63,
      "label": "Offmychest",
      "response": "{\n    \"thought\": \"The user mentions spending a lot of money on drugs and alcohol, and having a rollercoaster of a year. They also mention wanting to start the new year fresh and ignoring invites to parties. These could be indicative of anxiety or depression.\",\n    \"result\": \"Depression\"\n}"
    },
    {
      "index": 64,
      "label": "Offmychest",
      "response": "{\n    \"thought\": \"The user is experiencing anxiety due to financial difficulties and the health of their pet. They are feeling overwhelmed and struggling to manage their bills. They also mention feeling disappointed and ungrateful towards their family, which suggests a possible depressive state. However, their primary concern appears to be the health of their pet and the financial burden it has placed on them.\",\n    \"result\": \"Anxiety\"\n}"
    },
    {
      "index": 65,
      "label": "Offmychest",
      "response": "{\n    \"thought\": \"The user's post contains a lot of negative and pessimistic thoughts about the country, government, and society. They seem to be very frustrated and disappointed with the current state of affairs. The post also mentions feelings of being tired, hopeless, and ungrateful. These are all indicators of depression.\",\n    \"result\": \"Depression\"\n}"
    },
    {
      "index": 66,
      "label": "Offmychest",
      "response": "{\n    \"thought\": \"The user is discussing the latest Reddit shooting and the predictability of hate crimes against minority groups, specifically Muslims. They also mention the debate that may ensue in the comments about gun safety and healthcare.\",\n    \"result\": \"SuicideWatch\"\n}"
    },
    {
      "index": 67,
      "label": "Offmychest",
      "response": "{\n    \"thought\": \"The user is expressing anxiety and distress due to their mother's breast cancer diagnosis and the upcoming surgery. They are also struggling with sleep and are trying to cope with the situation while also keeping their mother's condition private.\",\n    \"result\": \"Anxiety\"\n}"
    },
    {
      "index": 68,
      "label": "Offmychest",
      "response": "<answer>\n{\n    \"thought\": \"The user is worried about their new girlfriend's abusive ex-boyfriend and is concerned about her safety. The user is empathetic and has experienced similar situations in the past. The user is also concerned about the girlfriend's well-being and wants to help her. The user is also worried about their own feelings and wants to know if they are being overly cautious or if there is a real threat.\",\n    \"result\": \"Depression\"\n}\n</answer>"
    },
    {
      "index": 69,
      "label": "Offmychest",
      "response": "{\n    \"thought\": \"Based on the user's post, it seems that they are experiencing feelings of frustration and sadness in their relationship. They also express feeling lonely and resentful towards their partner. These feelings are indicative of depression and anxiety. The user also expresses a desire to do different things and be intimate with their partner, but seems to be struggling with this desire. This could indicate a need for therapy or counseling to address relationship issues. However, based on the post, the best match for the potential mental disorder is Depression.\",\n    \"result\": \"Depression\"\n}"
    },
    {
      "index": 70,
      "label": "Offmychest",
      "response": "{\n    \"thought\": \"The user's post shows signs of anxiety and depression. They are going through a difficult time with their family and marriage. They also mention having suicidal thoughts. Their writing style is rambling and disorganized, which is a common trait of individuals with anxiety and depression.\",\n    \"result\": \"Anxiety\"\n}"
    },
    {
      "index": 71,
      "label": "Offmychest",
      "response": "{\n    \"thought\": \"The user describes a traumatic event from their childhood where they were sexually abused by an adult. They describe feeling choked and embarrassed by the situation and how it has affected their life. They also mention feeling like they have been denied their potential due to the trauma. These symptoms align with depression as the user describes a sense of hopelessness and despair over the situation.\",\n    \"result\": \"Depression\"\n}"
    },
    {
      "index": 72,
      "label": "Offmychest",
      "response": "{\n    \"thought\": \"The user's post contains suicidal thoughts and they are expressing feelings of being trapped and unable to move forward. The mention of not being able to commit suicide suggests that they are struggling with suicidal ideation and may be in need of immediate support. The mention of not being able to move forward suggests a sense of hopelessness and despair, which are common symptoms of depression. The user's post also suggests a lack of control and a sense of being trapped, which are common symptoms of anxiety. Based on the content of the post, the most likely mental disorder is depression.\",\n    \"result\": \"Depression\"\n}"
    },
    {
      "index": 73,
      "label": "Offmychest",
      "response": "{\n    \"thought\": \"The user seems to be experiencing anxiety about cooking for their grandmother, who has limited mobility and lacks dexterity, and is also critical of their cooking skills. The user also mentions dread about the upcoming holidays, which could be related to anxiety or depression.\",\n    \"result\": \"Anxiety\"\n}"
    },
    {
      "index": 74,
      "label": "Offmychest",
      "response": "{\n    \"thought\": \"Based on the post, the user is showing signs of anxiety and depression. The user is struggling with the loss of their brother and the grief process, which is causing them to feel numb. They are also questioning their relationship and whether they will marry the girl they are with. The user's thoughts are jumbled and they seem to be experiencing a lot of emotional overload. They are also questioning whether they can move on from their past relationship and start a new one. Overall, the user is exhibiting signs of anxiety and depression due to their recent life events and relationship struggles.\",\n    \"result\": \"Depression\"\n}"
    },
    {
      "index": 75,
      "label": "Offmychest",
      "response": "{\n    \"thought\": \"The user's post contains descriptions of a traumatic event involving a thief, a fire alarm, and a chase. The user also mentions not knowing what to do and experiencing a bone crackling sound. These descriptions suggest that the user may be experiencing anxiety or post-traumatic stress disorder (PTSD).\",\n    \"result\": \"Anxiety\"\n}"
    },
    {
      "index": 76,
      "label": "Offmychest",
      "response": "{\n    \"thought\": \"The user is showing signs of anxiety and depression based on their posts. They are struggling with self-esteem and body image issues, and are experiencing difficulties in social situations. They also mention feeling overwhelmed and anxious about their mental health and seeking medical attention. However, they also express happiness and love for their boyfriend and a desire to improve their life. The user also mentions having depression as a child and being afraid of seeking medical attention due to fear of being made worse. These signs are consistent with depression and anxiety disorders.\",\n    \"result\": \"Depression\"\n}"
    },
    {
      "index": 77,
      "label": "Offmychest",
      "response": "{\n    \"thought\": \"The user's post expresses feelings of hopelessness, worthlessness, and being unable to find work. They also express guilt about eating and contributing to society. These symptoms are indicative of depression.\",\n    \"result\": \"Depression\"\n}"
    },
    {
      "index": 78,
      "label": "Offmychest",
      "response": "{\n    \"thought\": \"The user's posts suggest a lack of interest in their own life and the lives of others, which can be indicative of depression. They also express feelings of not being important, which can be a common symptom of depression. Additionally, the user's use of 'nothing' and 'pff' may indicate a lack of motivation or interest in their surroundings, which can be another symptom of depression. Based on these observations, the user may be experiencing depression.\",\n    \"result\": \"Depression\"\n}"
    },
    {
      "index": 79,
      "label": "Offmychest",
      "response": "{\n    \"thought\": \"The user is expressing a desire to give up on their education and is also experiencing romantic and emotional struggles. They also mention not being able to plan for their future. These factors suggest potential depression.\",\n    \"result\": \"Depression\"\n}"
    },
    {
      "index": 80,
      "label": "SuicideWatch",
      "response": "{\n    \"thought\": \"The user's post shows signs of suicidal ideation, depression, and anxiety. They express a desire to end their life and feel a lack of fulfillment in their current life situation. The user also mentions feeling overwhelmed and anxious about their situation. These symptoms align with the characteristics of depression and anxiety disorders.\",\n    \"result\": \"Depression\"\n}"
    },
    {
      "index": 81,
      "label": "SuicideWatch",
      "response": "{\n    \"thought\": \"The user is experiencing depression and is contemplating suicide. They are also feeling burdened by their life and the expectations of their loved ones. They seem to be struggling with finding happiness and purpose in their life. These symptoms align with depression and suicide watch.\",\n    \"result\": \"Depression\"\n}"
    },
    {
      "index": 82,
      "label": "SuicideWatch",
      "response": "<answer>\n{\n    \"thought\": \"The user is showing signs of depression due to the loss of their mother and contemplating suicide. They also mention feeling hopeless and having no one to turn to. This could indicate a potential mental disorder of depression.\",\n    \"result\": \"Depression\"\n}\n</answer>"
    },
    {
      "index": 83,
      "label": "SuicideWatch",
      "response": "{\n    \"thought\": \"The user is experiencing a lot of emotional pain and seems to be struggling with depression. They mention feeling like they're barely holding it together and that their life is tough. They also mention feeling like their ex cheated and stole from them, which could be contributing to their emotional distress. Additionally, they mention having financial problems and feeling like they're facing an absolute debilitating breakup, which could also be contributing to their depression. Overall, the user seems to be experiencing a lot of negative emotions and could benefit from talking to a professional about their struggles.\",\n    \"result\": \"Depression\"\n}"
    },
    {
      "index": 84,
      "label": "SuicideWatch",
      "response": "{\n    \"thought\": \"The user expresses a sense of despair and hopelessness, mentioning suicidal thoughts and an unsustainable lifestyle. They also express frustration with their current goals and a desire to create a video game. The user also mentions feeling out of touch with reality and a lack of social connections. These symptoms are indicative of depression.\",\n    \"result\": \"Depression\"\n}"
    },
    {
      "index": 85,
      "label": "SuicideWatch",
      "response": "{\n    \"thought\": \"The user's post indicates a suicidal ideation and a deep sense of despair, which are characteristic of depression. The user expresses a desire to end their life and mentions the impact on their loved ones if they were to die. This suggests a significant level of emotional pain and hopelessness. Additionally, the user's tone is melancholic and pessimistic, which further supports the diagnosis of depression.\",\n    \"result\": \"Depression\"\n}"
    },
    {
      "index": 86,
      "label": "SuicideWatch",
      "response": "{\n    \"thought\": \"The user's post shows signs of depression, as they mention downward spirals and the fact that they helped others who attempted suicide. They also mention feeling incredible pain, which could be a symptom of depression. The user also mentions not feeling great and having pride in helping others, which could indicate a sense of guilt or shame.\",\n    \"result\": \"Depression\"\n}"
    },
    {
      "index": 87,
      "label": "SuicideWatch",
      "response": "<answer>\n{\n    \"thought\": \"The user is expressing concern for a child who is threatening suicide on Skype. The user is asking for help on how to report this behavior.\",\n    \"result\": \"SuicideWatch\"\n}\n</answer>"
    },
    {
      "index": 88,
      "label": "SuicideWatch",
      "response": "{\n    \"thought\": \"The user's post suggests a lack of motivation and self-worth, as well as a feeling of being a burden to others. There is also mention of suicide and a lack of reason to carry on. These are all indicative of depression.\",\n    \"result\": \"Depression\"\n}"
    },
    {
      "index": 89,
      "label": "SuicideWatch",
      "response": "{\n    \"thought\": \"Based on the content of the post, the user appears to be experiencing anxiety and depression. They mention feeling like they need to kill themselves as a form of revenge, and they express feeling unsupported and misunderstood by their family members. They also mention having been diagnosed with learning disorders and cognitive issues, and having severe anxiety. Additionally, the user mentions feeling like their relationship with their sister is disappearing, and that their family members use them as a way to get out of the house. All of these factors point towards anxiety and depression as potential mental disorders.\",\n    \"result\": \"Depression\"\n}"
    },
    {
      "index": 90,
      "label": "SuicideWatch",
      "response": "{\n    \"thought\": \"The user's post indicates that they are experiencing depression and financial struggles, which are common symptoms of depression. Additionally, the user mentions feeling isolated and not being loved by anyone, which are also common symptoms of depression. The user's post does not indicate any symptoms of other mental disorders such as anxiety, bipolar disorder, or suicide watch.\",\n    \"result\": \"Depression\"\n}"
    },
    {
      "index": 91,
      "label": "SuicideWatch",
      "response": "{\n    \"thought\": \"The user is expressing a deep sense of loss and regret about a past relationship, and is feeling overwhelmed by the pain of the past. The user also mentions a narcissistic personality that has caused harm to their life, suggesting a lack of self-esteem and confidence. The user also expresses a desire to end their life, which indicates a high risk of suicidal behavior.\",\n    \"result\": \"Depression\"\n}"
    },
    {
      "index": 92,
      "label": "SuicideWatch",
      "response": "{\n    \"thought\": \"The user is struggling with procrastination and has been having difficulty completing tasks, which is a common symptom of depression. Additionally, the user mentions feeling suicidal and wanting to kill themselves, which is a serious symptom of depression. The user also expresses frustration and anger towards themselves and others, which can be indicative of depression. Finally, the user mentions feeling hopeless and having difficulty finding joy in things they used to enjoy, which is also consistent with depression.\",\n    \"result\": \"Depression\"\n}"
    },
    {
      "index": 93,
      "label": "SuicideWatch",
      "response": "<answer>\n{\n    \"thought\": \"The user's post shows a pattern of negative thoughts and feelings, such as being tired of everyday life, lacking joy, and being scared of the future. These thoughts and feelings are indicative of depression, as individuals with depression often experience feelings of hopelessness and despair.\",\n    \"result\": \"Depression\"\n}\n</answer>"
    },
    {
      "index": 94,
      "label": "SuicideWatch",
      "response": "<answer>\n{\n    \"thought\": \"The user is expressing feelings of exhaustion and frustration with their academic and financial situation. They also mention feeling like they've made 'dumb mistakes' and are struggling with a project. Additionally, they mention not receiving a response from a partner, which could indicate feelings of loneliness or social isolation. These factors can contribute to anxiety and depression.\",\n    \"result\": \"Depression\"\n}\n</answer>"
    },
    {
      "index": 95,
      "label": "SuicideWatch",
      "response": "{\n  \"thought\": \"Based on the user's posts, it appears that they are experiencing severe depression, anxiety, and suicidal thoughts. They have a history of mental health issues and have attempted suicide in the past. They also struggle with social interactions and have a difficult time making friends. The user's posts indicate a sense of hopelessness and despair, and they express a desire to end their life. The user also mentions experiencing anxiety and panic attacks. Overall, the user's posts suggest that they are suffering from depression and anxiety.\",\n  \"result\": \"Depression\"\n}"
    },
    {
      "index": 96,
      "label": "SuicideWatch",
      "response": "<answer>\n{\n    \"thought\": \"The user expresses feeling helpless, lonely, hopeless and is wondering if someone can offer guidance on what to do next. They also mention being bored and frustrated with life. These are common symptoms of depression.\",\n    \"result\": \"Depression\"\n}\n</answer>"
    },
    {
      "index": 97,
      "label": "SuicideWatch",
      "response": "<answer>\n{\n    \"thought\": \"Based on the user's post, it appears that they are experiencing anxiety and depression. They mention contemplating suicide and self-harming, which are signs of anxiety and depression. They also mention feeling drained and not caring about others, which are common symptoms of depression. Therefore, the mental disorder that best matches the user's post is Anxiety and Depression.\",\n    \"result\": \"Depression\",\n}\n</answer>"
    },
    {
      "index": 98,
      "label": "SuicideWatch",
      "response": "<answer>\n{\n    \"thought\": \"The user's post contains phrases such as 'killing myself' and 'the worst way possible', which indicate a high risk of suicide. Additionally, the user's post shows a lack of hope and positivity, suggesting that they may be experiencing depression. However, the overall tone of the post is also angry and vengeful, which could indicate a possible bipolar disorder. Therefore, the mental disorder that best matches the user's post is SuicideWatch.\",\n    \"result\": \"SuicideWatch\"\n}\n</answer>"
    },
    {
      "index": 99,
      "label": "SuicideWatch",
      "response": "{\n    \"thought\": \"The user's post shows a tendency to vent their frustrations and hurt feelings, indicating a possible anxiety disorder. They express negative thoughts about themselves and others, which can be a sign of anxiety. They also mention feeling hurt by words, which could indicate a heightened sensitivity to criticism. Additionally, they use phrases like \"didn't hafta bashing go me\" and \"Words hurt\", which suggest a possible fear of rejection or criticism. Overall, the user's post suggests that they may be experiencing anxiety due to their negative thoughts and heightened sensitivity.\",\n    \"result\": \"Anxiety\"\n}"
    }
  ]
}