{
  "SWMH_Low": [
    {
      "index": 0,
      "label": "Anxiety",
      "response": "{\n    \"thought\": \"The user describes a unique and complex set of feelings towards sunsets, which they find both familiar and scary, and have been experiencing since childhood. They also mention having anxiety and depersonalisation issues. The user's descriptions of their sunsets-induced feelings are quite vivid and emotive, indicating a deep emotional connection.\",\n    \"result\": \"Bipolar\"\n}"
    },
    {
      "index": 1,
      "label": "Anxiety",
      "response": "{\n    \"thought\": \"The user's post indicates a fluctuation in their anxiety levels over the past few months, which suggests an ability to recognize and manage their anxious thoughts. They also report an improvement in physical health and ability to perform daily activities. These changes suggest a capacity for self-reflection and adaptation.\",\n    \"result\": \"Anxiety\"\n}"
    },
    {
      "index": 2,
      "label": "Anxiety",
      "response": "{\n    \"thought\": \"The user appears to be experiencing overwhelming anxiety and is having trouble coping with it. They mention the Neutralitqy deal and its impact on their work, which suggests that their anxiety may be related to their professional life. Despite taking steps to address their anxiety, such as writing and posting letters, the user still feels uncertain about what to do, indicating a sense of powerlessness.\",\n    \"result\": \"Anxiety\"\n}"
    },
    {
      "index": 3,
      "label": "Anxiety",
      "response": "{\n    \"thought\": \"The user's post reveals a mix of confusion and despair, indicating a possible emotional struggle. The mention of 'depressant' and 'Owrite' suggests a possible attempt to express something but the presence of 'Anwd' and 'drinkingarkq' indicates a disconnection from the writing task, which could be a sign of a mental health issue.\",\n    \"result\": \"Depression\"\n}"
    },
    {
      "index": 4,
      "label": "Anxiety",
      "response": "{\n    \"thought\": \"The user's post conveys a sense of disorganization and anxiety, mentioning 'anxiouuuus' and 'dorganized' multiple times. This repetition suggests a possible preoccupation with these feelings. The text also implies a struggle with messy surroundings and an intense desire to be organized, which could be an attempt to cope with internal anxiety.\",\n    \"result\": \"Anxiety\"\n}"
    },
    {
      "index": 5,
      "label": "Anxiety",
      "response": "{\n    \"thought\": \"The user has been managing their anxiety for years but now is experiencing a plot twist, which indicates that their mental state is subject to change. They express frustration and a sense of losing control over their anxiety. They also mention considering visiting a doctor for further guidance. The user's tone is generally inquiring and seeking advice from others.\",\n    \"result\": \"Anxiety\"\n}"
    },
    {
      "index": 6,
      "label": "Anxiety",
      "response": "{\n    \"thought\": \"The user is experiencing significant stress due to sleep deprivation and job loss, which is causing their mind to constantly race. They are also struggling with their appetite. These symptoms have been ongoing for a week, suggesting a need for immediate attention.\",\n    \"result\": \"Anxiety\"\n}"
    },
    {
      "index": 7,
      "label": "Anxiety",
      "response": "{\n    \"thought\": \"The user's post is somewhat fragmented and unclear, but the mention of chest pains and a doctor's visit could indicate a physical health concern. The user's tone seems to be a mix of urgency and confusion. The use of 'drc' instead of 'doc' and the fragmented sentences may suggest a lack of clarity in thinking.\",\n    \"result\": \"Anxiety\"\n}"
    },
    {
      "index": 8,
      "label": "Anxiety",
      "response": "{\n    \"thought\": \"The user has been actively seeking information on the topic of fear and anxiety, as indicated by the article they want to link. They also express a sense of emptiness and a need to fill a void, as suggested by the phrase 'Life no fu.ll of su..'. The tone of the post appears to be somewhat disjointed and lacking in punctuation, which may indicate a disconnection or fragmentation in their thinking.\",\n    \"result\": \"Bipolar\"\n}"
    },
    {
      "index": 9,
      "label": "Anxiety",
      "response": "{\n    \"thought\": \"The user's post reveals an anxious concern about meeting others' high expectations, particularly that of a professor. The user feels a perpetual fear of disappointing others and is worried about how others perceive them. This is evident in the user's statement about being anxious when complimented and their fear of not meeting expectations.\",\n    \"result\": \"Anxiety\"\n}"
    },
    {
      "index": 10,
      "label": "Anxiety",
      "response": "{\n    \"thought\": \"The user describes severe anxiety and panic attacks that are significantly impacting their daily life. They also express feelings of disconnection and sensitivity to their environment, as well as physical symptoms such as digestive issues. These symptoms have led them to visit the hospital for further examination, indicating a high level of distress.\",\n    \"result\": \"Anxiety\"\n}"
    },
    {
      "index": 11,
      "label": "Anxiety",
      "response": "{\n    \"thought\": \"The user is expressing a deep sense of loss and desperation due to the sudden change in their girlfriend's behavior, indicating a high level of emotional distress and need for reassurance.\",\n    \"result\": \"Depression\"\n}"
    },
    {
      "index": 12,
      "label": "Anxiety",
      "response": "{\n    \"thought\": \"The user's posts reveal a significant amount of anxiety and distress related to their partner's upcoming separation, which is triggering feelings of loneliness and depression. The user is worried about their partner's infidelity and the quality of their relationship, indicating an underlying fear of abandonment. Additionally, the user has a history of generalized anxiety disorder (GAD) and has been working with a relationship counselor. The user's emotional regulation is affected by their partner's absences, and they express a strong desire to be with their partner, which is causing them to feel guilty and anxious.\",\n    \"result\": \"Anxiety\"\n}"
    },
    {
      "index": 13,
      "label": "Anxiety",
      "response": "{\n    \"thought\": \"The user's post reveals a pattern of obsessive thinking and compulsions related to a physical symptom (a bump on the lips), which triggered a series of anxiety-driven thoughts and behaviors, such as calling a doctor, contacting friends for reassurance, and considering breaking up with a boyfriend. The user's fear of herpes and the potential consequences of not being believed by their partner are significant. Additionally, the user's emotional state is marked by intense crying, physical immobility, and feelings of impending doom.\",\n    \"result\": \"Anxiety\"\n}"
    },
    {
      "index": 14,
      "label": "Anxiety",
      "response": "{\n    \"thought\": \"The user's post contains fragmented sentences and unclear expressions, which may indicate a difficulty in coherent thought processes. Additionally, the use of 'I nobody' and 'don't nowhere' suggests a possible disconnection from reality.\",\n    \"result\": \"Offmychest\"\n}"
    },
    {
      "index": 15,
      "label": "Anxiety",
      "response": "{\n    \"thought\": \"The user expresses frustration and disappointment due to a package mix-up and the resulting delay, but overall the tone is still matter-of-fact and the user seems to be handling the situation in a relatively calm and rational manner. Although the user mentions feeling 'upset' and 'down', these emotions are not presented as overwhelming or debilitating.\",\n    \"result\": \"Anxiety\"\n}"
    },
    {
      "index": 16,
      "label": "Anxiety",
      "response": "{\n    \"thought\": \"The user describes a range of intense emotional experiences including anxiety, hopelessness, and a knot of tension in the stomach. They mention a caregiver's despondent response to a questionnaire, which affected the user deeply. The user then describes a peaceful moment of meditation that brought them relief. This combination of emotional highs and lows suggests a complex mental state.\",\n    \"result\": \"Depression\"\n}"
    },
    {
      "index": 17,
      "label": "Anxiety",
      "response": "{\n    \"thought\": \"The user is experiencing significant emotional distress and is considering taking a large dose of their medication, which is a red flag. They also express a desire to die and have a fever, which could be a sign of serotonin syndrome, a potentially life-threatening condition.\",\n    \"result\": \"SuicideWatch\"\n}"
    },
    {
      "index": 18,
      "label": "Anxiety",
      "response": "{\n    \"thought\": \"The user is inquiring about natural supplements and remedies to help with moderate work anxiety. They seem to be open to exploring alternative solutions. The mention of '12hr' and 'b.egining' suggests they work night shifts, which can be particularly challenging. I'm looking for a way to ease the transition into their shift.\",\n    \"result\": \"Anxiety\"\n}"
    },
    {
      "index": 19,
      "label": "Anxiety",
      "response": "{\n    \"thought\": \"The user is inquiring about the causes of anxiety, referencing potential past events or genetic predisposition. They are also discussing the relationship between past failures and anxiety. The user's tone suggests they are seeking understanding and possibly a sense of control over their anxiety.\",\n    \"result\": \"Anxiety\"\n}"
    },
    {
      "index": 20,
      "label": "Bipolar",
      "response": "{\n    \"thought\": \"The user has been dealing with depression and manic episodes since their teenage years, has been on medication for a while, and is open about their struggles with mental health. They express a desire to remove the stigma around seeking help and are currently involved in their community despite their challenges. This indicates a level of resilience and a commitment to living a fulfilling life.\",\n    \"result\": \"Depression\"\n}"
    },
    {
      "index": 21,
      "label": "Bipolar",
      "response": "{\n    \"thought\": \"The user is experiencing significant stress due to family and social pressures, as indicated by the impending holiday meal preparations, relationship tensions, and a near-accident on the way to work. The user's language and punctuation suggest a possible emotional overload, with phrases like 'I'm rigzht trying now' and 'freeaaking a thread away from totalF a meltdown.' The user's use of emojis and exclamation marks also indicate a heightened emotional state.\",\n    \"result\": \"Anxiety\"\n}"
    },
    {
      "index": 22,
      "label": "Bipolar",
      "response": "{\n    \"thought\": \"The user is expressing concerns about their medication regimen and its effectiveness in managing their mood and preventing potential weight gain and diabetes. They mention two medications, Cymbalta and Zyprexa, and express dissatisfaction with their current treatment plan. The user also mentions studying for something, possibly indicating they are a student.\",\n    \"result\": \"Anxiety\"\n}"
    },
    {
      "index": 23,
      "label": "Bipolar",
      "response": "{\n  \"thought\": \"The user's mother has been experiencing significant emotional and psychological changes, including a loss of interest in communicating with her son and exhibiting catatonic behavior. She has also shown improvement in cognitive function and emotional expression after her medications were adjusted.\",\n  \"result\": \"Bipolar\"\n}"
    },
    {
      "index": 24,
      "label": "Bipolar",
      "response": "{\n    \"thought\": \"The user is referring to a recent diagnosis of bipolar disorder and is taking sodium valproate. They express uncertainty about their expectations from the treatment and seem to be experiencing some difficulties in managing their diet.\",\n    \"result\": \"Depression\"\n}"
    },
    {
      "index": 25,
      "label": "Bipolar",
      "response": "{\n    \"thought\": \"The user is expressing a need for relief from anxiety and OCD symptoms while also mentioning existing bipolar disorder and current treatments. They seem to be exploring alternative options due to existing treatment limitations.\",\n    \"result\": \"Anxiety\"\n}"
    },
    {
      "index": 26,
      "label": "Bipolar",
      "response": "{\n    \"thought\": \"The user is showing signs of mania in their spending habits and financial decisions, which has led to significant financial losses. They also mention having difficulty managing time and credits in college, indicating a possible struggle with impulsivity and planning.\",\n    \"result\": \"Bipolar\"\n}"
    },
    {
      "index": 27,
      "label": "Bipolar",
      "response": "{\n    \"thought\": \"The user is experiencing significant frustration and distress due to difficulties in obtaining their prescription medication. They express a sense of urgency and desperation, which may indicate a high level of anxiety. Additionally, the user's post contains a stream of consciousness, with rapid changes in thought and language, which could be indicative of a mood disorder.\",\n    \"result\": \"Bipolar\"\n}"
    },
    {
      "index": 28,
      "label": "Bipolar",
      "response": "{\n    \"thought\": \"The user describes a history of dissociative episodes that last about 5 years, which are characterized by memory loss and confusion. These episodes are described as terrifying and cause significant distress. The user also mentions fear of losing control while driving and a general feeling of being scared. Additionally, they express a need for answers about their condition.\",\n    \"result\": \"Depression\"\n}"
    },
    {
      "index": 29,
      "label": "Bipolar",
      "response": "{\n    \"thought\": \"The user's posts indicate a struggle with bipolar disorder symptoms, such as flashbacks and hypomanic episodes. They express anger and frustration, and there is a sense of losing stability and feeling misunderstood by others.\",\n    \"result\": \"Bipolar\"\n}"
    },
    {
      "index": 30,
      "label": "Bipolar",
      "response": "{\n    \"thought\": \"The user's post appears to be a jumbled collection of words and phrases, which may indicate a lack of coherence in their thinking. The presence of seemingly unrelated words and phrases, such as 'Do none they cause stress' and 'The never w.orld inter..', could be a symptom of disorganized thinking, which is sometimes seen in individuals with certain mental health conditions. Additionally, the user's post may be an attempt to express a sense of overwhelm and confusion.\",\n    \"result\": \"Anxiety\"\n}"
    },
    {
      "index": 31,
      "label": "Bipolar",
      "response": "{\n    \"thought\": \"The user's post appears to be a stream-of-consciousness narrative that jumps between various ideas and concepts. The language used is often fragmented and lacks coherence. The user seems to be exploring the idea of synchronicities and their personal experiences with what they describe as 'psychotic two farMania.' The text also contains references to studying and keys, which could indicate a disconnect between the user's thoughts and their immediate environment.\",\n    \"result\": \"Bipolar\"\n}"
    },
    {
      "index": 32,
      "label": "Bipolar",
      "response": "{\n    \"thought\": \"The user is discussing a possible link between seasonal changes and their mood, mentioning a pattern of manic episodes occurring in late winter/early fall. They also mention the presence of strange behavioral patterns at certain times of the year.\",\n    \"result\": \"Bipolar\"\n}"
    },
    {
      "index": 33,
      "label": "Bipolar",
      "response": "{\n    \"thought\": \"The user is expressing concerns about job security and the termination process, indicating a high level of stress and anxiety. The user is seeking advice from others who may have experienced similar situations, and is looking for guidance on how to navigate the exiting process. The user's posts are fragmented and contain typos, which may indicate a lack of emotional regulation.\",\n    \"result\": \"Anxiety\"\n}"
    },
    {
      "index": 34,
      "label": "Bipolar",
      "response": "{\n    \"thought\": \"The user is experiencing anxiety due to their struggles with accessing their prescribed medication, which is affecting their mental state. They are facing a difficult time with their insurance and medical appointments, causing them significant stress.\",\n    \"result\": \"Anxiety\"\n}"
    },
    {
      "index": 35,
      "label": "Bipolar",
      "response": "{\n    \"thought\": \"The user expresses intense self-loathing and negative emotions towards themselves, mentioning a pattern of hating themselves. They also mention having a new job and spending most of their day in a car, which seems to exacerbate their condition. They mention being active on the internet platform Reddit, where they feel anonymous and able to express themselves. They also indicate they don't enjoy listening to others' opinions.\",\n    \"result\": \"Depression\"\n}"
    },
    {
      "index": 36,
      "label": "Bipolar",
      "response": "{\n    \"thought\": \"The user expresses a great deal of anxiety and frustration with their recent visit to the psychiatrist, mentioning that they were anxious and foggy during the appointment. They also mention a series of negative experiences with healthcare professionals and a sense of being misunderstood by those closest to them. Furthermore, they seem to be convinced that medication is a viable option for managing their condition, despite having mixed feelings about the healthcare system.\",\n    \"result\": \"Anxiety\"\n}"
    },
    {
      "index": 37,
      "label": "Bipolar",
      "response": "{\n    \"thought\": \"The user has been experiencing suicidal thoughts, which is a severe mental health concern. The user also mentions taking Wellbutrin and experiencing a crash after stopping it, which can be related to mood changes. Furthermore, the user expresses difficulty in enjoying activities they used to like, such as playing video games, and indicates a sense of not being able to function normally. Additionally, the user mentions paying bills, which could be a source of stress.\",\n    \"result\": \"Depression\"\n}"
    },
    {
      "index": 38,
      "label": "Bipolar",
      "response": "{\n    \"thought\": \"The user's post indicates a struggle with seasonal affective disorder, as they mention winter depression and its impact on their medication and mental state. The fact that they are seeking help and trying to understand their condition suggests a desire for change and improvement.\",\n    \"result\": \"Bipolar\"\n}"
    },
    {
      "index": 39,
      "label": "Bipolar",
      "response": "{\n    \"thought\": \"The user's post appears to be a mix of questions and personal thoughts regarding their family history of potential disorders, specifically DHD and depression, and their own diagnosis of bipolar disorder. They seem to be searching for information on genetic predisposition and diagnosis through genetic testing. The text does not indicate any immediate risk of harm to themselves or others.\",\n    \"result\": \"Bipolar\"\n}"
    },
    {
      "index": 40,
      "label": "Depression",
      "response": "{\n    \"thought\": \"The user expresses a desire for a balance between the hedonistic pursuit of happiness and the sober state of contentment, indicating an internal conflict and self-reflective state. The user's writing is characterized by fragmented sentences and unclear transitions, suggesting a possible lack of coherence in thought processes.\",\n    \"result\": \"Anxiety\"\n}"
    },
    {
      "index": 41,
      "label": "Depression",
      "response": "{\n    \"thought\": \"The user has been experiencing a series of significant challenges and stressors throughout their life, including medical issues, language barriers, financial struggles, and relationship problems. These challenges have had a profound impact on their mental health, leading to feelings of depression and anxiety.\",\n    \"result\": \"Depression\"\n}"
    },
    {
      "index": 42,
      "label": "Depression",
      "response": "{\n    \"thought\": \"The user is expressing feelings of isolation, sadness, and fear when interacting with friends who seem to be doing better than them. They are also showing a sense of purpose through volunteering and joining community groups, but seem to be struggling with maintaining connections with others.\",\n    \"result\": \"Depression\"\n}"
    },
    {
      "index": 43,
      "label": "Depression",
      "response": "{\n    \"thought\": \"The user's post indicates a sense of isolation and difficulty in connecting with others, which could be a sign of depression.\",\n    \"result\": \"Depression\"\n}"
    },
    {
      "index": 44,
      "label": "Depression",
      "response": "{\n    \"thought\": \"The user's post suggests a heightened sensitivity to negative comments and a tendency to become overly emotional in response to perceived slights. They also express a deep need for physical comfort and emotional safety. These feelings seem to be quite overwhelming for the user.\",\n    \"result\": \"Depression\"\n}"
    },
    {
      "index": 45,
      "label": "Depression",
      "response": "{\n    \"thought\": \"The user's post indicates a high level of anxiety and agitation, as they express difficulty speaking to people and an upcoming therapy appointment. They also mention shaking and having trouble sleeping, which suggests a significant emotional burden.\",\n    \"result\": \"Anxiety\"\n}"
    },
    {
      "index": 46,
      "label": "Depression",
      "response": "{\n    \"thought\": \"The user's post conveys a deep sense of hopelessness and despair, indicating an intense emotional struggle. The repetition of suicidal thoughts and actions suggests a high level of distress and a possible lack of coping strategies. The user also expresses a desire to escape the continuous suffering and pain, which is a common theme in individuals experiencing severe depression.\",\n    \"result\": \"Depression\"\n}"
    },
    {
      "index": 47,
      "label": "Depression",
      "response": "{\n    \"thought\": \"The user expresses feelings of isolation and disconnection from friends due to their relocation to a new school, indicating a potential struggle in forming new relationships. They also seem to be struggling with feeling appreciated and understood.\",\n    \"result\": \"Anxiety\"\n}"
    },
    {
      "index": 48,
      "label": "Depression",
      "response": "{\n    \"thought\": \"The user's post conveys a sense of emotional numbness and disconnection from their surroundings, which is a common symptom of depression. The user mentions that they can't feel joy or sadness as they should, and their body feels like it's on auto-pilot. They also express a longing to feel pain and to grieve properly for their grandfather, indicating a need for emotional expression and validation.\",\n    \"result\": \"Depression\"\n}"
    },
    {
      "index": 49,
      "label": "Depression",
      "response": "{\n    \"thought\": \"The user is experiencing severe emotional distress and is questioning their ability to continue their studies. They feel disconnected from their classes and fraternity life, and are considering taking a semester off due to feelings of hopelessness and desperation. They are struggling with sleep, daily tasks, and relationships, indicating a significant impact on their daily functioning.\",\n    \"result\": \"Depression\"\n}"
    },
    {
      "index": 50,
      "label": "Depression",
      "response": "{\n    \"thought\": \"The user appears to be experiencing a pattern of behavior where they feel like they're burdening their friends with their problems, and as a result, they're starting to feel the weight of their emotions. They seem to be looking for a way to share their load without affecting others. The posts suggest a need for emotional support and a possible lack of confidence in their ability to manage their emotions.\",\n    \"result\": \"Anxiety\"\n}"
    },
    {
      "index": 51,
      "label": "Depression",
      "response": "{\n    \"thought\": \"The user expresses a sense of loss of enthusiasm and drive, feeling like a shell of their former self. They also mention not appreciating things they used to love and not using their phone, which could indicate a disconnection from their usual activities and social interactions.\",\n    \"result\": \"Depression\"\n}"
    },
    {
      "index": 52,
      "label": "Depression",
      "response": "{\n    \"thought\": \"The user is experiencing a difficult decision-making process due to conflicting loyalties and a severe moral dilemma. They are torn between their long-standing friendship with A and the allegations of misconduct against him. The user's description of their emotional state, feeling 'thinng' and 'alÐ¾ne', suggests they are indeed suffering. The user's use of strong language to express their distress also indicates their emotional turmoil. Furthermore, the user's consideration of the potential consequences of cutting ties with A and the impact on their life with HLP shows a level of maturity and responsibility.\",\n    \"result\": \"Depression\"\n}"
    },
    {
      "index": 53,
      "label": "Depression",
      "response": "{\n    \"thought\": \"The user is describing a sense of overwhelming terror that has been their constant companion for decades. They express gratitude for the presence of their family, who they feel they couldn't have coped without. The user also conveys a sense of empathy for those who may be struggling alone, highlighting their own experiences of pain and resilience.\",\n    \"result\": \"Depression\"\n}"
    },
    {
      "index": 54,
      "label": "Depression",
      "response": "{\n    \"thought\": \"The user is expressing a lot of emotional pain and distress, indicated by the use of strong language and the description of lashing out at loved ones. She also mentions academic and personal struggles, sleep problems, and a history of emotional trauma. Her words convey a sense of desperation and frustration.\",\n    \"result\": \"Depression\"\n}"
    },
    {
      "index": 55,
      "label": "Depression",
      "response": "{\n    \"thought\": \"The user describes a friend's severe depression symptoms and the user's concern for their friend's well-being. The friend has been spiraling down, showing signs of depression such as weight loss and lack of self-care. The user is trying to support their friend from a distance, but feels limited in their ability to do so.\",\n    \"result\": \"Depression\"\n}"
    },
    {
      "index": 56,
      "label": "Depression",
      "response": "{\n    \"thought\": \"The user expresses a sense of lethargy and disconnection from their own life and achievements. They seem to be struggling with feelings of hopelessness and a lack of energy to pursue their goals. The user also mentions constant yawning and dozing off, which could be indicative of underlying mental health concerns.\",\n    \"result\": \"Depression\"\n}"
    },
    {
      "index": 57,
      "label": "Depression",
      "response": "{\n    \"thought\": \"The user is experiencing a sense of disconnection and isolation, as evidenced by their lack of motivation, declining academic performance, and limited social interactions. They seem to be struggling with finding a balance between different social groups and activities.\",\n    \"result\": \"Depression\"\n}"
    },
    {
      "index": 58,
      "label": "Depression",
      "response": "{\n    \"thought\": \"The user expresses feelings of being stuck in life, having suicidal thoughts, and a sense of exhaustion. They mention their limited experience in relationships and feel disappointed with their life's current state. They also express frustration at not finding a suitable job and a sense of isolation. The user's writing style suggests a sense of desperation and a need for change.\",\n    \"result\": \"Depression\"\n}"
    },
    {
      "index": 59,
      "label": "Depression",
      "response": "{\n    \"thought\": \"The user describes feeling isolated, having low self-esteem, and struggling with their internship, which led them to feel like a complete failure. They express a need for help and answers, but feel like they're burdening others with their problems. This could indicate feelings of depression.\",\n    \"result\": \"Depression\"\n}"
    },
    {
      "index": 60,
      "label": "Offmychest",
      "response": "{\n    \"thought\": \"The user presents a complex mix of feelings, on one hand describing a seemingly perfect life with numerous accomplishments and opportunities, but on the other hand expressing feelings of pressure and an unknown reason for cutting. The user's tone shifts from enthusiastic to seemingly anxious and uncertain.\",\n    \"result\": \"Anxiety\"\n}"
    },
    {
      "index": 61,
      "label": "Offmychest",
      "response": "{\n    \"thought\": \"The user's post suggests a pattern of rapidly changing emotional responses towards people they find interesting, which leads to a quick start and end of relationships. They also express frustration with the idea of getting close to others and a belief that people are either idiots or cannot control their emotions.\",\n    \"result\": \"Bipolar\"\n}"
    },
    {
      "index": 62,
      "label": "Offmychest",
      "response": "{\n    \"thought\": \"The user is experiencing a moral dilemma about a new friendship that has been developing over the summer. The user is an introvert who was initially excited about making a new friend, but has now begun to feel frustrated and confused. This is because the user's new friend appears to be a narcissist who only talks about herself and doesn't show interest in the user's life. The user has tried to be a good listener and give input when necessary, but feels unappreciated and undervalued. The user is questioning the value of this friendship and whether it's worth continuing.\",\n    \"result\": \"Anxiety\"\n}"
    },
    {
      "index": 63,
      "label": "Offmychest",
      "response": "{\n    \"thought\": \"The user has had a year of partying and has chosen to celebrate NYE alone, indicating they might be prioritizing personal time. Despite the rollercoaster year, they express a desire to start anew, suggesting they are looking forward to the future. There's no indication of suicidal thoughts, extreme mood swings, or excessive spending that would point to bipolar disorder. While they did spend a significant amount on drugs and alcohol, it's not clear if this is a cause for concern. Overall, the tone of the post seems to be one of self-care and introspection.\",\n    \"result\": \"Offmychest\"\n}"
    },
    {
      "index": 64,
      "label": "Offmychest",
      "response": "{\n    \"thought\": \"The user is experiencing significant emotional distress due to financial difficulties and a pet's illness, which has led to a substantial amount of stress and anxiety. The user's narrative is fragmented and includes numerous spelling and grammatical errors, suggesting a possible preoccupation with the current situation and a lack of attention to detail in other areas of life. Additionally, the user's mention of not being able to afford pet care and the possibility of having to put the pet down indicates a severe economic burden.\",\n    \"result\": \"Anxiety\"\n}"
    },
    {
      "index": 65,
      "label": "Offmychest",
      "response": "{\n    \"thought\": \"The user expresses deep frustration and despair towards various aspects of the country's governance and society, including education, healthcare, economy, and infrastructure. The content of the post indicates a strong sense of disillusionment and a lack of faith in the government and institutions.\",\n    \"result\": \"Anxiety\"\n}"
    },
    {
      "index": 66,
      "label": "Offmychest",
      "response": "{\n    \"thought\": \"The user seems to be commenting on the inconsistent way society reacts to mass shootings based on the perpetrator's race and religion, expressing frustration and disappointment over the lack of substantial discussions on mental health and gun control. The user also touches on the importance of breakfast and its relation to mental health. I can infer that the user might be experiencing anxiety due to the chaotic and seemingly illogical responses to these tragic events.\",\n    \"result\": \"Anxiety\"\n}"
    },
    {
      "index": 67,
      "label": "Offmychest",
      "response": "{\n    \"thought\": \"The user is dealing with a family member's serious health issue, which is causing them significant emotional distress. They are struggling to cope with the impending medical procedures and the news of the cancer diagnosis. The user's use of 'cannn't' and 'tryyyyinPg' indicates a mix of anxiety and frustration in their language. They also express a strong desire to protect their mother's emotional well-being.\",\n    \"result\": \"Anxiety\"\n}"
    },
    {
      "index": 68,
      "label": "Offmychest",
      "response": "{\n    \"thought\": \"The user's post reveals a concern for a friend's well-being and a willingness to help, but also expresses frustration and helplessness in dealing with the situation. The user is worried about their friend's abusive ex-boyfriend's behavior and its potential impact on the new girlfriend. The user's language suggests they are trying to understand the ex-boyfriend's actions and motivations, indicating a deep-seated desire to help. However, the user's frustration with the situation and the friend's family's handling of it is palpable.\",\n    \"result\": \"Anxiety\"\n}"
    },
    {
      "index": 69,
      "label": "Offmychest",
      "response": "{\n    \"thought\": \"The user's post expresses feelings of frustration and hurt due to the drifting apart of their relationship. They are struggling to reconcile their own desires for intimacy and their partner's desire to be alone. This is causing them significant emotional distress.\",\n    \"result\": \"Depression\"\n}"
    },
    {
      "index": 70,
      "label": "Offmychest",
      "response": "{\n    \"thought\": \"The user's post suggests a complex web of marital and family issues, including communication problems, infidelity, and emotional distress. The user's tone is one of frustration, desperation, and confusion. I've noticed that the user's wife has been acting strangely, including a significant decrease in intimacy and a possible emotional affair. The user is torn between wanting to save the marriage and feeling the need to protect himself from further emotional harm.\",\n    \"result\": \"Depression\"\n}"
    },
    {
      "index": 71,
      "label": "Offmychest",
      "response": "{\n  \"thought\": \"The user is describing a traumatic experience from their past that has had a lasting impact on their emotional well-being. They are experiencing feelings of shame, fear, and anxiety, which are common reactions to such events. The user's narrative suggests a deep emotional distress and a struggle to come to terms with their history.\",\n  \"result\": \"Depression\"\n}"
    },
    {
      "index": 72,
      "label": "Offmychest",
      "response": "{\n    \"thought\": \"The user's post suggests they are having suicidal thoughts, with phrases such as 'commit by suicide' and 'trying to by st'. This indicates a potential mental health crisis.\",\n    \"result\": \"SuicideWatch\"\n}"
    },
    {
      "index": 73,
      "label": "Offmychest",
      "response": "{\n    \"thought\": \"The user is expressing frustration and desperation due to being micromanaged by their grandmother, who has dementia. This is causing the user significant emotional distress. The user is also expressing concern about the upcoming holidays and the strain it will put on their relationship with their grandmother.\",\n    \"result\": \"Anxiety\"\n}"
    },
    {
      "index": 74,
      "label": "Offmychest",
      "response": "{\n    \"thought\": \"The user's post reveals a complex emotional state, with elements of loss, grief, and introspection. They describe a past relationship and its termination, as well as their current emotional state following a family tragedy. The user's writing style is characterized by its poetic and expressive nature, with a focus on the depth of their emotional experiences.\",\n    \"result\": \"Depression\"\n}"
    },
    {
      "index": 75,
      "label": "Offmychest",
      "response": "{\n    \"thought\": \"The user experienced a traumatic event and responded with instinctual actions in a state of panic. The user's narrative reveals a sequence of events that triggered a fight-or-flight response, which is a common physiological reaction to perceived threats. The user's physical reactions, such as the racing heartbeat and the feeling of pain from the fall, are also consistent with this response. Additionally, the user's hesitation and confusion in the face of the emergency and the thief's actions may indicate a level of anxiety.\",\n    \"result\": \"Anxiety\"\n}"
    },
    {
      "index": 76,
      "label": "Offmychest",
      "response": "{\n    \"thought\": \"The user expresses a mix of happiness and anxiety, with a strong emphasis on their relationship and weight loss. They seem to be grappling with feelings of self-doubt, insecurity, and an intense desire to be loved and accepted. The user's thoughts are often fragmented and lacking in linearity, indicating a possible difficulty in organizing and processing their thoughts.\",\n    \"result\": \"Anxiety\"\n}"
    },
    {
      "index": 77,
      "label": "Offmychest",
      "response": "{\n    \"thought\": \"The user's post conveys a sense of hopelessness and despair, with mentions of feeling worthless, struggling to find employment, and relying on family and friends for support. They also express difficulties with daily functioning and self-care, including eating. The user's writing style is marked by grammatical errors and fragmented sentences, which may indicate a lack of energy and motivation.\",\n    \"result\": \"Depression\"\n}"
    },
    {
      "index": 78,
      "label": "Offmychest",
      "response": "{\n    \"thought\": \"The user's post is written in a fragmented and disjointed manner, indicating a possible struggle with coherent thought processes. The use of 'nothing' and '[deleted]' suggests a void or suppression of emotions and ideas, which may be indicative of emotional pain or secrecy.\",\n    \"result\": \"Depression\"\n}"
    },
    {
      "index": 79,
      "label": "Offmychest",
      "response": "{\n    \"thought\": \"The user's post seems to be a jumbled mix of words and phrases, with no clear narrative or coherent message. The presence of fragmented sentences and excessive use of punctuation marks suggests a disorganized thinking process.\",\n    \"result\": \"Bipolar\"\n}"
    },
    {
      "index": 80,
      "label": "SuicideWatch",
      "response": "{\n    \"thought\": \"The user is experiencing deep emotional pain and is grappling with the meaning of life and their existence. They express a sense of desperation and hopelessness, indicated by phrases like 'point of return' and 'what reasons I do have to only live?' which suggest a severe level of emotional distress.\",\n    \"result\": \"SuicideWatch\"\n}"
    },
    {
      "index": 81,
      "label": "SuicideWatch",
      "response": "{\n    \"thought\": \"The user's post conveys a sense of desperation and hopelessness. The repeated use of the word'sorry' and expressions like'mamata' and 'zpgdmhlt' suggest a deep emotional pain and a possible desire to end one's life. The user also mentions feeling a burden to their girlfriend, parents, and family, indicating a sense of responsibility and love that is causing them distress.\",\n    \"result\": \"SuicideWatch\"\n}"
    },
    {
      "index": 82,
      "label": "SuicideWatch",
      "response": "{\n    \"thought\": \"The user is experiencing immense grief and loss due to their mother's illness and the impending loss they will face. The user is also expressing feelings of helplessness and despair, contemplating suicide as a possible escape from their pain. The user's age and status as a college student suggest they are in a critical period of life, and the weight of these emotions is compounded by their isolation from family and the uncertainty of the future.\",\n    \"result\": \"Depression\"\n}"
    },
    {
      "index": 83,
      "label": "SuicideWatch",
      "response": "{\n    \"thought\": \"The user is describing a series of significant life events that have caused them substantial emotional distress, including a painful breakup and financial issues. They express a sense of being overwhelmed and in need of support.\",\n    \"result\": \"Depression\"\n}"
    },
    {
      "index": 84,
      "label": "SuicideWatch",
      "response": "{\n    \"thought\": \"The user expresses a strong sense of dedication to their video game project and feels a deep emotional connection to it. They also mention feeling isolated and desperate, with a sense of being out of touch with reality. Their language and thought process seem to be influenced by their project, which has become an all-consuming force in their life. This level of obsession may be causing them significant distress and impacting their ability to connect with others.\",\n    \"result\": \"Bipolar\"\n}"
    },
    {
      "index": 85,
      "label": "SuicideWatch",
      "response": "{\n    \"thought\": \"The user's post suggests a sense of desperation and a cry for help. They mention a loved one and parents, indicating a strong emotional connection. The mention of death and regret may indicate a mental health concern.\",\n    \"result\": \"SuicideWatch\"\n}"
    },
    {
      "index": 86,
      "label": "SuicideWatch",
      "response": "{\n    \"thought\": \"The user has a history of helping others on a website dealing with suicide, indicating a strong empathetic nature. They have been involved in several successful interventions, showing their ability to take action in critical situations. However, the tone of the post reveals a sense of desperation and a downward spiral in the user's own life, which they are experiencing for the first time. The user has reached out for help, which is a positive step.\",\n    \"result\": \"Depression\"\n}"
    },
    {
      "index": 87,
      "label": "SuicideWatch",
      "response": "{\n    \"thought\": \"The user is concerned about a 12-year-old boy threatening suicide on Skype, indicating a need for immediate intervention and support. The user is seeking a way to report the situation through a non-traditional platform, highlighting the boy's isolation and desperation. The mention of the boy's history of behavioral issues and his mother's passing adds to the urgency of the situation.\",\n    \"result\": \"SuicideWatch\"\n}"
    },
    {
      "index": 88,
      "label": "SuicideWatch",
      "response": "{\n    \"thought\": \"The user's post appears to be a jumbled and fragmented expression of hopelessness and despair. The use of all lowercase letters and numerous typos suggests a possible disconnect from reality and a lack of emotional regulation. The user also seems to be struggling with self-worth and possibly feelings of isolation.\",\n    \"result\": \"Depression\"\n}"
    },
    {
      "index": 89,
      "label": "SuicideWatch",
      "response": "{\n    \"thought\": \"The user's posts reveal a history of emotional abuse and neglect from family members, leading to feelings of isolation and desperation. The user's sister has distanced herself, and the user's mother has made hurtful comments. The user has a history of diagnosed learning disorders, cognitive issues, and severe anxiety. Despite these challenges, the user still holds onto hope, as evidenced by their attempts to reach out for help and their continued expressions of love for their sister.\",\n    \"result\": \"Depression\"\n}"
    },
    {
      "index": 90,
      "label": "SuicideWatch",
      "response": "{\n    \"thought\": \"The user's post reveals a sense of isolation, financial struggles, and relationship issues with family members, particularly the father. The user expresses feelings of depression and frustration, indicating a possible mental health concern.\",\n    \"result\": \"Depression\"\n}"
    },
    {
      "index": 91,
      "label": "SuicideWatch",
      "response": "{\n    \"thought\": \"The user's post expresses a deep sense of loss and despair, mentioning a 'narcstic can personality' that has caused them great pain. They seem to be struggling with the consequences of their past and are considering giving up on life. The text is fragmented and difficult to decipher, but the tone is unmistakably dark and hopeless.\",\n    \"result\": \"SuicideWatch\"\n}"
    },
    {
      "index": 92,
      "label": "SuicideWatch",
      "response": "{\n    \"thought\": \"The user is expressing a clear struggle with procrastination, which is affecting their academic performance and causing them emotional distress. They mention feeling overwhelmed and struggling to start tasks, despite knowing the consequences of putting things off. The user also expresses frustration and a sense of being stuck in this cycle.\",\n    \"result\": \"Anxiety\"\n}"
    },
    {
      "index": 93,
      "label": "SuicideWatch",
      "response": "{\n    \"thought\": \"The user expresses a sense of desperation and hopelessness, with a bleak outlook on life. They mention a fear of the unknown and a lack of joy in their 18 years of existence. They seem to be stuck in a rut and are searching for a change.\",\n    \"result\": \"Depression\"\n}"
    },
    {
      "index": 94,
      "label": "SuicideWatch",
      "response": "{\n    \"thought\": \"The user's post expresses a sense of desperation and frustration due to academic and financial pressures. They are struggling to cope with the consequences of past mistakes and are now facing a looming deadline with a partner's unresponsiveness adding to their stress.\",\n    \"result\": \"Anxiety\"\n}"
    },
    {
      "index": 95,
      "label": "SuicideWatch",
      "response": "{\n    \"thought\": \"The user's post reveals a history of struggles with mental health, including depression, suicidal thoughts, and anxiety. They describe feeling isolated and misunderstood by their family and friends, which has led to a sense of hopelessness and desperation. Despite facing numerous challenges, the user still holds onto life and expresses a desire to find help and improve their situation.\",\n    \"result\": \"Depression\"\n}"
    },
    {
      "index": 96,
      "label": "SuicideWatch",
      "response": "{\n    \"thought\": \"The user is showing empathy towards others and is aware of their own emotional state, indicating a level of self-awareness and concern for others. They are also expressing a desire for connection and are not giving up on life. However, the posts contain a mix of positive and negative emotions, with a focus on the user's feelings of boredom and frustration.\",\n    \"result\": \"Offmychest\"\n}"
    },
    {
      "index": 97,
      "label": "SuicideWatch",
      "response": "{\n    \"thought\": \"The user's post reveals a tumultuous emotional state, oscillating between different emotional connections and logical reasoning. The user seems to be reflecting on their emotional state, questioning whether they are overreacting or underreacting to their emotions. They express a sense of emotional exhaustion and a shift from being connected to their emotions to now being disconnected. Additionally, they mention self-harming and the energy they invest in others. This suggests a complex interplay between emotional regulation and social interactions.\",\n    \"result\": \"Bipolar\"\n}"
    },
    {
      "index": 98,
      "label": "SuicideWatch",
      "response": "{\n    \"thought\": \"The user's post appears to be a mix of random and incoherent statements, with references to death and a sense of impending doom. The text also includes a mention of pizza, which seems out of place in the context of the rest of the post. The user expresses a lack of gratitude and mentions a sense of hopelessness.\",\n    \"result\": \"SuicideWatch\"\n}"
    },
    {
      "index": 99,
      "label": "SuicideWatch",
      "response": "{\n    \"thought\": \"The user is expressing feelings of hurt and frustration after receiving harsh comments about their life. The user is likely sensitive to criticism and feels a strong need for validation.\",\n    \"result\": \"Depression\"\n}"
    }
  ]
}