{
  "SWMH_Low": [
    {
      "index": 0,
      "label": "Anxiety",
      "response": "{\n    \"thought\": \"The user describes a feeling of anxiety associated with sunsets, which has been present since childhood. They also mention experiencing depersonalization and dissociation. The user's use of disjointed and difficult-to-read sentences may also suggest some cognitive impairment. The combination of anxiety, dissociation, and cognitive impairment suggests a potential diagnosis of anxiety disorder.\",\n    \"result\": \"Anxiety\"\n}"
    },
    {
      "index": 1,
      "label": "Anxiety",
      "response": "<answer>\n{\n    \"thought\": \"The user mentions being diagnosed with CFS/ME and experiencing severe stress/anxiety. They also mention being bedridden for three months and only recently realizing the extent of their anxiety. The user is starting to challenge their anxious thoughts and has found improvements in their physical condition and ability to do more without crashing. However, the user is still struggling with anxiety and is wondering if it could be the cause of their symptoms.\",\n    \"result\": \"Anxiety\",\n}\n</answer>"
    },
    {
      "index": 2,
      "label": "Anxiety",
      "response": "<answer>\n{\n    \"thought\": \"The user's posts indicate a constant struggle with anxiety over various issues such as Net Neutrality and work-related problems. They also mention feeling overwhelmed and unable to control their anxiety, which are common symptoms of anxiety disorders. The user's use of words such as'super anxious' and 'over anxious' further supports this assessment.\",\n    \"result\": \"Anxiety\",\n}\n</answer>"
    },
    {
      "index": 3,
      "label": "Anxiety",
      "response": "<answer>\n{\n    \"thought\": \"The user is expressing a desire to drink alcohol and is unhappy about having to write. They also mention feeling depressed and sitting alone on a train. These behaviors and feelings could be indicative of depression.\",\n    \"result\": \"Depression\"\n}\n</answer>"
    },
    {
      "index": 4,
      "label": "Anxiety",
      "response": "<answer>\n{\n    \"thought\": \"The user's posts contain repeated mentions of anxiety, disorganization, and feelings of being overwhelmed. They also express frustration with their inability to control their environment and their own thoughts. These symptoms are indicative of anxiety disorder.\",\n    \"result\": \"Anxiety\"\n}\n</answer>"
    },
    {
      "index": 5,
      "label": "Anxiety",
      "response": "{\n    \"thought\": \"The user mentions having anxiety that they had under control for years but it has come back as they've gotten older and started drinking. They also mention frustration and feeling like an idiot, which are common symptoms of anxiety. They are considering going to the doctor to get help.\",\n    \"result\": \"Anxiety\"\n}"
    },
    {
      "index": 6,
      "label": "Anxiety",
      "response": "<answer>\n{\n    \"thought\": \"The user is experiencing anxiety due to sleep disturbances and is seeking advice from others who may have gone through similar experiences. The user also mentions losing their job and feeling stressed, which may be contributing factors to their anxiety.\",\n    \"result\": \"Anxiety\",\n}\n</answer>"
    },
    {
      "index": 7,
      "label": "Anxiety",
      "response": "<answer>\n{\n    \"thought\": \"The user is expressing symptoms of anxiety and potential depression, such as chest pains and feeling like they are nothing. The mention of nobody and the no-door phrase suggest a sense of isolation and hopelessness, which are common in depression. However, the user also mentions chest pains, which could indicate anxiety as well. Given the combination of these symptoms, the most likely mental disorder is depression.\",\n    \"result\": \"Depression\"\n}\n</answer>"
    },
    {
      "index": 8,
      "label": "Anxiety",
      "response": "<answer>\n{\n    \"thought\": \"The user's posts suggest a preoccupation with fear and anxiety, as well as a sense of emptiness and lack of fulfillment in life. The user also seems to be seeking enlightenment and a sense of purpose. These symptoms are consistent with anxiety disorder.\",\n    \"result\": \"Anxiety\",\n}\n</answer>"
    },
    {
      "index": 9,
      "label": "Anxiety",
      "response": "<answer>\n{\n    \"thought\": \"The user is expressing anxiety and fear of not meeting the expectations of others, which is a common symptom of anxiety disorder. The user is also experiencing a sense of pressure to perform well and is worried about disappointing others, which further supports the diagnosis of anxiety disorder.\",\n    \"result\": \"Anxiety\",\n}\n</answer>"
    },
    {
      "index": 10,
      "label": "Anxiety",
      "response": "<answer>\n{\n    \"thought\": \"The user expresses feelings of being disconnected from everyone and everything around them, as well as experiencing anxiety and panic. They also mention having digestive issues and feeling like they need to call 9-1-1 due to their fear of whatever is going on within them. The user's posts suggest that they may be experiencing anxiety and panic attacks, which could be indicative of an anxiety disorder.\",\n    \"result\": \"Anxiety\",\n}\n</answer>"
    },
    {
      "index": 11,
      "label": "Anxiety",
      "response": "<answer>\n{\n    \"thought\": \"The user expresses a sense of desperation and loss of control in their relationship with their girlfriend. They mention feeling like they are losing her and that she is not communicating with them. This could suggest feelings of anxiety and a lack of trust in the relationship, which may be contributing to the user's mental state.\",\n    \"result\": \"Anxiety\",\n}\n</answer>"
    },
    {
      "index": 12,
      "label": "Anxiety",
      "response": "<answer>\n{\n    \"thought\": \"The user expresses a lot of anxiety and fear of being alone, and mentions having suicidal ideation and urges to harm themselves. They also mention being diagnosed with GAD and having intrusive thoughts. They express a fear of being burdened with guilt for living their life while their partner is away. These symptoms align with the criteria for a diagnosis of anxiety.\",\n    \"result\": \"Anxiety\"\n}\n</answer>"
    },
    {
      "index": 13,
      "label": "Anxiety",
      "response": "<answer>\n{\n    \"thought\": \"The user's obsessive thoughts about a bump on their lips and the fear of herpes suggest potential symptoms of OCD (Obsessive-Compulsive Disorder). The user's anxiety and panic attacks during the ERP session, as well as their fear of rejection and abandonment from their partner, further suggest anxiety-related issues.\",\n    \"result\": \"Anxiety\"\n}\n</answer>"
    },
    {
      "index": 14,
      "label": "Anxiety",
      "response": "{\n    \"thought\": \"The user's posts contain vague and fragmented thoughts, which may indicate difficulties with communication or cognitive processing. The user also mentions feeling overwhelmed and unable to cope, which could be indicative of anxiety. Additionally, the user mentions a preference for solitude and a dislike of certain environments, which could be related to social anxiety or avoidance behaviors. Overall, the user's posts suggest a possible diagnosis of anxiety.\",\n    \"result\": \"Anxiety\"\n}"
    },
    {
      "index": 15,
      "label": "Anxiety",
      "response": "<answer>\n{\n    \"thought\": \"The user's post suggests that they are feeling upset and down about a package they received that had the wrong item in it. They mention that it should be an easy fix, but they are still feeling upset and let down. The use of words like \"upset\" and \"let down\" suggest that the user may be experiencing some anxiety.\",\n    \"result\": \"Anxiety\",\n}\n</answer>"
    },
    {
      "index": 16,
      "label": "Anxiety",
      "response": "<answer>\n{\n    \"thought\": \"The user's posts indicate a high level of anxiety, as evidenced by the user's description of feeling \"electricity\" and \"tension\" throughout the day. Additionally, the user mentions having difficulty focusing and circling the \"YES\" bubble on the question about whether they would be better off dead, indicating a potential suicidal ideation. The user also mentions experiencing sadness and depression, as well as a lack of motivation to do anything. These symptoms are consistent with a diagnosis of anxiety and depression. However, the user's mention of a \"knot of thread tangling\" in their stomach and feeling as if their thoughts are insurmountable may also indicate a potential diagnosis of bipolar disorder. However, without further information or assessment, it is difficult to determine the most appropriate diagnosis.\",\n    \"result\": \"Anxiety\"\n}\n</answer>"
    },
    {
      "index": 17,
      "label": "Anxiety",
      "response": "<answer>\n{\n    \"thought\": \"The user mentions feeling down and having a fever after taking Zoloft, which is a medication commonly used to treat depression. They also mention not enjoying playing games and having a depressed mood. These symptoms are consistent with depression.\",\n    \"result\": \"Depression\",\n}\n</answer>"
    },
    {
      "index": 18,
      "label": "Anxiety",
      "response": "<answer>\n{\n    \"thought\": \"The user is seeking help for moderate work anxiety and is looking for natural supplements to reduce it. The user is experiencing anxiety at the beginning of their shift and is looking for remedies to help manage it.\",\n    \"result\": \"Anxiety\"\n}\n</answer>"
    },
    {
      "index": 19,
      "label": "Anxiety",
      "response": "<answer>\n{\n    \"thought\": \"The user is asking about the causes of anxiety and whether it can be caused by a past event or trauma. They also mention that their therapist believes there is always a hidden event causing someone's anxiety. The user seems to be seeking information and understanding about their own anxiety.\",\n    \"result\": \"Anxiety\",\n}\n</answer>"
    },
    {
      "index": 20,
      "label": "Bipolar",
      "response": "<answer>\n{\n    \"thought\": \"The user has a history of depression and manic episodes, which are common symptoms of bipolar disorder. They have also been diagnosed with ADHD and are currently taking medication for both conditions. The user's use of phrases such as \"brand new person\" and \"seeking help has changed my life\" suggest that they have recently made significant changes in their life, which is often a symptom of bipolar disorder. Additionally, the user's mention of stigma and fear of seeking help suggests that they may be struggling with feelings of shame or embarrassment, which is also common in bipolar disorder. Overall, the user's history of mood swings, medication use, and recent life changes suggest that they may have bipolar disorder.\",\n    \"result\": \"Bipolar\"\n}\n</answer>"
    },
    {
      "index": 21,
      "label": "Bipolar",
      "response": "{\n    \"thought\": \"The user expresses a lot of stress and anxiety about coordinating meals and dealing with their sister and husband. They mention a history of mega blowouts and feeling like they are on the verge of a breakdown. The user also mentions a recent car accident that almost happened, which further adds to their stress. The user's use of words such as \"impending super sttttressedL\" and \"freeaaking\" suggest a high level of anxiety and stress.\",\n    \"result\": \"Anxiety\"\n}"
    },
    {
      "index": 22,
      "label": "Bipolar",
      "response": "<answer>\n{\n    \"thought\": \"The user expresses frustration with their psychiatrist's medication choices, specifically questioning why they were not prescribed mood stabilizers like Depakote. They also mention researching online and expressing concern about the side effects of Zyprexa. This indicates a lack of trust in their healthcare provider and potential anxiety about their treatment plan.\",\n    \"result\": \"Anxiety\"\n}\n</answer>"
    },
    {
      "index": 23,
      "label": "Bipolar",
      "response": "{\n    \"thought\": \"The user's mother has been diagnosed with bipolar disorder and has been on various medications. The user has noticed significant changes in their mother's behavior and emotional state after the medications were changed. The user has been trying to support their mother and has noticed some improvement in her cognitive abilities. However, the user is concerned about their mother's current state and the potential long-term effects of the medications. The user is seeking advice from others who have gone through a similar experience.\",\n    \"result\": \"Bipolar\"\n}"
    },
    {
      "index": 24,
      "label": "Bipolar",
      "response": "{\n    \"thought\": \"The user has been recently diagnosed with bipolar disorder and has been prescribed medication. They are expressing uncertainty and confusion about what to expect and are not feeling well. This suggests a potential struggle with managing the disorder and its symptoms.\",\n    \"result\": \"Bipolar\"\n}"
    },
    {
      "index": 25,
      "label": "Bipolar",
      "response": "<answer>\n{\n    \"thought\": \"The user is seeking pharmacological relief for anxiety and OCD, which indicates that they are experiencing significant distress. The user also mentions that they have bipolar disorder with ultra-rapid cycling, which can increase the risk of suicidal behavior. Therefore, it is crucial to monitor the user for suicidal ideation and ensure that they receive appropriate care.\",\n    \"result\": \"SuicideWatch\"\n}\n</answer>"
    },
    {
      "index": 26,
      "label": "Bipolar",
      "response": "<answer>\n{\n    \"thought\": \"The user mentions that they have bipolar disorder, which suggests that their impulsive behavior may be a symptom of the disorder. They also mention that they have lost money due to their impulsive behavior, which is a common symptom of bipolar disorder. Additionally, the user's sudden decision to drop classes and their lack of concern for textbook prices and other expenses suggest that they may be experiencing a manic episode, which is a common symptom of bipolar disorder.\",\n    \"result\": \"Bipolar\"\n}\n</answer>"
    },
    {
      "index": 27,
      "label": "Bipolar",
      "response": "<answer>\n{\n    \"thought\": \"The user's post indicates a struggle with bipolar disorder, as they mention mood swings and a stressful experience with getting their medication.\",\n    \"result\": \"Bipolar\"\n}\n</answer>"
    },
    {
      "index": 28,
      "label": "Bipolar",
      "response": "<answer>\n{\n    \"thought\": \"The user's posts indicate a history of dissociation episodes, which can be a symptom of dissociative disorders. The user also mentions being scared of losing their mind, which could indicate anxiety or panic. The user's posts are disjointed and difficult to follow, which could be a symptom of a cognitive disorder such as dementia or Alzheimer's. However, based on the user's posts, the most likely mental disorder is Dissociative Disorder.\",\n    \"result\": \"Dissociative Disorder\"\n}\n</answer>"
    },
    {
      "index": 29,
      "label": "Bipolar",
      "response": "<answer>\n{\n    \"thought\": \"The user is experiencing flashbacks of their hypomanic and manic episodes, which are causing them anger and shame. They feel like their identity has been stained and they are being condescended to by others who know about their bipolar disorder. They have lost the desire to see anyone and feel suicidal. They are unsure if they are losing stability or if this is a result of being stabilized. They feel like they are constantly haunted by these flashbacks and are unsure what to do besides cutting out the people who remind them of these episodes. The user's posts suggest a potential mental disorder of Bipolar, as they mention their diagnosis and the symptoms they are experiencing.\",\n    \"result\": \"Bipolar\",\n}\n</answer>"
    },
    {
      "index": 30,
      "label": "Bipolar",
      "response": "<answer>\n{\n    \"thought\": \"The user's posts suggest that they are experiencing anxiety related to the holidays and are struggling to cope with stress. The user is also expressing a sense of disconnection from the world around them, which could indicate feelings of depression or isolation. However, there is no indication of suicidal thoughts or bipolar tendencies in the posts. Therefore, the most likely mental disorder that the user is experiencing is anxiety.\",\n    \"result\": \"Anxiety\",\n}\n</answer>"
    },
    {
      "index": 31,
      "label": "Bipolar",
      "response": "<answer>\n{\n    \"thought\": \"The user's posts show a pattern of erratic and disjointed thoughts, which may be indicative of a manic episode. The user also mentions experiencing \"synchronicities\" and \"epodes\" that may be delusional in nature, further supporting a diagnosis of Bipolar Disorder.\",\n    \"result\": \"Bipolar\",\n}\n</answer>"
    },
    {
      "index": 32,
      "label": "Bipolar",
      "response": "<answer>\n{\n    \"thought\": \"The user's post mentions a relationship between the time of year and their mood, specifically experiencing manic episodes in the late winter and fall. This suggests a pattern of behavior that is influenced by seasonal changes, which is a common symptom of Bipolar Disorder. Additionally, the user mentions that the river never flows the same, indicating a sense of instability and unpredictability that is also characteristic of Bipolar Disorder.\",\n    \"result\": \"Bipolar\"\n}\n</answer>"
    },
    {
      "index": 33,
      "label": "Bipolar",
      "response": "<answer>\n{\n    \"thought\": \"The user is experiencing significant stress and anxiety due to their job termination and is seeking support from others who may have had similar experiences. They are struggling with basic daily functions and are experiencing feelings of isolation and hopelessness. The user's language and tone suggest a high level of distress and emotional instability.\",\n    \"result\": \"Anxiety\"\n}\n</answer>"
    },
    {
      "index": 34,
      "label": "Bipolar",
      "response": "<answer>\n{\n    \"thought\": \"The user is experiencing a lack of medication for their bipolar disorder and is struggling to obtain a refill from their doctor. They mention feeling anxious and frustrated with the situation. The user also mentions seeing multiple doctors for a bone infection, which could contribute to their stress levels.\",\n    \"result\": \"Bipolar\"\n}\n</answer>"
    },
    {
      "index": 35,
      "label": "Bipolar",
      "response": "<answer>\n{\n    \"thought\": \"The user expresses feelings of self-hatred and insecurity, which are common symptoms of depression. The user also mentions a tendency to criticize and berate themselves, which is a characteristic of depression. Additionally, the user mentions not enjoying activities, which is a symptom of depression. There is no mention of mania, which would indicate bipolar disorder, or suicidal thoughts, which would indicate a need for suicide watch. The user's tendency to self-criticize and their lack of enjoyment in activities align more with depression than anxiety or offmychest.\",\n    \"result\": \"Depression\",\n}\n</answer>"
    },
    {
      "index": 36,
      "label": "Bipolar",
      "response": "<answer>\n{\n    \"thought\": \"The user is experiencing anxiety and feeling foggy during a visit to a psychiatrist. They also mention having a disorder and trying various methods to manage themselves, such as yoga, exercise, therapy, journaling, and church. The user also mentions trusting medical professionals and feeling that they deal with such issues all day. However, the user feels that the people closest to them may not notice their changes and may not be empathetic. The user also mentions a psychiatrist suggesting that they may be borderline manic. Overall, the user's post suggests a potential mental disorder of anxiety, as they are experiencing anxiety during the visit to the psychiatrist and mention feeling anxious and foggy. \",\n    \"result\": \"Anxiety\"\n}\n</answer>"
    },
    {
      "index": 37,
      "label": "Bipolar",
      "response": "{\n    \"thought\": \"The user has expressed suicidal thoughts and is currently taking medication to manage their mental health. They mention that they haven't had suicidal thoughts in a while but have experienced a recent crash. They also mention that they are struggling to function and are consuming a lot of video games. They express a desire to stop this behavior and seem to be seeking help. Based on this, the user may be experiencing depression.\",\n    \"result\": \"Depression\"\n}"
    },
    {
      "index": 38,
      "label": "Bipolar",
      "response": "<answer>\n{\n    \"thought\": \"The user mentions 'winter depression' twice, which suggests that they may be experiencing symptoms of depression. The mention of 'bursting through' and'medica' suggests that the user may be feeling overwhelmed or struggling with their mental health. The lack of coherence in the user's posts could indicate that they are experiencing cognitive difficulties, which can be a symptom of depression.\",\n    \"result\": \"Depression\",\n}\n</answer>"
    },
    {
      "index": 39,
      "label": "Bipolar",
      "response": "<answer>\n{\n    \"thought\": \"The user mentions having no family history and a list of diagnoses including bipolar disorder. They also mention genetic testing and having read reports about markers for bipolar disorder. Additionally, they mention a lack of a gentle breeze, which could indicate a sense of isolation or loneliness. This could suggest a potential mental disorder related to mood swings and emotional instability, such as bipolar disorder.\",\n    \"result\": \"Bipolar\"\n}\n</answer>"
    },
    {
      "index": 40,
      "label": "Depression",
      "response": "<answer>\n{\n    \"thought\": \"The user's posts contain themes of substance abuse, emotional instability, and a lack of enjoyment in life. These are common symptoms of depression.\",\n    \"result\": \"Depression\",\n}\n</answer>"
    },
    {
      "index": 41,
      "label": "Depression",
      "response": "{\n    \"thought\": \"The user has experienced a number of traumatic events throughout their life, including surgeries, moving to a foreign country, legal issues, and relationship problems. The user has also been dealing with financial struggles and a lack of support from their partner. These experiences have led to feelings of depression, anxiety, and isolation. The user has expressed frustration and hopelessness, and has considered seeking psychiatric help.\",\n    \"result\": \"Depression\"\n}"
    },
    {
      "index": 42,
      "label": "Depression",
      "response": "<answer>\n{\n    \"thought\": \"The user is expressing a lot of sadness and feeling out of place, indicating potential depression. They are also mentioning feeling scared and overwhelmed by their friends' success, which further reinforces this assessment.\",\n    \"result\": \"Depression\",\n}\n</answer>"
    },
    {
      "index": 43,
      "label": "Depression",
      "response": "<answer>\n{\n    \"thought\": \"The user's posts seem to be fragmented and difficult to understand, suggesting that they may be struggling with disorganized thinking or communication difficulties. Additionally, the user mentions not wanting to pay for something and feeling isolated, which could indicate depressive symptoms.\",\n    \"result\": \"Depression\",\n}\n</answer>"
    },
    {
      "index": 44,
      "label": "Depression",
      "response": "{\n    \"thought\": \"The user is experiencing heightened emotions and feels overwhelmed by even the smallest negative comments. They also mention feeling depressed and not being able to smile or feel anything. Additionally, they express a desire to be comforted and held, suggesting a need for emotional support. These symptoms are consistent with depression.\",\n    \"result\": \"Depression\",\n}"
    },
    {
      "index": 45,
      "label": "Depression",
      "response": "<answer>\n{\n    \"thought\": \"The user expresses anxiety about going to therapy and talking to the therapist. The user is already experiencing physical symptoms of anxiety, such as shaking and losing sleep. The user also mentions feeling anxious about leaving the house and struggling to talk to people. These symptoms and thoughts are consistent with anxiety disorder.\",\n    \"result\": \"Anxiety\"\n}\n</answer>"
    },
    {
      "index": 46,
      "label": "Depression",
      "response": "<answer>\n{\n    \"thought\": \"The user's posts indicate a strong sense of hopelessness and despair. The user mentions contemplating suicide and taking pills, indicating a high level of distress. The user also expresses a sense of futility and frustration with life, stating that it is \"bullshit\" and that they are tired of living. The user also mentions an upcoming exam and expresses anxiety about not doing well. These symptoms are consistent with depression.\",\n    \"result\": \"Depression\"\n}\n</answer>"
    },
    {
      "index": 47,
      "label": "Depression",
      "response": "<answer>\n{\n    \"thought\": \"The user seems to be expressing feelings of loneliness and difficulty in making friends. They mention not seeing their old friends and finding it hard to make new ones, which could be indicative of social anxiety or depression. However, the user also seems to be seeking connection and mentions wanting friends, which could suggest that they are not completely isolated or disconnected from others. Overall, the user's posts seem to indicate a struggle with social relationships and possibly feelings of sadness or isolation.\",\n    \"result\": \"Depression\",\n}\n</answer>"
    },
    {
      "index": 48,
      "label": "Depression",
      "response": "{\n    \"thought\": \"The user is expressing a lack of emotions and feeling disconnected from their experiences, which could indicate depression. They are struggling to grieve for their grandfather and are feeling numb and uninterested in things they used to enjoy. They mention a lack of emotions and feeling like they are on auto-pilot, which are common symptoms of depression.\",\n    \"result\": \"Depression\",\n}"
    },
    {
      "index": 49,
      "label": "Depression",
      "response": "<answer>\n{\n    \"thought\": \"The user is expressing feelings of failure, anxiety, and disconnection from their life. They are struggling with daily tasks, feeling overwhelmed, and experiencing sleep disturbances. They are also considering taking a break from school, which suggests a lack of motivation and interest in their current situation. The user also mentions feeling happy and content when they are at home with their friends, which could indicate a sense of homesickness and discomfort with their current environment. These symptoms and feelings are indicative of depression.\",\n    \"result\": \"Depression\",\n}\n</answer>"
    },
    {
      "index": 50,
      "label": "Depression",
      "response": "<answer>\n{\n    \"thought\": \"The user expresses frustration and exhaustion with venting to friends about their problems, indicating a sense of burden and feeling like they are dragging others down. They also mention feeling worse after venting, which suggests a lack of relief or resolution from talking about their issues. This suggests that the user may be struggling with feelings of depression, as they are overwhelmed by their problems and feel like they are a burden to others.\",\n    \"result\": \"Depression\"\n}\n</answer>"
    },
    {
      "index": 51,
      "label": "Depression",
      "response": "<answer>\n{\n    \"thought\": \"The user's posts express a sense of emptiness and disconnection from the world around them. They mention feeling like a shell of their former self and envy people who have passion and drive. They also mention not appreciating simple things and not using their phone. These symptoms could indicate depression, which often includes feelings of emptiness, lack of interest in activities, and social withdrawal.\",\n    \"result\": \"Depression\",\n}\n</answer>"
    },
    {
      "index": 52,
      "label": "Depression",
      "response": "<answer>\n{\n    \"thought\": \"The user is expressing a lot of anxiety and uncertainty about what to do in a situation where a close friend has been accused of sexual harassment/rape. They are feeling stuck and alone, and are struggling to choose between cutting ties with their friend or hurting a relationship that is important to them. The user is also expressing a sense of isolation and depression. Overall, the user's emotional state suggests that they may be experiencing anxiety or depression.\",\n    \"result\": \"Anxiety\",\n}\n</answer>"
    },
    {
      "index": 53,
      "label": "Depression",
      "response": "<answer>\n{\n    \"thought\": \"The user expresses a lot of negative emotions such as terror, pain, and darkness, indicating a potential struggle with depression. They also mention feeling alone and wishing they could reach out to others, which further supports the assessment of depression. Additionally, the user mentions their family and how they are lucky to have them, which suggests that they may be experiencing some level of gratitude or positive emotions, but overall the negative emotions and themes of loneliness and pain seem to dominate their posts.\",\n    \"result\": \"Depression\"\n}\n</answer>"
    },
    {
      "index": 54,
      "label": "Depression",
      "response": "{\n  \"thought\": \"The user is expressing feelings of worthlessness, failure, and emotional trauma. They are also mentioning lashing out at people they love, which could indicate a lack of control over their emotions. Additionally, they mention struggling with sleep and having big dreams, which could suggest that they are under a lot of stress and pressure. All of these factors could indicate depression.\",\n  \"result\": \"Depression\"\n}"
    },
    {
      "index": 55,
      "label": "Depression",
      "response": "<answer>\n{\n    \"thought\": \"The user expresses concern for a friend who is experiencing severe depression and has a history of depression and alcoholism. The friend has spiraled into a severe episode of depression and has mentioned harming himself. The user is looking for ways to support the friend from a distance and has noticed weight loss and lack of self-care. The user also mentions feeling depressed themselves and having recently bought a gun.\",\n    \"result\": \"Depression\"\n}\n</answer>"
    },
    {
      "index": 56,
      "label": "Depression",
      "response": "<answer>\n{\n    \"thought\": \"The user's posts reveal a lack of motivation, energy, and a negative outlook on life. They express feelings of hopelessness and a lack of direction, and seem to be struggling with self-esteem and confidence. They also mention being criticized by others and feeling like they don't fit in. These are common symptoms of depression.\",\n    \"result\": \"Depression\",\n}\n</answer>"
    },
    {
      "index": 57,
      "label": "Depression",
      "response": "{\n    \"thought\": \"The user seems to be experiencing a lack of motivation and social skills, which could indicate a potential mental disorder. The user also mentions feeling stressed and anxious, which could be signs of anxiety or depression. However, the user's post does not contain any explicit statements about suicidal thoughts or bipolar symptoms, so those disorders are less likely. Based on the content of the post, the user's main concern seems to be their lack of motivation and social skills, which could be related to depression or anxiety. Therefore, the most likely mental disorder for this user is Depression.\",\n    \"result\": \"Depression\"\n}"
    },
    {
      "index": 58,
      "label": "Depression",
      "response": "{\n    \"thought\": \"The user expresses a strong desire to die and feels stuck in life. They mention feeling exhausted and disappointed with their current situation. The user also talks about feeling isolated and struggling with relationships. These symptoms are commonly associated with depression.\",\n    \"result\": \"Depression\"\n}"
    },
    {
      "index": 59,
      "label": "Depression",
      "response": "<answer>\n{\n    \"thought\": \"The user expresses feelings of failure, isolation, and low self-esteem, which are common symptoms of depression. They also mention feeling like a burden to others and having no answers for their problems, which can be associated with depression. The user's lack of motivation and feeling disconnected from others further supports this assessment.\",\n    \"result\": \"Depression\"\n}\n</answer>"
    },
    {
      "index": 60,
      "label": "Offmychest",
      "response": "{\n    \"thought\": \"The user mentions that they have a perfect life with a loving boyfriend, good job, supportive family, and close friends. They also have a dream opportunity coming up. However, they mention feeling pressure from work, friends, and family, and sometimes cut themselves on their legs. They express feeling like they don't deserve their perfect life and feel heated way to here. This suggests that despite their outwardly perfect life, they may be experiencing underlying anxiety and possibly depression.\",\n    \"result\": \"Anxiety\"\n}"
    },
    {
      "index": 61,
      "label": "Offmychest",
      "response": "<answer>\n{\n    \"thought\": \"The user's posts suggest a pattern of avoidance and fear of intimacy. The user expresses a desire to avoid relationships and a belief that relationships are not worth the mental exhaustion. The user also mentions a past experience where they were rejected by someone they had a crush on, which may have contributed to their current avoidance behavior. Additionally, the user expresses a belief that most people are idiots or unable to control their emotions, which may suggest a lack of trust in others. Overall, the user's posts suggest a pattern of anxiety and avoidance of relationships, which could be indicative of an anxiety disorder.\",\n    \"result\": \"Anxiety\"\n}\n</answer>"
    },
    {
      "index": 62,
      "label": "Offmychest",
      "response": "<answer>\n{\n    \"thought\": \"The user is expressing frustration and annoyance with a new friend who is only interested in talking about herself and doesn't listen to the user. This behavior is indicative of narcissism, which is a potential mental disorder.\",\n    \"result\": \"Anxiety\"\n}\n</answer>"
    },
    {
      "index": 63,
      "label": "Offmychest",
      "response": "<answer>\n{\n    \"thought\": \"The user describes a positive experience of spending New Year's Eve alone, without any drama or conflicts with others. They mention ignoring social invitations and choosing to spend time with themselves and their pet. The user also mentions a rollercoaster of a year but wanting to start the new year fresh. There is no indication of anxiety, suicidal thoughts, bipolar tendencies, depression, or off-the-cuff comments.\",\n    \"result\": \"Offmychest\",\n}\n</answer>"
    },
    {
      "index": 64,
      "label": "Offmychest",
      "response": "<answer>\n{\n    \"thought\": \"The user is experiencing financial difficulties and debt, which is causing them significant stress and anxiety. They are also worried about their cat's health and the cost of the vet bill. Additionally, they mention that they cannot afford to take days off work and feel unappreciated by their family. These factors suggest that the user may be experiencing depression.\",\n    \"result\": \"Depression\",\n}\n</answer>"
    },
    {
      "index": 65,
      "label": "Offmychest",
      "response": "<answer>\n{\n    \"thought\": \"The user's posts contain negative emotions towards the government and the country's situation, indicating a sense of hopelessness and frustration. This could be a sign of depression, as the user has lost faith in the country and feels overwhelmed by the problems they see. The user's tone is also angry and frustrated, which could be a symptom of bipolar disorder. However, the overall tone and content of the posts suggest that depression is the most likely mental disorder.\",\n    \"result\": \"Depression\"\n}\n</answer>"
    },
    {
      "index": 66,
      "label": "Offmychest",
      "response": "<answer>\n{\n    \"thought\": \"The user seems to be expressing frustration and disappointment with the lack of attention given to a recent shooting incident involving a white person. They also mention a perceived double standard in how different groups are treated. The user's tone appears to be one of anger and frustration, but there is no clear indication of a specific mental disorder based on this post alone.\",\n    \"result\": \"Offmychest\"\n}\n</answer>"
    },
    {
      "index": 67,
      "label": "Offmychest",
      "response": "{\n    \"thought\": \"The user is expressing anxiety and concern for their mother's health, as well as feelings of isolation and difficulty sleeping. They also mention wanting to talk to someone about their feelings, which suggests a desire for emotional support.\",\n    \"result\": \"Anxiety\"\n}"
    },
    {
      "index": 68,
      "label": "Offmychest",
      "response": "{\n    \"thought\": \"The user expresses concern for a new girlfriend of their abusive ex, who has admitted to having mental health issues but has not sought help. The user is worried about the potential for the new girlfriend to be abused and wants to warn her about the ex's behavior. However, the user acknowledges that it may not be their problem and that their attempts to help may not be well received.\",\n    \"result\": \"Anxiety\"\n}"
    },
    {
      "index": 69,
      "label": "Offmychest",
      "response": "{\n    \"thought\": \"The user expresses frustration and sadness about the lack of intimacy in their relationship, and how they want to do different things. They also mention feeling lonely and resentful towards their partner, and struggling with feelings of guilt and self-hatred. These emotions and thoughts suggest that the user may be experiencing symptoms of depression.\",\n    \"result\": \"Depression\"\n}"
    },
    {
      "index": 70,
      "label": "Offmychest",
      "response": "{\n  \"thought\": \"The user's posts suggest a pattern of instability and emotional turmoil in their marriage. The user mentions feeling degrading and unloved by their spouse, and expresses a desire to end the marriage. They also mention a history of emotional affairs and distrust between them and their spouse. This suggests a potential diagnosis of depression or anxiety, as the user seems to be struggling with negative thoughts and feelings about their relationship.\",\n  \"result\": \"Depression\"\n}"
    },
    {
      "index": 71,
      "label": "Offmychest",
      "response": "<answer>\n{\n    \"thought\": \"The user's posts suggest that they are struggling with trauma and fear related to their past experiences with online sexual encounters. They express feelings of guilt and shame, and seem to be struggling with emotional regulation. The user also mentions feeling choked and paranoid, which could be indicative of anxiety. They also mention not being able to handle emotions well, which could be related to depression. However, based on the overall tone and content of the posts, anxiety seems to be the most prominent mental health concern.\",\n    \"result\": \"Anxiety\",\n}\n</answer>"
    },
    {
      "index": 72,
      "label": "Offmychest",
      "response": "<answer>\n{\n    \"thought\": \"The user's posts indicate a preoccupation with death and suicide, suggesting a potential risk of suicide. The user mentions wanting to \"commit\" and \"try\" to end their life, which are red flags for suicidal ideation. Additionally, the user's statements about being \"nowhere\" and \"trying\" to end their life suggest a lack of hope and a sense of being trapped in their situation, which are also common signs of suicidal thinking.\",\n    \"result\": \"SuicideWatch\",\n}\n</answer>"
    },
    {
      "index": 73,
      "label": "Offmychest",
      "response": "<answer>\n{\n    \"thought\": \"The user seems to be experiencing significant anxiety and dread about the upcoming holidays with their grandmother. They are tasked with preparing the meal, but their grandmother constantly questions and criticizes their cooking, causing the user to feel overwhelmed and stressed. The user also mentions feeling frustrated and anxious about taking their grandmother on errands and dealing with her lack of mobility, eyesight, dexterity, and short-term memory. These symptoms indicate that the user is likely experiencing anxiety.\",\n    \"result\": \"Anxiety\",\n}\n</answer>"
    },
    {
      "index": 74,
      "label": "Offmychest",
      "response": "{\n    \"thought\": \"The user's posts indicate a history of relationship issues, emotional overload, and a recent traumatic event with the death of their brother. They also express uncertainty about their future with their girlfriend and mention being overwhelmed by family members asking about their relationship. The user's emotional state seems to be one of confusion, anxiety, and possibly depression.\",\n    \"result\": \"Depression\"\n}"
    },
    {
      "index": 75,
      "label": "Offmychest",
      "response": "{\n    \"thought\": \"The user's post describes a chaotic and dangerous situation, with a thief causing an emergency in the condo and the user chasing after the thief. The user also mentions feeling pain from a fall and not being able to feel their heartbeat, which may suggest a state of heightened anxiety or panic. The user's language is also somewhat erratic and disjointed, which may suggest a lack of emotional regulation or control. Overall, the post suggests a high level of stress and anxiety, which may be indicative of an anxiety disorder.\",\n    \"result\": \"Anxiety\"\n}"
    },
    {
      "index": 76,
      "label": "Offmychest",
      "response": "{\n    \"thought\": \"The user's posts indicate a pattern of negative self-talk and self-doubt, as well as a tendency to overthink and ruminate. The user also expresses a sense of being unhappy and miserable, despite having a loving relationship and having lost significant weight. These symptoms suggest that the user may be struggling with depression, as they are not able to feel consistently happy or satisfied with their life. Additionally, the user mentions feeling anxious and nervous, which could also be indicative of anxiety. However, the primary issue seems to be the user's negative self-talk and inability to feel consistently happy, which aligns more closely with depression.\",\n    \"result\": \"Depression\"\n}"
    },
    {
      "index": 77,
      "label": "Offmychest",
      "response": "{\n    \"thought\": \"The user expresses feelings of worthlessness, hopelessness, and despair. They mention being unable to find work, feeling worthless, and having no energy to function on a day-to-day basis. They also mention feeling guilty for eating more than they contribute. These symptoms are consistent with depression.\",\n    \"result\": \"Depression\"\n}"
    },
    {
      "index": 78,
      "label": "Offmychest",
      "response": "<answer>\n{\n    \"thought\": \"The user's posts contain fragmented sentences and incoherent thoughts, indicating a possible thought disorder. The user also expresses feelings of insignificance and hopelessness, which are common symptoms of depression. Additionally, the user mentions saving themselves, which could suggest suicidal ideation. However, the overall tone and content of the posts suggest a more depressive state rather than a bipolar or anxiety disorder. Therefore, the user may be experiencing depression.\",\n    \"result\": \"Depression\",\n}\n</answer>"
    },
    {
      "index": 79,
      "label": "Offmychest",
      "response": "{\n    \"thought\": \"The user is expressing a desire to give up their life and mentions not planning on going for education. The user also seems to be struggling with self-esteem issues and feelings of inadequacy, as evidenced by the mention of being a beautiful princess and not being loved. These signs suggest the possibility of suicidal thoughts and a lack of motivation, which are common symptoms of depression.\",\n    \"result\": \"Depression\"\n}"
    },
    {
      "index": 80,
      "label": "SuicideWatch",
      "response": "<answer>\n{\n    \"thought\": \"The user is expressing thoughts of suicide and is questioning their reason for living. They also mention feeling unfulfilled and having family issues, which could be contributing factors to their mental state.\",\n    \"result\": \"SuicideWatch\"\n}\n</answer>"
    },
    {
      "index": 81,
      "label": "SuicideWatch",
      "response": "{\n    \"thought\": \"The user has expressed a strong desire to end their life and has even set a specific year for it. They also mention that they do not want to be a burden to their loved ones, which is a common sentiment among people who are struggling with depression and suicidal thoughts. The user's tone is also very apologetic and they seem to be trying to make peace with their decision. These factors suggest that the user may be experiencing depression and suicidal ideation.\",\n    \"result\": \"Depression\"\n}"
    },
    {
      "index": 82,
      "label": "SuicideWatch",
      "response": "{\n    \"thought\": \"The user is expressing intense grief and sadness over the impending loss of their mother, who has been diagnosed with a terminal lung disease. The user is also struggling with feelings of isolation and loneliness, as they are a college student living away from their mother. The user is contemplating suicide, indicating a high level of distress and hopelessness. Overall, the user's posts suggest a potential diagnosis of depression, given the intense emotional pain and hopelessness expressed.\",\n    \"result\": \"Depression\",\n}"
    },
    {
      "index": 83,
      "label": "SuicideWatch",
      "response": "{\n    \"thought\": \"The user is expressing feelings of overwhelming stress and emotional sensitivity, mentioning multiple sources of stress in their life including an abusive family, a recent breakup, financial problems, and health issues. They mention feeling like they are barely holding it together and express a desire to talk to someone. This suggests that they are experiencing symptoms of depression and may be at risk of suicide.\",\n    \"result\": \"Depression\"\n}"
    },
    {
      "index": 84,
      "label": "SuicideWatch",
      "response": "{\n    \"thought\": \"The user expresses suicidal thoughts and mentions that they feel out of touch with reality. They also mention that their current lifestyle is unsustainable and that they have unrealistic goals that they feel are impossible to meet. These factors suggest that the user may be experiencing depression.\",\n    \"result\": \"Depression\"\n}"
    },
    {
      "index": 85,
      "label": "SuicideWatch",
      "response": "<answer>\n{\n    \"thought\": \"The user seems to be expressing thoughts of suicide and asking for help in remembering what their loved ones would do if they died. The user also mentions that they are not trying to be strong. These thoughts and emotions are consistent with the mental disorder of depression.\",\n    \"result\": \"Depression\",\n}\n</answer>"
    },
    {
      "index": 86,
      "label": "SuicideWatch",
      "response": "{\n    \"thought\": \"The user mentions having been part of a website that deals with suicide and having a role as a councillor. They express pride in helping others and not losing anyone, but also mention feeling like they have spiralled downward and reached out for help for the first time. Additionally, the user mentions having scars from self-harm and feeling incredibly bad. These signs point towards the user experiencing depression, as they are struggling with negative emotions and self-harm.\",\n    \"result\": \"Depression\"\n}"
    },
    {
      "index": 87,
      "label": "SuicideWatch",
      "response": "<answer>\n{\n    \"thought\": \"The user is concerned about a 12-year-old boy who is threatening suicide on Skype and has a history of cutting. The user only knows the boy's Skype ID and location, and is unsure how to report this to Skype or help the boy.\",\n    \"result\": \"SuicideWatch\"\n}\n</answer>"
    },
    {
      "index": 88,
      "label": "SuicideWatch",
      "response": "{\n    \"thought\": \"The user is expressing feelings of worthlessness and hopelessness, and is questioning the purpose of continuing to live. This suggests a potential risk for suicidal thoughts and behavior.\",\n    \"result\": \"SuicideWatch\"\n}"
    },
    {
      "index": 89,
      "label": "SuicideWatch",
      "response": "<answer>\n{\n    \"thought\": \"The user expresses suicidal ideation and anger towards their family members. They mention being diagnosed with learning disorders, cognitive issues, and severe anxiety, indicating a potential underlying mental health condition. The user also mentions feeling ignored and unappreciated by their family members, which may contribute to their feelings of anger and frustration. The user's desire for revenge and suicidal thoughts indicate a high risk of self-harm or harm towards others. Therefore, the mental disorder that best matches this user is SuicideWatch.\",\n    \"result\": \"SuicideWatch\"\n}\n</answer>"
    },
    {
      "index": 90,
      "label": "SuicideWatch",
      "response": "<answer>\n{\n    \"thought\": \"The user expresses feelings of depression, lack of fun in life, and feeling unloved. They also mention money problems and family conflicts. They express frustration with their father and lack of communication with their mother. The user also mentions trying drugs and alcohol and feeling stupid for making poor financial decisions. The user's post also contains some disorganized and fragmented thoughts, suggesting a potential mood disorder such as depression or bipolar disorder.\",\n    \"result\": \"Depression\"\n}\n</answer>"
    },
    {
      "index": 91,
      "label": "SuicideWatch",
      "response": "<answer>\n{\n    \"thought\": \"The user is expressing feelings of hopelessness and despair, suggesting that they may be experiencing depression. The user also mentions a narcissistic personality destroying their life, which could contribute to feelings of depression. The user's posts contain fragmented sentences and thoughts, which may indicate difficulty in concentrating or organizing thoughts, a common symptom of depression.\",\n    \"result\": \"Depression\",\n}\n</answer>"
    },
    {
      "index": 92,
      "label": "SuicideWatch",
      "response": "{\n    \"thought\": \"The user is expressing feelings of frustration and hopelessness due to their procrastination and inability to complete tasks, which is causing them significant distress and impacting their academic performance. They also mention feeling like they are wasting time and hurting their family, which suggests a sense of guilt and self-blame. Additionally, they express a desire to harm themselves, which is a concerning symptom that may indicate a risk for suicide. Overall, these symptoms suggest that the user may be experiencing symptoms of depression, particularly the negative thoughts and feelings of worthlessness and hopelessness.\",\n    \"result\": \"Depression\"\n}"
    },
    {
      "index": 93,
      "label": "SuicideWatch",
      "response": "<answer>\n{\n    \"thought\": \"The user's posts indicate a sense of hopelessness, despair, and a desire to end their life. They mention feeling tired of everything and having no joy in life. They also mention being scared and not knowing what to expect. These statements suggest a high risk of suicide, and therefore the appropriate assessment would be SuicideWatch.\",\n    \"result\": \"SuicideWatch\",\n}\n</answer>"
    },
    {
      "index": 94,
      "label": "SuicideWatch",
      "response": "<answer>\n{\n    \"thought\": \"The user is expressing feelings of frustration, exhaustion, and hopelessness. They mention being in a lot of debt due to past mistakes and feeling like everything is hard. They also mention having a project due and feeling overwhelmed by the lack of response from their partner. The user's use of capital letters and excessive punctuation suggests a high level of emotional distress. This suggests the potential for anxiety or depression.\",\n    \"result\": \"Anxiety\",\n}\n</answer>"
    },
    {
      "index": 95,
      "label": "SuicideWatch",
      "response": "{\n    \"thought\": \"The user has described a history of depression, social anxiety, and suicidal thoughts. They have mentioned past experiences of bullying, cheating partners, and feeling unwelcome by family members. They also mention having scars on their arms from self-harm. These symptoms align with the criteria for Depression.\",\n    \"result\": \"Depression\"\n}"
    },
    {
      "index": 96,
      "label": "SuicideWatch",
      "response": "<answer>\n{\n    \"thought\": \"The user's posts contain language and themes that suggest a potential for suicide, such as feeling helpless and hopeless, as well as references to death and killing oneself. The user also expresses a lack of interest in life and a sense of being bored and dissatisfied, which can be indicative of depression. However, the user's primary concern seems to be their current emotional state and the potential for self-harm, which aligns with the SuicideWatch category.\",\n    \"result\": \"SuicideWatch\",\n}\n</answer>"
    },
    {
      "index": 97,
      "label": "SuicideWatch",
      "response": "<answer>\n{\n    \"thought\": \"The user is expressing a desire to contemplate suicide and has a history of self-harming behaviors. The user also mentions feeling emotionally turbulent and drained, which suggests a potential for depression. However, the user's casual tone and focus on external activities such as gardening and swimming suggest that the user may not be in immediate danger of harming themselves. Therefore, the user's posts are most consistent with Offmychest.\",\n    \"result\": \"Offmychest\"\n}\n</answer>"
    },
    {
      "index": 98,
      "label": "SuicideWatch",
      "response": "<answer>\n{\n    \"thought\": \"The user expresses suicidal thoughts and a sense of hopelessness, indicating a high risk for suicide.\",\n    \"result\": \"SuicideWatch\",\n}\n</answer>"
    },
    {
      "index": 99,
      "label": "SuicideWatch",
      "response": "<answer>\n{\n    \"thought\": \"The user is expressing feelings of hurt and frustration due to someone bashing their life and saying how much they hate them. They also mention that words hurt and they are going to get out of this situation. Additionally, they mention not being called by their family. These feelings of rejection and lack of support may contribute to a potential mental disorder.\",\n    \"result\": \"Depression\",\n}\n</answer>"
    }
  ]
}