{
  "SWMH_Low": [
    {
      "index": 0,
      "label": "Anxiety",
      "response": "Depression"
    },
    {
      "index": 1,
      "label": "Anxiety",
      "response": "Anxiety"
    },
    {
      "index": 2,
      "label": "Anxiety",
      "response": "{\n    \"thought\": \"User experiences anxiety and feels out of control in the face of various life challenges, particularly the Net Neutrality issue. This anxiety affects their ability to work and enjoy daily activities.\",\n    \"result\": \"Anxiety\"\n}"
    },
    {
      "index": 3,
      "label": "Anxiety",
      "response": "{\n    \"thought\": \"The user expresses feelings of sadness and frustration, possibly struggling with depression.\",\n    \"result\": \"Depression\"\n}"
    },
    {
      "index": 4,
      "label": "Anxiety",
      "response": "{\n    \"thought\": \"The user's posts mention feelings of anxiety, extreme organization, disorganization, and messiness. They also mention difficulty finding a place of education and lack of exercise benefits.\",\n    \"result\": \"Anxiety\"\n}"
    },
    {
      "index": 5,
      "label": "Anxiety",
      "response": "Offmychest"
    },
    {
      "index": 6,
      "label": "Anxiety",
      "response": "{\n    \"thought\": \"The user is experiencing sleep difficulties, job loss, and high levels of stress and anxiety.\",\n    \"result\": \"Anxiety\"\n}"
    },
    {
      "index": 7,
      "label": "Anxiety",
      "response": "Offmychest"
    },
    {
      "index": 8,
      "label": "Anxiety",
      "response": "{\n    \"thought\": \"The user seems to be experiencing some difficulty with anxiety and fear. They also mention that life is not fulfilling and that they have a desire to learn about psychology. There are also signs of sadness and depression.\",\n    \"result\": \"Depression\"\n}"
    },
    {
      "index": 9,
      "label": "Anxiety",
      "response": "Offmychest"
    },
    {
      "index": 10,
      "label": "Anxiety",
      "response": "Depression"
    },
    {
      "index": 11,
      "label": "Anxiety",
      "response": "Offmychest"
    },
    {
      "index": 12,
      "label": "Anxiety",
      "response": "Based on the content of your post, it appears you are experiencing separation anxiety disorder (SAD) and generalized anxiety disorder (GAD) alongside depression. The fear of being alone, the need for perfection in relationships, and the intrusive thoughts you've described indicate that you may also be struggling with suicidal ideation. You are actively seeking help and engaging with a relationship counselor, which is commendable. It's important to remember that seeking support and maintaining open communication with your partner is crucial in managing these challenges. Keep working on building healthy coping mechanisms and prioritizing self-care to support your mental well-being."
    },
    {
      "index": 13,
      "label": "Anxiety",
      "response": "Offmychest"
    },
    {
      "index": 14,
      "label": "Anxiety",
      "response": "{\n    \"thought\": \"Analyzing the user's posts, it seems that there are multiple grammatical errors and some phrases are repetitive. It appears the user is struggling to express themselves clearly.\",\n    \"result\": \"Offmychest\"\n}"
    },
    {
      "index": 15,
      "label": "Anxiety",
      "response": "SuicideWatch"
    },
    {
      "index": 16,
      "label": "Anxiety",
      "response": "Based on the user's post, it seems they are experiencing anxiety, depression, and sadness. Their anxious thoughts are causing them significant tension and making it difficult for them to focus. The user has been struggling with these issues for a long time and has tried various methods to cope with them. The user also mentions the desire to change and make space in their life for self-improvement. Additionally, they have started meditation as a means to manage their anxiety. Overall, the user is going through a tough time, and it's important for them to seek help and support."
    },
    {
      "index": 17,
      "label": "Anxiety",
      "response": "Anxiety"
    },
    {
      "index": 18,
      "label": "Anxiety",
      "response": "Anxiety"
    },
    {
      "index": 19,
      "label": "Anxiety",
      "response": "Depression"
    },
    {
      "index": 20,
      "label": "Bipolar",
      "response": "Offmychest"
    },
    {
      "index": 21,
      "label": "Bipolar",
      "response": "Offmychest"
    },
    {
      "index": 22,
      "label": "Bipolar",
      "response": "SuicideWatch"
    },
    {
      "index": 23,
      "label": "Bipolar",
      "response": "Based on the provided information, it appears that your mother may be experiencing symptoms of Bipolar Disorder. The manic episode, depression, and the various medications she has been prescribed are consistent with this diagnosis. It is essential for her to work closely with her psychiatrist and continue seeking professional help to manage her symptoms."
    },
    {
      "index": 24,
      "label": "Bipolar",
      "response": "Bipolar"
    },
    {
      "index": 25,
      "label": "Bipolar",
      "response": "{\n    \"thought\": \"The user is seeking relief from OCD and anxiety symptoms, mentioning Gabapentin and Buspirone as possible treatments. They are already in therapy.\",\n    \"result\": \"Offmychest\"\n}"
    },
    {
      "index": 26,
      "label": "Bipolar",
      "response": "Offmychest"
    },
    {
      "index": 27,
      "label": "Bipolar",
      "response": "Bipolar"
    },
    {
      "index": 28,
      "label": "Bipolar",
      "response": "Offmychest"
    },
    {
      "index": 29,
      "label": "Bipolar",
      "response": "{\n    \"thought\": \"I constantly experience flashbacks, anger, and shame, and worry about losing my stability.\",\n    \"result\": \"Depression\"\n}"
    },
    {
      "index": 30,
      "label": "Bipolar",
      "response": "Offmychest"
    },
    {
      "index": 31,
      "label": "Bipolar",
      "response": "{\n    \"thought\": \"The user seems to be experiencing a mix of unusual experiences, such as synchronicities, coincidences, and psychotic episodes. They also mention feeling detached from reality and struggling with keys. This seems to be a possible indication of a mental health issue.\",\n    \"result\": \"Anxiety\"\n}"
    },
    {
      "index": 32,
      "label": "Bipolar",
      "response": "Offmychest"
    },
    {
      "index": 33,
      "label": "Bipolar",
      "response": "SuicideWatch"
    },
    {
      "index": 34,
      "label": "Bipolar",
      "response": "Depression"
    },
    {
      "index": 35,
      "label": "Bipolar",
      "response": "SuicideWatch"
    },
    {
      "index": 36,
      "label": "Bipolar",
      "response": "{\n    \"thought\": \"The user has been trying various methods to manage their mental health without success and has decided to try medication.\",\n    \"result\": \"Bipolar\"\n}"
    },
    {
      "index": 37,
      "label": "Bipolar",
      "response": "{\n    \"thought\": \"The user mentions having suicidal thoughts and is taking medication for depression.\",\n    \"result\": \"Depression\"\n}"
    },
    {
      "index": 38,
      "label": "Bipolar",
      "response": "Anxiety"
    },
    {
      "index": 39,
      "label": "Bipolar",
      "response": "Offmychest"
    },
    {
      "index": 40,
      "label": "Depression",
      "response": "Offmychest"
    },
    {
      "index": 41,
      "label": "Depression",
      "response": "Offmychest"
    },
    {
      "index": 42,
      "label": "Depression",
      "response": "Bipolar"
    },
    {
      "index": 43,
      "label": "Depression",
      "response": "Offmychest"
    },
    {
      "index": 44,
      "label": "Depression",
      "response": "{\n    \"thought\": \"I am experiencing feelings of sadness, anxiety, and difficulty in controlling my emotions.\",\n    \"result\": \"Depression\"\n}"
    },
    {
      "index": 45,
      "label": "Depression",
      "response": "Offmychest"
    },
    {
      "index": 46,
      "label": "Depression",
      "response": "Depression"
    },
    {
      "index": 47,
      "label": "Depression",
      "response": "{\n    \"thought\": \"The user struggles to make friends and finds it hard to connect with others, which may be due to their introverted nature or past experiences.\",\n    \"result\": \"Offmychest\"\n}"
    },
    {
      "index": 48,
      "label": "Depression",
      "response": "SuicideWatch"
    },
    {
      "index": 49,
      "label": "Depression",
      "response": "Based on the user's description of their struggles with daily tasks, low GPa, difficulty falling asleep, and feelings of hopelessness and emptiness, as well as a history of anxiety and depression, I would assess that this user is experiencing symptoms of Major Depressive Disorder (Depression) and Anxiety."
    },
    {
      "index": 50,
      "label": "Depression",
      "response": "Offmychest"
    },
    {
      "index": 51,
      "label": "Depression",
      "response": "Offmychest"
    },
    {
      "index": 52,
      "label": "Depression",
      "response": "Bipolar"
    },
    {
      "index": 53,
      "label": "Depression",
      "response": "Depression"
    },
    {
      "index": 54,
      "label": "Depression",
      "response": "Depression"
    },
    {
      "index": 55,
      "label": "Depression",
      "response": "Depression"
    },
    {
      "index": 56,
      "label": "Depression",
      "response": "Depression"
    },
    {
      "index": 57,
      "label": "Depression",
      "response": "Based on the user's statements, it is apparent that they are struggling with motivation, social skills, and academic issues. Their lack of motivation is affecting their ability to complete tasks, such as laundry and homework. The user also reports feeling stressed and isolated, with limited social interactions. The user's grades seem to be a significant concern, possibly leading to a suspension.\n\nConsidering the various issues mentioned, the most fitting diagnosis, in my opinion, is:\n\n- Depression: The user's statements about their lack of motivation, struggles with social interactions, and academic difficulties, as well as the mention of stress and the possibility of a suspension, suggest a possible depression."
    },
    {
      "index": 58,
      "label": "Depression",
      "response": "SuicideWatch"
    },
    {
      "index": 59,
      "label": "Depression",
      "response": "Depression"
    },
    {
      "index": 60,
      "label": "Offmychest",
      "response": "Bipolar"
    },
    {
      "index": 61,
      "label": "Offmychest",
      "response": "Depression"
    },
    {
      "index": 62,
      "label": "Offmychest",
      "response": "SuicideWatch"
    },
    {
      "index": 63,
      "label": "Offmychest",
      "response": "{\n    \"thought\": \"The user spent New Year's alone, but found enjoyment in self-care activities and appreciating the quietness.\",\n    \"result\": \"Offmychest\"\n}"
    },
    {
      "index": 64,
      "label": "Offmychest",
      "response": "SuicideWatch"
    },
    {
      "index": 65,
      "label": "Offmychest",
      "response": "Offmychest"
    },
    {
      "index": 66,
      "label": "Offmychest",
      "response": "Bipolar"
    },
    {
      "index": 67,
      "label": "Offmychest",
      "response": "Depression"
    },
    {
      "index": 68,
      "label": "Offmychest",
      "response": "Based on the post, there are multiple concerns to address. However, the most apparent is the user's anxiety about their new girlfriend potentially being involved with an abusive past. There is also a mention of the user's own abusive ex and how he struggled with issues and needed help. The user expresses worry that their new girlfriend might not receive help if she needs it. Additionally, there is a sense of self-awareness regarding their own mental health and struggles.\n\nThe most probable mental disorder here is likely Anxiety, as the user is displaying concerns for their new girlfriend, themselves, and their own past experiences with abuse. This seems to be causing anxiety about the situation and the potential for future negative consequences."
    },
    {
      "index": 69,
      "label": "Offmychest",
      "response": "Based on the content of the post, I would say the user is experiencing feelings of frustration, sadness, and loneliness in their relationship. They also mention feelings of guilt and resentment. Anxiety may be a possible factor as well."
    },
    {
      "index": 70,
      "label": "Offmychest",
      "response": "Based on the provided information, the user is experiencing a significant amount of stress and emotional distress in their relationship. This appears to be a combination of trust issues, communication difficulties, and the emotional impact of past events. The user's feelings of being degraded in the bedroom also contribute to their overall dissatisfaction. It is essential for the user to seek professional help and engage in couples therapy to address these issues and work towards rebuilding trust and communication within their relationship."
    },
    {
      "index": 71,
      "label": "Offmychest",
      "response": "Depression"
    },
    {
      "index": 72,
      "label": "Offmychest",
      "response": "SuicideWatch"
    },
    {
      "index": 73,
      "label": "Offmychest",
      "response": "Anxiety"
    },
    {
      "index": 74,
      "label": "Offmychest",
      "response": "The user has displayed symptoms of anxiety and possibly depression in their post. They mention feeling like they're in a trap, struggling with relationships, and struggling with feelings of guilt and regret."
    },
    {
      "index": 75,
      "label": "Offmychest",
      "response": "Anxiety"
    },
    {
      "index": 76,
      "label": "Offmychest",
      "response": "Based on the user's post, I would say the most likely mental disorder is:\n\n- Anxiety"
    },
    {
      "index": 77,
      "label": "Offmychest",
      "response": "SuicideWatch"
    },
    {
      "index": 78,
      "label": "Offmychest",
      "response": "{\n    \"thought\": \"The user appears to be struggling with feelings of worthlessness and confusion about their place in the world.\",\n    \"result\": \"Depression\"\n}"
    },
    {
      "index": 79,
      "label": "Offmychest",
      "response": "Offmychest"
    },
    {
      "index": 80,
      "label": "SuicideWatch",
      "response": "Offmychest"
    },
    {
      "index": 81,
      "label": "SuicideWatch",
      "response": "Anxiety"
    },
    {
      "index": 82,
      "label": "SuicideWatch",
      "response": "Depression"
    },
    {
      "index": 83,
      "label": "SuicideWatch",
      "response": "Anxiety"
    },
    {
      "index": 84,
      "label": "SuicideWatch",
      "response": "SuicideWatch"
    },
    {
      "index": 85,
      "label": "SuicideWatch",
      "response": "{\n    \"thought\": \"The user talks about calling someone, being reminded of their loved ones, and their parents dealing with the aftermath of their death. The user also mentions not trying to buy something, which could suggest difficulty with concentration or an inability to focus.\",\n    \"result\": \"Depression\"\n}"
    },
    {
      "index": 86,
      "label": "SuicideWatch",
      "response": "Bipolar"
    },
    {
      "index": 87,
      "label": "SuicideWatch",
      "response": "Bipolar"
    },
    {
      "index": 88,
      "label": "SuicideWatch",
      "response": "{\n    \"thought\": \"Assessing potential mental disorders based on the content of the user's posts\",\n    \"result\": \"Depression\"\n}"
    },
    {
      "index": 89,
      "label": "SuicideWatch",
      "response": "Anxiety"
    },
    {
      "index": 90,
      "label": "SuicideWatch",
      "response": "The user appears to be struggling with financial difficulties, relationship issues with their father, and feelings of loneliness and worthlessness. They also mention feeling depressed, which may be affecting their daily life. The combination of these factors may be contributing to their emotional state. Therefore, the result is:\n\n{\n    \"thought\": \"The user is dealing with a range of personal challenges that may be contributing to their emotional distress.\",\n    \"result\": \"Depression\"\n}"
    },
    {
      "index": 91,
      "label": "SuicideWatch",
      "response": "Offmychest"
    },
    {
      "index": 92,
      "label": "SuicideWatch",
      "response": "Bipolar"
    },
    {
      "index": 93,
      "label": "SuicideWatch",
      "response": "Depression"
    },
    {
      "index": 94,
      "label": "SuicideWatch",
      "response": "Depression"
    },
    {
      "index": 95,
      "label": "SuicideWatch",
      "response": "The user appears to be struggling with severe depression, past relationship issues, and past suicidal thoughts. They have tried to cope with their mental health struggles alone, and have tried to seek support from friends but feel unable to confide in them extensively. The user has scars on their arms, possibly from self-harm, and has attempted to take their own life on multiple occasions. They have also experienced social isolation and difficulties in maintaining stable relationships. This individual could greatly benefit from professional help and a supportive community."
    },
    {
      "index": 96,
      "label": "SuicideWatch",
      "response": "Offmychest"
    },
    {
      "index": 97,
      "label": "SuicideWatch",
      "response": "Offmychest"
    },
    {
      "index": 98,
      "label": "SuicideWatch",
      "response": "{\n    \"thought\": \"The user is experiencing a mix of negative emotions, including hopelessness, frustration, and despair.\",\n    \"result\": \"SuicideWatch\"\n}"
    },
    {
      "index": 99,
      "label": "SuicideWatch",
      "response": "SuicideWatch"
    }
  ]
}